FIPS,County,State,"Credit Card Delinquency Rate, 2024","Percent Change in Credit Card Delinquency Rate, 2022 to 2024","Number of Residents with a Credit Card Delinquency, 2024"
1001,"Autauga County, Alabama",Alabama,5.7,17.4,1376
1003,"Baldwin County, Alabama",Alabama,5.4,44.299999,6005
1005,"Barbour County, Alabama",Alabama,9.7,45.099998,810
1007,"Bibb County, Alabama",Alabama,7.1,1.7,562
1009,"Blount County, Alabama",Alabama,8.5,41.700001,1912
1011,"Bullock County, Alabama",Alabama,10.2,14.4,366
1013,"Butler County, Alabama",Alabama,10.3,30.700001,618
1015,"Calhoun County, Alabama",Alabama,7.7,29.5,3214
1017,"Chambers County, Alabama",Alabama,8.5,40.299999,1030
1019,"Cherokee County, Alabama",Alabama,5.5,12.4,486
1021,"Chilton County, Alabama",Alabama,6.2,20.799999,1012
1023,"Choctaw County, Alabama",Alabama,10.7,33.900002,443
1025,"Clarke County, Alabama",Alabama,8,38.099998,643
1027,"Clay County, Alabama",Alabama,9.1,-17,414
1029,"Cleburne County, Alabama",Alabama,6.5,55.400002,365
1031,"Coffee County, Alabama",Alabama,6.2,41.200001,1342
1033,"Colbert County, Alabama",Alabama,7.2,18.799999,1600
1035,"Conecuh County, Alabama",Alabama,10.6,85.5,413
1037,"Coosa County, Alabama",Alabama,4.6,-20.799999,192
1039,"Covington County, Alabama",Alabama,8.1,19.299999,1125
1041,"Crenshaw County, Alabama",Alabama,8,39.299999,378
1043,"Cullman County, Alabama",Alabama,6.3,38.299999,2049
1045,"Dale County, Alabama",Alabama,7.8,32.400002,1411
1047,"Dallas County, Alabama",Alabama,11.5,42.299999,1351
1049,"DeKalb County, Alabama",Alabama,6.5,35.200001,1623
1051,"Elmore County, Alabama",Alabama,5.2,23.799999,2010
1053,"Escambia County, Alabama",Alabama,8.3,23.700001,1069
1055,"Etowah County, Alabama",Alabama,7.3,35.099998,2734
1057,"Fayette County, Alabama",Alabama,5.7,1.4,316
1059,"Franklin County, Alabama",Alabama,6,6.8000002,577
1061,"Geneva County, Alabama",Alabama,8.2,30.200001,767
1063,"Greene County, Alabama",Alabama,13.3,58.099998,291
1065,"Hale County, Alabama",Alabama,7.5,-3.0999999,371
1067,"Henry County, Alabama",Alabama,6.2,46.900002,479
1069,"Houston County, Alabama",Alabama,7.1,41.099998,3006
1071,"Jackson County, Alabama",Alabama,5.1,6.6999998,1014
1073,"Jefferson County, Alabama",Alabama,7.8,29.700001,20884
1075,"Lamar County, Alabama",Alabama,4.7,-5.9000001,230
1077,"Lauderdale County, Alabama",Alabama,5.6,38.200001,2123
1079,"Lawrence County, Alabama",Alabama,7.4,58.400002,857
1081,"Lee County, Alabama",Alabama,6,36,4692
1083,"Limestone County, Alabama",Alabama,4.9,46.299999,2314
1085,"Lowndes County, Alabama",Alabama,9.9,60.099998,297
1087,"Macon County, Alabama",Alabama,7.5,-39.799999,484
1089,"Madison County, Alabama",Alabama,5.3,49.299999,9733
1091,"Marengo County, Alabama",Alabama,7.8,45.200001,481
1093,"Marion County, Alabama",Alabama,6.2,23.1,596
1095,"Marshall County, Alabama",Alabama,6.5,37.799999,2160
1097,"Mobile County, Alabama",Alabama,8.9,32.299999,13914
1099,"Monroe County, Alabama",Alabama,8.1,47.799999,569
1101,"Montgomery County, Alabama",Alabama,9.6,35.700001,8016
1103,"Morgan County, Alabama",Alabama,5.3,15,2416
1105,"Perry County, Alabama",Alabama,12,-38.900002,283
1107,"Pickens County, Alabama",Alabama,7.5,-6.1999998,488
1109,"Pike County, Alabama",Alabama,7.9,19.9,976
1111,"Randolph County, Alabama",Alabama,6.8,29.5,555
1113,"Russell County, Alabama",Alabama,11.6,36.400002,2427
1115,"St. Clair County, Alabama",Alabama,6.9,43.400002,2581
1117,"Shelby County, Alabama",Alabama,5.1,43.400002,5371
1119,"Sumter County, Alabama",Alabama,10.5,29.200001,451
1121,"Talladega County, Alabama",Alabama,8.9,21.200001,2340
1123,"Tallapoosa County, Alabama",Alabama,6.5,35.799999,1049
1125,"Tuscaloosa County, Alabama",Alabama,8.6,35.299999,7797
1127,"Walker County, Alabama",Alabama,6.6,27.4,1468
1129,"Washington County, Alabama",Alabama,7.2,21,390
1131,"Wilcox County, Alabama",Alabama,11.9,33.5,383
1133,"Winston County, Alabama",Alabama,5.1,-6.9000001,455
2013,"Aleutians East Borough, Alaska",Alaska,NA,NA,NA
2016,"Aleutians West Census Area, Alaska",Alaska,10.5,82.699997,240
2020,"Anchorage Municipality, Alaska",Alaska,4.6,42.900002,6397
2050,"Bethel Census Area, Alaska",Alaska,6.6,71.699997,292
2060,"Bristol Bay Borough, Alaska",Alaska,NA,NA,NA
2063,"Chugach Census Area, Alaska",Alaska,2.8,50,105
2066,"Copper River Census Area, Alaska",Alaska,NA,NA,NA
2068,"Denali Borough, Alaska",Alaska,NA,NA,NA
2070,"Dillingham Census Area, Alaska",Alaska,NA,NA,NA
2090,"Fairbanks North Star Borough, Alaska",Alaska,3.8,39.700001,1754
2100,"Haines Borough, Alaska",Alaska,NA,NA,NA
2105,"Hoonah-Angoon Census Area, Alaska",Alaska,NA,NA,NA
2110,"Juneau City and Borough, Alaska",Alaska,2.1,-24.200001,372
2122,"Kenai Peninsula Borough, Alaska",Alaska,4.1,50.599998,1206
2130,"Ketchikan Gateway Borough, Alaska",Alaska,4.6,58.5,320
2150,"Kodiak Island Borough, Alaska",Alaska,3.3,-4.5999999,224
2158,"Kusilvak Census Area, Alaska",Alaska,NA,NA,NA
2164,"Lake and Peninsula Borough, Alaska",Alaska,NA,NA,NA
2170,"Matanuska-Susitna Borough, Alaska",Alaska,4.5,42.799999,2295
2180,"Nome Census Area, Alaska",Alaska,8.3,85.900002,235
2185,"North Slope Borough, Alaska",Alaska,9.1,75.300003,403
2188,"Northwest Arctic Borough, Alaska",Alaska,8.6,41,168
2195,"Petersburg Borough, Alaska",Alaska,5.9,76.699997,98
2198,"Prince of Wales-Hyder Census Area, Alaska",Alaska,10.4,59.900002,223
2220,"Sitka City and Borough, Alaska",Alaska,3.7,64.699997,158
2230,"Skagway Municipality, Alaska",Alaska,NA,NA,NA
2240,"Southeast Fairbanks Census Area, Alaska",Alaska,0.6,NA,< 50
2275,"Wrangell City and Borough, Alaska",Alaska,NA,NA,NA
2282,"Yakutat City and Borough, Alaska",Alaska,NA,NA,NA
2290,"Yukon-Koyukuk Census Area, Alaska",Alaska,7.4,100,143
4001,"Apache County, Arizona",Arizona,7.3,21.200001,1269
4003,"Cochise County, Arizona",Arizona,5,34.5,2675
4005,"Coconino County, Arizona",Arizona,5.3,41.900002,3354
4007,"Gila County, Arizona",Arizona,4.7,48.5,1086
4009,"Graham County, Arizona",Arizona,7.1,35.599998,970
4011,"Greenlee County, Arizona",Arizona,7.5,-3.5999999,247
4012,"La Paz County, Arizona",Arizona,7.4,22.6,500
4013,"Maricopa County, Arizona",Arizona,5.9,42.400002,117146
4015,"Mohave County, Arizona",Arizona,6.6,38.299999,6504
4017,"Navajo County, Arizona",Arizona,7.6,46.5,2644
4019,"Pima County, Arizona",Arizona,5.8,40,27678
4021,"Pinal County, Arizona",Arizona,6.8,49.299999,13915
4023,"Santa Cruz County, Arizona",Arizona,7.4,48.599998,1315
4025,"Yavapai County, Arizona",Arizona,4.2,43.099998,5029
4027,"Yuma County, Arizona",Arizona,6.4,36.5,5088
5001,"Arkansas County, Arkansas",Arkansas,11.9,25.200001,708
5003,"Ashley County, Arkansas",Arkansas,8.2,43.099998,503
5005,"Baxter County, Arkansas",Arkansas,4.6,6.3000002,861
5007,"Benton County, Arkansas",Arkansas,4.4,26.5,5702
5009,"Boone County, Arkansas",Arkansas,7.6,30.9,1130
5011,"Bradley County, Arkansas",Arkansas,10.3,78.199997,337
5013,"Calhoun County, Arkansas",Arkansas,5.2,-13.7,77
5015,"Carroll County, Arkansas",Arkansas,6.5,38.099998,698
5017,"Chicot County, Arkansas",Arkansas,8.9,26.6,264
5019,"Clark County, Arkansas",Arkansas,6.9,0.60000002,572
5021,"Clay County, Arkansas",Arkansas,9.6,61.200001,493
5023,"Cleburne County, Arkansas",Arkansas,5.9,54,622
5025,"Cleveland County, Arkansas",Arkansas,8.3,27.6,230
5027,"Columbia County, Arkansas",Arkansas,10.8,48,730
5029,"Conway County, Arkansas",Arkansas,7.6,10.1,640
5031,"Craighead County, Arkansas",Arkansas,8.8,34,3723
5033,"Crawford County, Arkansas",Arkansas,7.3,31.799999,1699
5035,"Crittenden County, Arkansas",Arkansas,12.5,17.6,1904
5037,"Cross County, Arkansas",Arkansas,8,17.799999,444
5039,"Dallas County, Arkansas",Arkansas,9.6,25,190
5041,"Desha County, Arkansas",Arkansas,8.7,14.5,298
5043,"Drew County, Arkansas",Arkansas,9.6,15.6,523
5045,"Faulkner County, Arkansas",Arkansas,7.1,37.900002,3788
5047,"Franklin County, Arkansas",Arkansas,8,40.599998,472
5049,"Fulton County, Arkansas",Arkansas,7.3,53.799999,318
5051,"Garland County, Arkansas",Arkansas,8,46,3458
5053,"Grant County, Arkansas",Arkansas,6.6,4.8000002,497
5055,"Greene County, Arkansas",Arkansas,9.2,33.799999,1482
5057,"Hempstead County, Arkansas",Arkansas,10.2,57.5,649
5059,"Hot Spring County, Arkansas",Arkansas,9.8,44.099998,1277
5061,"Howard County, Arkansas",Arkansas,10.2,43.900002,389
5063,"Independence County, Arkansas",Arkansas,7,32.099998,922
5065,"Izard County, Arkansas",Arkansas,4.3,-70.099998,229
5067,"Jackson County, Arkansas",Arkansas,8.3,24,472
5069,"Jefferson County, Arkansas",Arkansas,11,19.799999,2519
5071,"Johnson County, Arkansas",Arkansas,8.5,27.299999,797
5073,"Lafayette County, Arkansas",Arkansas,14.3,85.400002,282
5075,"Lawrence County, Arkansas",Arkansas,9.3,26.4,500
5077,"Lee County, Arkansas",Arkansas,4.2,-136.7,105
5079,"Lincoln County, Arkansas",Arkansas,6.1,-70.900002,295
5081,"Little River County, Arkansas",Arkansas,6,-21,242
5083,"Logan County, Arkansas",Arkansas,8.9,59.200001,677
5085,"Lonoke County, Arkansas",Arkansas,7.1,24,2193
5087,"Madison County, Arkansas",Arkansas,6.8,29.299999,415
5089,"Marion County, Arkansas",Arkansas,6.6,28.799999,469
5091,"Miller County, Arkansas",Arkansas,8,0.89999998,1071
5093,"Mississippi County, Arkansas",Arkansas,10.5,25.9,1201
5095,"Monroe County, Arkansas",Arkansas,12,38.299999,317
5097,"Montgomery County, Arkansas",Arkansas,1.6,NA,54
5099,"Nevada County, Arkansas",Arkansas,9.5,-18,219
5101,"Newton County, Arkansas",Arkansas,6.5,33,157
5103,"Ouachita County, Arkansas",Arkansas,11.5,37.400002,813
5105,"Perry County, Arkansas",Arkansas,11.6,67,451
5107,"Phillips County, Arkansas",Arkansas,13.1,41.900002,580
5109,"Pike County, Arkansas",Arkansas,3.2,-51.799999,131
5111,"Poinsett County, Arkansas",Arkansas,8.9,20,656
5113,"Polk County, Arkansas",Arkansas,5.4,26.5,394
5115,"Pope County, Arkansas",Arkansas,6.8,24.6,1750
5117,"Prairie County, Arkansas",Arkansas,7.3,58.700001,209
5119,"Pulaski County, Arkansas",Arkansas,7.8,30.200001,12394
5121,"Randolph County, Arkansas",Arkansas,10.4,39.599998,577
5123,"St. Francis County, Arkansas",Arkansas,12.6,35.400002,939
5125,"Saline County, Arkansas",Arkansas,6.4,27.200001,3504
5127,"Scott County, Arkansas",Arkansas,6.5,0.80000001,193
5129,"Searcy County, Arkansas",Arkansas,2.9,-75,82
5131,"Sebastian County, Arkansas",Arkansas,7.4,37.900002,3518
5133,"Sevier County, Arkansas",Arkansas,8.9,49.900002,424
5135,"Sharp County, Arkansas",Arkansas,7.8,5.3000002,491
5137,"Stone County, Arkansas",Arkansas,3.1,49.700001,161
5139,"Union County, Arkansas",Arkansas,10.4,28.1,1365
5141,"Van Buren County, Arkansas",Arkansas,11.2,65.5,676
5143,"Washington County, Arkansas",Arkansas,6,39.099998,6261
5145,"White County, Arkansas",Arkansas,6.5,26.5,1967
5147,"Woodruff County, Arkansas",Arkansas,6.4,-30.6,131
5149,"Yell County, Arkansas",Arkansas,6.9,19.1,484
6001,"Alameda County, California",California,3.6,44.900002,29967
6003,"Alpine County, California",California,NA,NA,NA
6005,"Amador County, California",California,5.3,52.200001,1075
6007,"Butte County, California",California,5.5,39.400002,5225
6009,"Calaveras County, California",California,4,50.299999,906
6011,"Colusa County, California",California,6,54.900002,491
6013,"Contra Costa County, California",California,4.5,48.5,25229
6015,"Del Norte County, California",California,7.7,41.200001,824
6017,"El Dorado County, California",California,3.4,40.700001,3277
6019,"Fresno County, California",California,7,47.200001,26624
6021,"Glenn County, California",California,8.6,60.099998,946
6023,"Humboldt County, California",California,4.3,32.299999,2619
6025,"Imperial County, California",California,7.1,51.599998,4146
6027,"Inyo County, California",California,3.6,25.1,314
6029,"Kern County, California",California,8.2,44.099998,26854
6031,"Kings County, California",California,7.7,45.900002,4507
6033,"Lake County, California",California,8.2,56.599998,2256
6035,"Lassen County, California",California,6.4,39.799999,895
6037,"Los Angeles County, California",California,5.7,48.299999,246793
6039,"Madera County, California",California,7.5,53.599998,4480
6041,"Marin County, California",California,2,41.900002,2682
6043,"Mariposa County, California",California,3.7,25.799999,307
6045,"Mendocino County, California",California,5.5,50.599998,2167
6047,"Merced County, California",California,8.2,47.099998,8276
6049,"Modoc County, California",California,6.8,37.5,239
6051,"Mono County, California",California,2.8,-17,192
6053,"Monterey County, California",California,5,48.5,8656
6055,"Napa County, California",California,4.3,35,2805
6057,"Nevada County, California",California,3.1,44.599998,1673
6059,"Orange County, California",California,3.9,45.799999,59024
6061,"Placer County, California",California,3.3,47.400002,6978
6063,"Plumas County, California",California,4.3,28,382
6065,"Riverside County, California",California,6.9,47.400002,72731
6067,"Sacramento County, California",California,5.9,47.799999,41941
6069,"San Benito County, California",California,6.3,68.199997,1815
6071,"San Bernardino County, California",California,7.7,47.5,68527
6073,"San Diego County, California",California,4.2,44.200001,67267
6075,"San Francisco County, California",California,2.6,40.700001,11944
6077,"San Joaquin County, California",California,6.8,45.900002,22028
6079,"San Luis Obispo County, California",California,3.5,48.200001,5035
6081,"San Mateo County, California",California,2.9,48.900002,11160
6083,"Santa Barbara County, California",California,4.3,47.900002,8591
6085,"Santa Clara County, California",California,2.8,43.900002,26768
6087,"Santa Cruz County, California",California,2.8,27.4,3805
6089,"Shasta County, California",California,5.6,43.099998,4438
6091,"Sierra County, California",California,2,NA,< 50
6093,"Siskiyou County, California",California,5.2,54.599998,997
6095,"Solano County, California",California,6.1,47.299999,12953
6097,"Sonoma County, California",California,3.7,50.400002,9081
6099,"Stanislaus County, California",California,7.4,47.700001,16122
6101,"Sutter County, California",California,6.7,49.400002,2796
6103,"Tehama County, California",California,7.5,43.799999,1912
6105,"Trinity County, California",California,3.1,14.9,218
6107,"Tulare County, California",California,7.9,48.700001,12953
6109,"Tuolumne County, California",California,5.3,48.700001,1373
6111,"Ventura County, California",California,4.2,47,16532
6113,"Yolo County, California",California,4.4,52.900002,4468
6115,"Yuba County, California",California,8.5,51.299999,2717
8001,"Adams County, Colorado",Colorado,6.5,42.599998,14975
8003,"Alamosa County, Colorado",Colorado,4.6,36.099998,300
8005,"Arapahoe County, Colorado",Colorado,5.3,46.599998,16767
8007,"Archuleta County, Colorado",Colorado,3.3,51.700001,234
8009,"Baca County, Colorado",Colorado,2.8,NA,< 50
8011,"Bent County, Colorado",Colorado,6.5,46.599998,129
8013,"Boulder County, Colorado",Colorado,2.5,36.599998,4640
8014,"Broomfield County, Colorado",Colorado,3.3,36,1358
8015,"Chaffee County, Colorado",Colorado,4.2,37.599998,464
8017,"Cheyenne County, Colorado",Colorado,NA,NA,NA
8019,"Clear Creek County, Colorado",Colorado,1.3,-113.1,74
8021,"Conejos County, Colorado",Colorado,6.4,40.200001,181
8023,"Costilla County, Colorado",Colorado,9.1,46.799999,131
8025,"Crowley County, Colorado",Colorado,15.9,78.400002,399
8027,"Custer County, Colorado",Colorado,1.5,NA,< 50
8029,"Delta County, Colorado",Colorado,3.5,32.400002,522
8031,"Denver County, Colorado",Colorado,4.8,35.799999,17312
8033,"Dolores County, Colorado",Colorado,3.4,NA,< 50
8035,"Douglas County, Colorado",Colorado,2.9,57.099998,5695
8037,"Eagle County, Colorado",Colorado,3.1,71.400002,923
8039,"Elbert County, Colorado",Colorado,2.6,43.5,383
8041,"El Paso County, Colorado",Colorado,5.3,38.599998,18849
8043,"Fremont County, Colorado",Colorado,6.5,17.9,1483
8045,"Garfield County, Colorado",Colorado,5.1,50.700001,1436
8047,"Gilpin County, Colorado",Colorado,3,46,99
8049,"Grand County, Colorado",Colorado,3.3,72,299
8051,"Gunnison County, Colorado",Colorado,1.7,81.5,155
8053,"Hinsdale County, Colorado",Colorado,NA,NA,NA
8055,"Huerfano County, Colorado",Colorado,5.9,40.099998,183
8057,"Jackson County, Colorado",Colorado,NA,NA,NA
8059,"Jefferson County, Colorado",Colorado,3.4,44.099998,10731
8061,"Kiowa County, Colorado",Colorado,NA,NA,NA
8063,"Kit Carson County, Colorado",Colorado,6.4,45.200001,198
8065,"Lake County, Colorado",Colorado,5.5,33.400002,216
8067,"La Plata County, Colorado",Colorado,2.9,28,861
8069,"Larimer County, Colorado",Colorado,3.5,34.299999,6686
8071,"Las Animas County, Colorado",Colorado,6.9,36.599998,429
8073,"Lincoln County, Colorado",Colorado,4.2,20.9,106
8075,"Logan County, Colorado",Colorado,5.1,44.200001,474
8077,"Mesa County, Colorado",Colorado,5.6,51.900002,4246
8079,"Mineral County, Colorado",Colorado,NA,NA,NA
8081,"Moffat County, Colorado",Colorado,5.7,13.2,342
8083,"Montezuma County, Colorado",Colorado,4.4,17.4,504
8085,"Montrose County, Colorado",Colorado,3.8,14,797
8087,"Morgan County, Colorado",Colorado,5.3,5.1999998,621
8089,"Otero County, Colorado",Colorado,6.3,2.2,471
8091,"Ouray County, Colorado",Colorado,3,49.599998,90
8093,"Park County, Colorado",Colorado,3.5,73,344
8095,"Phillips County, Colorado",Colorado,8.2,20.9,155
8097,"Pitkin County, Colorado",Colorado,1.6,45.400002,162
8099,"Prowers County, Colorado",Colorado,7.2,84.699997,314
8101,"Pueblo County, Colorado",Colorado,7.1,37.400002,5012
8103,"Rio Blanco County, Colorado",Colorado,2.9,18.5,91
8105,"Rio Grande County, Colorado",Colorado,3.4,-24.6,178
8107,"Routt County, Colorado",Colorado,1.8,-36.299999,262
8109,"Saguache County, Colorado",Colorado,6.1,67.599998,140
8111,"San Juan County, Colorado",Colorado,NA,NA,NA
8113,"San Miguel County, Colorado",Colorado,3.2,54.200001,154
8115,"Sedgwick County, Colorado",Colorado,1.6,NA,< 50
8117,"Summit County, Colorado",Colorado,2.8,64.5,493
8119,"Teller County, Colorado",Colorado,3.1,2.5,426
8121,"Washington County, Colorado",Colorado,5.8,59,129
8123,"Weld County, Colorado",Colorado,5.4,36.5,8484
8125,"Yuma County, Colorado",Colorado,4.8,50.799999,207
9001,"Fairfield County, Connecticut",Connecticut,4.4,42.900002,NA
9003,"Hartford County, Connecticut",Connecticut,5.7,35.799999,NA
9005,"Litchfield County, Connecticut",Connecticut,4.1,36.799999,NA
9007,"Middlesex County, Connecticut",Connecticut,4.3,43.900002,NA
9009,"New Haven County, Connecticut",Connecticut,6.7,41.299999,NA
9011,"New London County, Connecticut",Connecticut,5.3,35,NA
9013,"Tolland County, Connecticut",Connecticut,3.9,43.400002,NA
9015,"Windham County, Connecticut",Connecticut,5.9,22.200001,NA
10001,"Kent County, Delaware",Delaware,7.5,32,6112
10003,"New Castle County, Delaware",Delaware,6.4,36.200001,17274
10005,"Sussex County, Delaware",Delaware,4.9,44.200001,5956
11001,"District of Columbia, District of Columbia",District of Columbia,6,25.200001,18963
12001,"Alachua County, Florida",Florida,6,37.400002,7980
12003,"Baker County, Florida",Florida,8,33.5,939
12005,"Bay County, Florida",Florida,6.4,34,5179
12007,"Bradford County, Florida",Florida,7.1,1.9,821
12009,"Brevard County, Florida",Florida,5.8,40.099998,18081
12011,"Broward County, Florida",Florida,7.4,46,67342
12013,"Calhoun County, Florida",Florida,9.3,45.299999,480
12015,"Charlotte County, Florida",Florida,4.6,33.799999,4920
12017,"Citrus County, Florida",Florida,6.7,46.200001,5272
12019,"Clay County, Florida",Florida,7,47.299999,7362
12021,"Collier County, Florida",Florida,4,38.5,8222
12023,"Columbia County, Florida",Florida,10.1,44.099998,2721
12027,"DeSoto County, Florida",Florida,8.6,50.299999,1260
12029,"Dixie County, Florida",Florida,7.1,-6.5,438
12031,"Duval County, Florida",Florida,8.4,34.400002,37038
12033,"Escambia County, Florida",Florida,7.6,38.200001,10691
12035,"Flagler County, Florida",Florida,5.9,32.400002,3747
12037,"Franklin County, Florida",Florida,6.6,66.199997,384
12039,"Gadsden County, Florida",Florida,10.1,32,1594
12041,"Gilchrist County, Florida",Florida,5.6,11.4,444
12043,"Glades County, Florida",Florida,9.1,36.5,443
12045,"Gulf County, Florida",Florida,5.7,29.6,395
12047,"Hamilton County, Florida",Florida,6.8,17.700001,332
12049,"Hardee County, Florida",Florida,10.5,56.099998,915
12051,"Hendry County, Florida",Florida,7.6,5.8000002,1151
12053,"Hernando County, Florida",Florida,7.6,48,7414
12055,"Highlands County, Florida",Florida,8.3,44.599998,3865
12057,"Hillsborough County, Florida",Florida,7.4,45.400002,50233
12059,"Holmes County, Florida",Florida,5.1,-14.3,393
12061,"Indian River County, Florida",Florida,5.6,51,4781
12063,"Jackson County, Florida",Florida,7.5,21.799999,1320
12065,"Jefferson County, Florida",Florida,7.3,50.5,481
12067,"Lafayette County, Florida",Florida,5.4,-39.5,185
12069,"Lake County, Florida",Florida,6.6,40.799999,12954
12071,"Lee County, Florida",Florida,6.1,41.400002,24706
12073,"Leon County, Florida",Florida,7.5,45.599998,10454
12075,"Levy County, Florida",Florida,8,38.099998,1465
12077,"Liberty County, Florida",Florida,11.6,80.199997,360
12079,"Madison County, Florida",Florida,6.9,4.5999999,518
12081,"Manatee County, Florida",Florida,5.1,36.099998,10637
12083,"Marion County, Florida",Florida,8.3,46,14685
12085,"Martin County, Florida",Florida,4,50.200001,3425
12086,"Miami-Dade County, Florida",Florida,7.8,44.200001,94897
12087,"Monroe County, Florida",Florida,5.5,44.299999,2306
12089,"Nassau County, Florida",Florida,5.1,44.5,2417
12091,"Okaloosa County, Florida",Florida,5.4,41.799999,5398
12093,"Okeechobee County, Florida",Florida,7.9,32.599998,1313
12095,"Orange County, Florida",Florida,7.6,38.900002,49853
12097,"Osceola County, Florida",Florida,9,47,16243
12099,"Palm Beach County, Florida",Florida,5.6,43.099998,42362
12101,"Pasco County, Florida",Florida,7.1,41.799999,19940
12103,"Pinellas County, Florida",Florida,5.7,42,27648
12105,"Polk County, Florida",Florida,9.6,45.5,31315
12107,"Putnam County, Florida",Florida,9.3,35.400002,2602
12109,"St. Johns County, Florida",Florida,4.1,50.900002,6325
12111,"St. Lucie County, Florida",Florida,7.9,49.599998,13293
12113,"Santa Rosa County, Florida",Florida,5.4,41,4875
12115,"Sarasota County, Florida",Florida,4.4,44.700001,10632
12117,"Seminole County, Florida",Florida,5.8,33.900002,13638
12119,"Sumter County, Florida",Florida,2.7,21.700001,2210
12121,"Suwannee County, Florida",Florida,7.4,43.700001,1303
12123,"Taylor County, Florida",Florida,9.9,62.299999,777
12125,"Union County, Florida",Florida,10.3,30.299999,652
12127,"Volusia County, Florida",Florida,7.3,44.799999,20173
12129,"Wakulla County, Florida",Florida,7.5,41,1184
12131,"Walton County, Florida",Florida,5.6,54.099998,2049
12133,"Washington County, Florida",Florida,6.5,10.8,685
13001,"Appling County, Georgia",Georgia,9.4,43,542
13003,"Atkinson County, Georgia",Georgia,8.4,-18.799999,207
13005,"Bacon County, Georgia",Georgia,10.7,45.700001,362
13007,"Baker County, Georgia",Georgia,NA,NA,NA
13009,"Baldwin County, Georgia",Georgia,7.9,5.8000002,1320
13011,"Banks County, Georgia",Georgia,6.9,37.200001,538
13013,"Barrow County, Georgia",Georgia,8.4,45.400002,3162
13015,"Bartow County, Georgia",Georgia,8.4,34.599998,3770
13017,"Ben Hill County, Georgia",Georgia,8.1,31.799999,389
13019,"Berrien County, Georgia",Georgia,8.5,54.5,524
13021,"Bibb County, Georgia",Georgia,11.1,35.299999,5920
13023,"Bleckley County, Georgia",Georgia,7.1,40.599998,324
13025,"Brantley County, Georgia",Georgia,10.4,29.4,606
13027,"Brooks County, Georgia",Georgia,6,30.299999,337
13029,"Bryan County, Georgia",Georgia,5.4,50.200001,1097
13031,"Bulloch County, Georgia",Georgia,8.6,25.4,2756
13033,"Burke County, Georgia",Georgia,12.1,54.400002,949
13035,"Butts County, Georgia",Georgia,8.8,33.400002,931
13037,"Calhoun County, Georgia",Georgia,10.5,70.800003,169
13039,"Camden County, Georgia",Georgia,6.9,28.5,1669
13043,"Candler County, Georgia",Georgia,9.3,49.299999,324
13045,"Carroll County, Georgia",Georgia,8.3,35.400002,3882
13047,"Catoosa County, Georgia",Georgia,4.8,25,1433
13049,"Charlton County, Georgia",Georgia,10.2,34,498
13051,"Chatham County, Georgia",Georgia,8.3,30.9,10646
13053,"Chattahoochee County, Georgia",Georgia,8,55.200001,352
13055,"Chattooga County, Georgia",Georgia,6.4,-4.6999998,493
13057,"Cherokee County, Georgia",Georgia,5,42.299999,6787
13059,"Clarke County, Georgia",Georgia,7.7,33.5,4412
13061,"Clay County, Georgia",Georgia,NA,NA,NA
13063,"Clayton County, Georgia",Georgia,15.1,34.400002,15068
13065,"Clinch County, Georgia",Georgia,11.2,64.400002,213
13067,"Cobb County, Georgia",Georgia,6.6,41,23539
13069,"Coffee County, Georgia",Georgia,8.6,42.5,1150
13071,"Colquitt County, Georgia",Georgia,8.8,14.9,1332
13073,"Columbia County, Georgia",Georgia,5.7,47.5,4266
13075,"Cook County, Georgia",Georgia,11.5,31.799999,650
13077,"Coweta County, Georgia",Georgia,5.6,31.299999,3895
13079,"Crawford County, Georgia",Georgia,10.2,30.4,428
13081,"Crisp County, Georgia",Georgia,9.7,35.099998,602
13083,"Dade County, Georgia",Georgia,8.9,58.200001,584
13085,"Dawson County, Georgia",Georgia,5.6,38.200001,766
13087,"Decatur County, Georgia",Georgia,6.9,17.299999,705
13089,"DeKalb County, Georgia",Georgia,9,31.9,28605
13091,"Dodge County, Georgia",Georgia,5.9,30.9,410
13093,"Dooly County, Georgia",Georgia,12.6,44.299999,480
13095,"Dougherty County, Georgia",Georgia,12.9,33.200001,3349
13097,"Douglas County, Georgia",Georgia,11.1,44.099998,6532
13099,"Early County, Georgia",Georgia,10.9,17,349
13101,"Echols County, Georgia",Georgia,0,NA,< 50
13103,"Effingham County, Georgia",Georgia,7.6,47,2128
13105,"Elbert County, Georgia",Georgia,6.1,20.6,414
13107,"Emanuel County, Georgia",Georgia,8.2,32.400002,574
13109,"Evans County, Georgia",Georgia,7.9,19.9,250
13111,"Fannin County, Georgia",Georgia,4.5,52,568
13113,"Fayette County, Georgia",Georgia,6.5,45.599998,3812
13115,"Floyd County, Georgia",Georgia,7,29,2583
13117,"Forsyth County, Georgia",Georgia,3,33.799999,3809
13119,"Franklin County, Georgia",Georgia,5.8,24,514
13121,"Fulton County, Georgia",Georgia,8,34.099998,37463
13123,"Gilmer County, Georgia",Georgia,6.5,44.200001,955
13125,"Glascock County, Georgia",Georgia,3.8,NA,< 50
13127,"Glynn County, Georgia",Georgia,6.6,25.4,2434
13129,"Gordon County, Georgia",Georgia,7.6,42.299999,1732
13131,"Grady County, Georgia",Georgia,7.7,27.5,690
13133,"Greene County, Georgia",Georgia,4.2,21.4,377
13135,"Gwinnett County, Georgia",Georgia,7.6,46,32448
13137,"Habersham County, Georgia",Georgia,5.4,46.400002,1038
13139,"Hall County, Georgia",Georgia,6.9,53.099998,5958
13141,"Hancock County, Georgia",Georgia,9.3,54.799999,316
13143,"Haralson County, Georgia",Georgia,8.2,33.700001,914
13145,"Harris County, Georgia",Georgia,4.5,-1.1,733
13147,"Hart County, Georgia",Georgia,6.6,17.5,681
13149,"Heard County, Georgia",Georgia,6,19.299999,253
13151,"Henry County, Georgia",Georgia,13,52.700001,13506
13153,"Houston County, Georgia",Georgia,7.7,35.200001,5128
13155,"Irwin County, Georgia",Georgia,11.9,29.299999,350
13157,"Jackson County, Georgia",Georgia,6,50,2172
13159,"Jasper County, Georgia",Georgia,7.7,23.799999,437
13161,"Jeff Davis County, Georgia",Georgia,5,40.599998,237
13163,"Jefferson County, Georgia",Georgia,10.7,38.599998,485
13165,"Jenkins County, Georgia",Georgia,9.7,39.400002,295
13167,"Johnson County, Georgia",Georgia,7.9,41.5,257
13169,"Jones County, Georgia",Georgia,7.5,22.700001,892
13171,"Lamar County, Georgia",Georgia,7.1,-1.2,543
13173,"Lanier County, Georgia",Georgia,10.1,33.299999,318
13175,"Laurens County, Georgia",Georgia,7.1,7.5999999,1199
13177,"Lee County, Georgia",Georgia,7.7,43.900002,1073
13179,"Liberty County, Georgia",Georgia,8.8,5.6999998,2201
13181,"Lincoln County, Georgia",Georgia,6.3,13.4,197
13183,"Long County, Georgia",Georgia,10.6,32.700001,699
13185,"Lowndes County, Georgia",Georgia,7.8,18.299999,3516
13187,"Lumpkin County, Georgia",Georgia,4.8,27.799999,729
13189,"McDuffie County, Georgia",Georgia,10.1,42.400002,740
13191,"McIntosh County, Georgia",Georgia,8.6,51.700001,434
13193,"Macon County, Georgia",Georgia,8.6,-4,350
13195,"Madison County, Georgia",Georgia,6.9,41,874
13197,"Marion County, Georgia",Georgia,13.4,81.300003,354
13199,"Meriwether County, Georgia",Georgia,7.5,-5,546
13201,"Miller County, Georgia",Georgia,4.3,48.400002,85
13205,"Mitchell County, Georgia",Georgia,7.5,-46,523
13207,"Monroe County, Georgia",Georgia,5.8,45.5,711
13209,"Montgomery County, Georgia",Georgia,9.9,37,296
13211,"Morgan County, Georgia",Georgia,5.8,13.7,517
13213,"Murray County, Georgia",Georgia,9.7,15.6,1285
13215,"Muscogee County, Georgia",Georgia,9.7,27.700001,6992
13217,"Newton County, Georgia",Georgia,13.4,39.099998,6156
13219,"Oconee County, Georgia",Georgia,4.3,44.400002,881
13221,"Oglethorpe County, Georgia",Georgia,6.7,28.5,420
13223,"Paulding County, Georgia",Georgia,8.9,37.5,6717
13225,"Peach County, Georgia",Georgia,9.8,50.400002,1054
13227,"Pickens County, Georgia",Georgia,6.8,32.299999,1076
13229,"Pierce County, Georgia",Georgia,7.2,17.799999,507
13231,"Pike County, Georgia",Georgia,5.8,51.200001,484
13233,"Polk County, Georgia",Georgia,8,10.3,1177
13235,"Pulaski County, Georgia",Georgia,5,-4.4000001,181
13237,"Putnam County, Georgia",Georgia,6.2,38.200001,548
13239,"Quitman County, Georgia",Georgia,NA,NA,NA
13241,"Rabun County, Georgia",Georgia,4.6,37.900002,355
13243,"Randolph County, Georgia",Georgia,11.8,30.6,202
13245,"Richmond County, Georgia",Georgia,12.5,33.200001,9038
13247,"Rockdale County, Georgia",Georgia,13.9,48.599998,5237
13249,"Schley County, Georgia",Georgia,9.3,36.599998,175
13251,"Screven County, Georgia",Georgia,9,39.400002,445
13253,"Seminole County, Georgia",Georgia,11,52.400002,344
13255,"Spalding County, Georgia",Georgia,11.9,42.700001,3010
13257,"Stephens County, Georgia",Georgia,8.7,44.900002,869
13259,"Stewart County, Georgia",Georgia,13.6,68.599998,250
13261,"Sumter County, Georgia",Georgia,10.2,26,964
13263,"Talbot County, Georgia",Georgia,13.5,59.5,287
13265,"Taliaferro County, Georgia",Georgia,NA,NA,NA
13267,"Tattnall County, Georgia",Georgia,10.3,57.400002,817
13269,"Taylor County, Georgia",Georgia,8,67.900002,210
13271,"Telfair County, Georgia",Georgia,10.9,63.299999,407
13273,"Terrell County, Georgia",Georgia,5.8,-42.599998,167
13275,"Thomas County, Georgia",Georgia,8,17.1,1307
13277,"Tift County, Georgia",Georgia,7.7,33.700001,1083
13279,"Toombs County, Georgia",Georgia,7.9,32.700001,680
13281,"Towns County, Georgia",Georgia,3.9,27.4,261
13283,"Treutlen County, Georgia",Georgia,10.4,-28.299999,192
13285,"Troup County, Georgia",Georgia,10.6,32.5,2564
13287,"Turner County, Georgia",Georgia,12.4,24.6,330
13289,"Twiggs County, Georgia",Georgia,13.4,55.700001,397
13291,"Union County, Georgia",Georgia,3.8,38.200001,477
13293,"Upson County, Georgia",Georgia,10.6,50.099998,932
13295,"Walker County, Georgia",Georgia,6.8,40.400002,1740
13297,"Walton County, Georgia",Georgia,7.9,44.299999,3431
13299,"Ware County, Georgia",Georgia,9,37.299999,1111
13301,"Warren County, Georgia",Georgia,13.8,34.299999,176
13303,"Washington County, Georgia",Georgia,10.7,59.5,671
13305,"Wayne County, Georgia",Georgia,10.3,25.700001,1010
13307,"Webster County, Georgia",Georgia,NA,NA,NA
13309,"Wheeler County, Georgia",Georgia,NA,NA,NA
13311,"White County, Georgia",Georgia,5.4,31.200001,682
13313,"Whitfield County, Georgia",Georgia,7,31.200001,2635
13315,"Wilcox County, Georgia",Georgia,11.5,49,336
13317,"Wilkes County, Georgia",Georgia,6.5,-2.4000001,231
13319,"Wilkinson County, Georgia",Georgia,10.3,-0.30000001,276
13321,"Worth County, Georgia",Georgia,9.6,39.200001,673
15001,"Hawaii County, Hawaii",Hawaii,4.4,39.900002,4099
15003,"Honolulu County, Hawaii",Hawaii,3.7,38.700001,18632
15005,"Kalawao County, Hawaii",Hawaii,NA,NA,NA
15007,"Kauai County, Hawaii",Hawaii,4.1,61,1424
15009,"Maui County, Hawaii",Hawaii,4.1,33,3271
16001,"Ada County, Idaho",Idaho,3.5,33.299999,8618
16003,"Adams County, Idaho",Idaho,3,100,67
16005,"Bannock County, Idaho",Idaho,4.9,41,1712
16007,"Bear Lake County, Idaho",Idaho,5.9,100,150
16009,"Benewah County, Idaho",Idaho,9.4,53.299999,364
16011,"Bingham County, Idaho",Idaho,3.8,38,704
16013,"Blaine County, Idaho",Idaho,1.9,44,230
16015,"Boise County, Idaho",Idaho,1.1,NA,< 50
16017,"Bonner County, Idaho",Idaho,2.7,39.200001,661
16019,"Bonneville County, Idaho",Idaho,4.7,51.599998,2364
16021,"Boundary County, Idaho",Idaho,3,6.5999999,158
16023,"Butte County, Idaho",Idaho,3.7,NA,< 50
16025,"Camas County, Idaho",Idaho,NA,NA,NA
16027,"Canyon County, Idaho",Idaho,5.5,56,5359
16029,"Caribou County, Idaho",Idaho,0.7,NA,< 50
16031,"Cassia County, Idaho",Idaho,4.1,26.5,344
16033,"Clark County, Idaho",Idaho,NA,NA,NA
16035,"Clearwater County, Idaho",Idaho,4.1,42.200001,153
16037,"Custer County, Idaho",Idaho,1,NA,< 50
16039,"Elmore County, Idaho",Idaho,4.5,57,549
16041,"Franklin County, Idaho",Idaho,2.2,1,120
16043,"Fremont County, Idaho",Idaho,5.6,60.299999,322
16045,"Gem County, Idaho",Idaho,4.1,74.800003,355
16047,"Gooding County, Idaho",Idaho,3.3,-6.6999998,192
16049,"Idaho County, Idaho",Idaho,4.1,54.299999,281
16051,"Jefferson County, Idaho",Idaho,3.3,30,415
16053,"Jerome County, Idaho",Idaho,4.9,40.200001,408
16055,"Kootenai County, Idaho",Idaho,4.3,45.700001,3569
16057,"Latah County, Idaho",Idaho,3.1,37.5,597
16059,"Lemhi County, Idaho",Idaho,0,NA,< 50
16061,"Lewis County, Idaho",Idaho,1.7,NA,< 50
16063,"Lincoln County, Idaho",Idaho,5.5,-0.69999999,114
16065,"Madison County, Idaho",Idaho,2.9,56.299999,737
16067,"Minidoka County, Idaho",Idaho,3.5,-6,281
16069,"Nez Perce County, Idaho",Idaho,3.6,31.4,646
16071,"Oneida County, Idaho",Idaho,0,NA,< 50
16073,"Owyhee County, Idaho",Idaho,6.8,77.900002,307
16075,"Payette County, Idaho",Idaho,5.3,34.900002,539
16077,"Power County, Idaho",Idaho,2.3,-4.6999998,61
16079,"Shoshone County, Idaho",Idaho,5.8,15.8,303
16081,"Teton County, Idaho",Idaho,2.4,-36.700001,141
16083,"Twin Falls County, Idaho",Idaho,5.5,30.9,2025
16085,"Valley County, Idaho",Idaho,3.2,65.199997,201
16087,"Washington County, Idaho",Idaho,3,-48.299999,129
17001,"Adams County, Illinois",Illinois,4.7,40.400002,1231
17003,"Alexander County, Illinois",Illinois,12,24.200001,212
17005,"Bond County, Illinois",Illinois,7.2,46,560
17007,"Boone County, Illinois",Illinois,5.6,37.400002,1367
17009,"Brown County, Illinois",Illinois,5.9,78.199997,167
17011,"Bureau County, Illinois",Illinois,4.1,36,598
17013,"Calhoun County, Illinois",Illinois,3.1,67,62
17015,"Carroll County, Illinois",Illinois,5.7,67,426
17017,"Cass County, Illinois",Illinois,4.4,17.299999,200
17019,"Champaign County, Illinois",Illinois,4.6,23.299999,4349
17021,"Christian County, Illinois",Illinois,3.9,13.6,557
17023,"Clark County, Illinois",Illinois,5.7,32.700001,344
17025,"Clay County, Illinois",Illinois,4.2,39.400002,224
17027,"Clinton County, Illinois",Illinois,4,40,701
17029,"Coles County, Illinois",Illinois,4.3,2.5999999,863
17031,"Cook County, Illinois",Illinois,5.9,38.400002,141793
17033,"Crawford County, Illinois",Illinois,7.2,58,522
17035,"Cumberland County, Illinois",Illinois,1,NA,< 50
17037,"DeKalb County, Illinois",Illinois,4.4,14.6,2122
17039,"De Witt County, Illinois",Illinois,4.1,24.700001,273
17041,"Douglas County, Illinois",Illinois,4.9,46.799999,411
17043,"DuPage County, Illinois",Illinois,3.2,46.299999,15571
17045,"Edgar County, Illinois",Illinois,3.2,16.9,206
17047,"Edwards County, Illinois",Illinois,4.7,59.200001,129
17049,"Effingham County, Illinois",Illinois,3.7,13.8,525
17051,"Fayette County, Illinois",Illinois,5.4,46.400002,462
17053,"Ford County, Illinois",Illinois,6.6,35.099998,400
17055,"Franklin County, Illinois",Illinois,6.1,49.799999,862
17057,"Fulton County, Illinois",Illinois,4.6,46.599998,610
17059,"Gallatin County, Illinois",Illinois,8.8,33.900002,159
17061,"Greene County, Illinois",Illinois,5.5,56.299999,283
17063,"Grundy County, Illinois",Illinois,3.8,17.200001,955
17065,"Hamilton County, Illinois",Illinois,4,61.200001,135
17067,"Hancock County, Illinois",Illinois,2.9,22.700001,221
17069,"Hardin County, Illinois",Illinois,7.9,-1.6,123
17071,"Henderson County, Illinois",Illinois,4.7,0,124
17073,"Henry County, Illinois",Illinois,4.9,39.400002,1110
17075,"Iroquois County, Illinois",Illinois,3.6,26.5,413
17077,"Jackson County, Illinois",Illinois,6.2,38.200001,1405
17079,"Jasper County, Illinois",Illinois,3.9,71.699997,153
17081,"Jefferson County, Illinois",Illinois,6.8,54.099998,935
17083,"Jersey County, Illinois",Illinois,4.4,43.099998,426
17085,"Jo Daviess County, Illinois",Illinois,3.5,44.700001,392
17087,"Johnson County, Illinois",Illinois,5.8,67.800003,313
17089,"Kane County, Illinois",Illinois,4.2,41.900002,10190
17091,"Kankakee County, Illinois",Illinois,7.2,50.299999,3271
17093,"Kendall County, Illinois",Illinois,5.1,56.200001,3275
17095,"Knox County, Illinois",Illinois,7,40.099998,1446
17097,"Lake County, Illinois",Illinois,3.9,40.5,13598
17099,"LaSalle County, Illinois",Illinois,5.5,39.200001,2662
17101,"Lawrence County, Illinois",Illinois,6.2,10.6,340
17103,"Lee County, Illinois",Illinois,5.1,28,800
17105,"Livingston County, Illinois",Illinois,4.4,60,702
17107,"Logan County, Illinois",Illinois,8.3,55.599998,984
17109,"McDonough County, Illinois",Illinois,4.9,18.9,556
17111,"McHenry County, Illinois",Illinois,4.3,45.5,6889
17113,"McLean County, Illinois",Illinois,3.9,40.200001,3200
17115,"Macon County, Illinois",Illinois,7.9,41.099998,3215
17117,"Macoupin County, Illinois",Illinois,5.1,24,967
17119,"Madison County, Illinois",Illinois,5.6,46.900002,6690
17121,"Marion County, Illinois",Illinois,5.3,0.60000002,693
17123,"Marshall County, Illinois",Illinois,4.1,-1.4,218
17125,"Mason County, Illinois",Illinois,6,32.799999,335
17127,"Massac County, Illinois",Illinois,5,36.700001,246
17129,"Menard County, Illinois",Illinois,5.4,55.200001,303
17131,"Mercer County, Illinois",Illinois,3.7,41.099998,268
17133,"Monroe County, Illinois",Illinois,2.1,26,383
17135,"Montgomery County, Illinois",Illinois,6.2,11.5,718
17137,"Morgan County, Illinois",Illinois,5.3,22.4,721
17139,"Moultrie County, Illinois",Illinois,5.4,0,311
17141,"Ogle County, Illinois",Illinois,4,29.1,964
17143,"Peoria County, Illinois",Illinois,6.2,41.299999,4734
17145,"Perry County, Illinois",Illinois,4.8,66.699997,418
17147,"Piatt County, Illinois",Illinois,2.9,47.299999,223
17149,"Pike County, Illinois",Illinois,5.2,29.4,295
17151,"Pope County, Illinois",Illinois,NA,NA,NA
17153,"Pulaski County, Illinois",Illinois,3.7,24.1,68
17155,"Putnam County, Illinois",Illinois,1.6,NA,< 50
17157,"Randolph County, Illinois",Illinois,4.7,39.400002,606
17159,"Richland County, Illinois",Illinois,5.6,5.5999999,349
17161,"Rock Island County, Illinois",Illinois,6,32.099998,3643
17163,"St. Clair County, Illinois",Illinois,7.7,39.299999,8416
17165,"Saline County, Illinois",Illinois,6.2,21.299999,526
17167,"Sangamon County, Illinois",Illinois,5.2,24.799999,4570
17169,"Schuyler County, Illinois",Illinois,5.8,28.200001,182
17171,"Scott County, Illinois",Illinois,0,NA,< 50
17173,"Shelby County, Illinois",Illinois,3.9,-7.4000001,331
17175,"Stark County, Illinois",Illinois,2.7,51.900002,56
17177,"Stephenson County, Illinois",Illinois,7.1,55.799999,1374
17179,"Tazewell County, Illinois",Illinois,3.8,33.099998,2323
17181,"Union County, Illinois",Illinois,4.1,26.9,292
17183,"Vermilion County, Illinois",Illinois,7.3,28.700001,1969
17185,"Wabash County, Illinois",Illinois,6.1,31.799999,245
17187,"Warren County, Illinois",Illinois,4.7,17.1,317
17189,"Washington County, Illinois",Illinois,4.1,67,290
17191,"Wayne County, Illinois",Illinois,3.8,0.80000001,223
17193,"White County, Illinois",Illinois,6.1,49.599998,324
17195,"Whiteside County, Illinois",Illinois,5.1,26,1196
17197,"Will County, Illinois",Illinois,4.9,40.599998,16845
17199,"Williamson County, Illinois",Illinois,5.8,39,1614
17201,"Winnebago County, Illinois",Illinois,6.1,29.700001,7332
17203,"Woodford County, Illinois",Illinois,3.1,39.700001,586
18001,"Adams County, Indiana",Indiana,3.3,53.400002,418
18003,"Allen County, Indiana",Indiana,5.6,38.599998,8887
18005,"Bartholomew County, Indiana",Indiana,4.6,34.5,1540
18007,"Benton County, Indiana",Indiana,5.6,36.799999,192
18009,"Blackford County, Indiana",Indiana,5.6,32.599998,263
18011,"Boone County, Indiana",Indiana,3.5,54.400002,1192
18013,"Brown County, Indiana",Indiana,5.2,43.799999,371
18015,"Carroll County, Indiana",Indiana,4.5,51,381
18017,"Cass County, Indiana",Indiana,7.8,48.400002,1158
18019,"Clark County, Indiana",Indiana,6.6,29.200001,3393
18021,"Clay County, Indiana",Indiana,6.3,24.200001,629
18023,"Clinton County, Indiana",Indiana,6.2,15.1,719
18025,"Crawford County, Indiana",Indiana,8.5,64.599998,310
18027,"Daviess County, Indiana",Indiana,2.8,29,341
18029,"Dearborn County, Indiana",Indiana,4.9,23.700001,1142
18031,"Decatur County, Indiana",Indiana,5.7,63.700001,593
18033,"DeKalb County, Indiana",Indiana,4,41.5,747
18035,"Delaware County, Indiana",Indiana,7.1,44.799999,3121
18037,"Dubois County, Indiana",Indiana,2.8,33.299999,537
18039,"Elkhart County, Indiana",Indiana,5.9,42.799999,4579
18041,"Fayette County, Indiana",Indiana,6.8,15.2,525
18043,"Floyd County, Indiana",Indiana,4.1,35.099998,1455
18045,"Fountain County, Indiana",Indiana,5,14.6,346
18047,"Franklin County, Indiana",Indiana,2.4,-35.599998,244
18049,"Fulton County, Indiana",Indiana,5.5,32.5,439
18051,"Gibson County, Indiana",Indiana,5,17.6,619
18053,"Grant County, Indiana",Indiana,6.4,24.5,1471
18055,"Greene County, Indiana",Indiana,7.4,68.300003,919
18057,"Hamilton County, Indiana",Indiana,3,50,5340
18059,"Hancock County, Indiana",Indiana,3.9,31.200001,1500
18061,"Harrison County, Indiana",Indiana,4.9,38,824
18063,"Hendricks County, Indiana",Indiana,5.1,51.799999,4265
18065,"Henry County, Indiana",Indiana,7.1,52.700001,1297
18067,"Howard County, Indiana",Indiana,7.3,29.6,2403
18069,"Huntington County, Indiana",Indiana,5.3,46.700001,839
18071,"Jackson County, Indiana",Indiana,5.4,41.400002,919
18073,"Jasper County, Indiana",Indiana,6.6,62.400002,969
18075,"Jay County, Indiana",Indiana,7.2,38.200001,493
18077,"Jefferson County, Indiana",Indiana,5.2,28.6,650
18079,"Jennings County, Indiana",Indiana,6.8,46.900002,640
18081,"Johnson County, Indiana",Indiana,4.8,29.299999,3478
18083,"Knox County, Indiana",Indiana,7,44.799999,918
18085,"Kosciusko County, Indiana",Indiana,3.9,7.4000001,1267
18087,"LaGrange County, Indiana",Indiana,3.3,40.400002,456
18089,"Lake County, Indiana",Indiana,7.5,43.599998,15788
18091,"LaPorte County, Indiana",Indiana,5.8,39,2769
18093,"Lawrence County, Indiana",Indiana,6.2,53.099998,1081
18095,"Madison County, Indiana",Indiana,7.4,39.900002,3708
18097,"Marion County, Indiana",Indiana,8,35.299999,28710
18099,"Marshall County, Indiana",Indiana,5.9,55.099998,1095
18101,"Martin County, Indiana",Indiana,2.3,-70.300003,94
18103,"Miami County, Indiana",Indiana,6.3,46,862
18105,"Monroe County, Indiana",Indiana,4.5,49.599998,3022
18107,"Montgomery County, Indiana",Indiana,4.9,-2.3,771
18109,"Morgan County, Indiana",Indiana,6,52.799999,1821
18111,"Newton County, Indiana",Indiana,6.1,57.900002,356
18113,"Noble County, Indiana",Indiana,5,44.200001,901
18115,"Ohio County, Indiana",Indiana,8.4,72.099998,222
18117,"Orange County, Indiana",Indiana,5.8,25.700001,418
18119,"Owen County, Indiana",Indiana,5.2,32.799999,459
18121,"Parke County, Indiana",Indiana,4.1,28.9,266
18123,"Perry County, Indiana",Indiana,3.9,27.4,301
18125,"Pike County, Indiana",Indiana,6.7,39.400002,293
18127,"Porter County, Indiana",Indiana,4.6,35.299999,3830
18129,"Posey County, Indiana",Indiana,4,33.799999,428
18131,"Pulaski County, Indiana",Indiana,5.7,20.299999,265
18133,"Putnam County, Indiana",Indiana,6.8,46.599998,1069
18135,"Randolph County, Indiana",Indiana,4,11.4,357
18137,"Ripley County, Indiana",Indiana,4.9,42.599998,620
18139,"Rush County, Indiana",Indiana,4.7,9.1000004,300
18141,"St. Joseph County, Indiana",Indiana,6.4,35.299999,7063
18143,"Scott County, Indiana",Indiana,7.4,23,667
18145,"Shelby County, Indiana",Indiana,6.9,62.099998,1279
18147,"Spencer County, Indiana",Indiana,2.5,16,222
18149,"Starke County, Indiana",Indiana,5.2,30.9,469
18151,"Steuben County, Indiana",Indiana,4.8,37.599998,729
18153,"Sullivan County, Indiana",Indiana,7,41.200001,581
18155,"Switzerland County, Indiana",Indiana,6.6,13.1,254
18157,"Tippecanoe County, Indiana",Indiana,4.4,26.299999,3553
18159,"Tipton County, Indiana",Indiana,5.2,35.799999,323
18161,"Union County, Indiana",Indiana,5.4,25,158
18163,"Vanderburgh County, Indiana",Indiana,6.1,34.5,4433
18165,"Vermillion County, Indiana",Indiana,7.5,48.400002,475
18167,"Vigo County, Indiana",Indiana,5.8,13,2380
18169,"Wabash County, Indiana",Indiana,3.9,-2.9000001,491
18171,"Warren County, Indiana",Indiana,5,71.599998,181
18173,"Warrick County, Indiana",Indiana,4.3,43.5,1243
18175,"Washington County, Indiana",Indiana,4.2,-0.80000001,454
18177,"Wayne County, Indiana",Indiana,7.6,59.200001,1835
18179,"Wells County, Indiana",Indiana,4.5,50.299999,539
18181,"White County, Indiana",Indiana,4,21.799999,390
18183,"Whitley County, Indiana",Indiana,3.5,50.5,550
19001,"Adair County, Iowa",Iowa,3.9,43.299999,131
19003,"Adams County, Iowa",Iowa,4.1,-12.3,64
19005,"Allamakee County, Iowa",Iowa,1.3,-77,76
19007,"Appanoose County, Iowa",Iowa,3.6,26.299999,166
19009,"Audubon County, Iowa",Iowa,3.2,0,77
19011,"Benton County, Iowa",Iowa,3.4,29.700001,392
19013,"Black Hawk County, Iowa",Iowa,4.8,42,2724
19015,"Boone County, Iowa",Iowa,2.8,27.4,364
19017,"Bremer County, Iowa",Iowa,4.3,82.400002,518
19019,"Buchanan County, Iowa",Iowa,2.1,-4.1999998,190
19021,"Buena Vista County, Iowa",Iowa,3.3,-6.9000001,259
19023,"Butler County, Iowa",Iowa,4.3,75.199997,277
19025,"Calhoun County, Iowa",Iowa,3.4,33.5,149
19027,"Carroll County, Iowa",Iowa,3.1,-6.1999998,292
19029,"Cass County, Iowa",Iowa,4,50.799999,229
19031,"Cedar County, Iowa",Iowa,2.7,3.4000001,250
19033,"Cerro Gordo County, Iowa",Iowa,4,37.599998,746
19035,"Cherokee County, Iowa",Iowa,3.7,47.400002,177
19037,"Chickasaw County, Iowa",Iowa,5.4,56.400002,276
19039,"Clarke County, Iowa",Iowa,4.1,-20.6,158
19041,"Clay County, Iowa",Iowa,3,28.9,210
19043,"Clayton County, Iowa",Iowa,2.5,44.799999,197
19045,"Clinton County, Iowa",Iowa,6.3,34.900002,1307
19047,"Crawford County, Iowa",Iowa,7.1,64.300003,419
19049,"Dallas County, Iowa",Iowa,3.9,48,1889
19051,"Davis County, Iowa",Iowa,3.6,26.299999,132
19053,"Decatur County, Iowa",Iowa,4.5,40,134
19055,"Delaware County, Iowa",Iowa,3.1,32.5,251
19057,"Des Moines County, Iowa",Iowa,5.7,51.700001,911
19059,"Dickinson County, Iowa",Iowa,3.6,41.099998,334
19061,"Dubuque County, Iowa",Iowa,3.3,24.9,1522
19063,"Emmet County, Iowa",Iowa,4.1,28.1,166
19065,"Fayette County, Iowa",Iowa,3.8,32.599998,326
19067,"Floyd County, Iowa",Iowa,4.9,42.5,328
19069,"Franklin County, Iowa",Iowa,1.8,-3.2,76
19071,"Fremont County, Iowa",Iowa,5.3,34.5,129
19073,"Greene County, Iowa",Iowa,5.1,42.799999,193
19075,"Grundy County, Iowa",Iowa,4.4,72.099998,259
19077,"Guthrie County, Iowa",Iowa,2.7,-52.700001,139
19079,"Hamilton County, Iowa",Iowa,3.4,59.200001,226
19081,"Hancock County, Iowa",Iowa,2.7,100,134
19083,"Hardin County, Iowa",Iowa,3.8,19.799999,300
19085,"Harrison County, Iowa",Iowa,2.8,-28.700001,191
19087,"Henry County, Iowa",Iowa,5,63.799999,450
19089,"Howard County, Iowa",Iowa,6.8,82.800003,257
19091,"Humboldt County, Iowa",Iowa,4.2,11,194
19093,"Ida County, Iowa",Iowa,1.5,NA,< 50
19095,"Iowa County, Iowa",Iowa,4.4,72.199997,343
19097,"Jackson County, Iowa",Iowa,4.1,31,370
19099,"Jasper County, Iowa",Iowa,4.9,47.099998,816
19101,"Jefferson County, Iowa",Iowa,3.8,15.5,264
19103,"Johnson County, Iowa",Iowa,3.2,42.200001,2489
19105,"Jones County, Iowa",Iowa,3.9,54,364
19107,"Keokuk County, Iowa",Iowa,3.2,16.700001,131
19109,"Kossuth County, Iowa",Iowa,4.5,52.200001,298
19111,"Lee County, Iowa",Iowa,5.2,3.8,713
19113,"Linn County, Iowa",Iowa,4.1,31.9,4400
19115,"Louisa County, Iowa",Iowa,3.5,-27.4,146
19117,"Lucas County, Iowa",Iowa,5.4,20.700001,192
19119,"Lyon County, Iowa",Iowa,2.5,9.1000004,128
19121,"Madison County, Iowa",Iowa,3.2,21,239
19123,"Mahaska County, Iowa",Iowa,3.5,14.5,315
19125,"Marion County, Iowa",Iowa,3.6,13.2,534
19127,"Marshall County, Iowa",Iowa,4.8,29.299999,751
19129,"Mills County, Iowa",Iowa,6.2,61,406
19131,"Mitchell County, Iowa",Iowa,2.9,65,139
19133,"Monona County, Iowa",Iowa,6.3,39.200001,222
19135,"Monroe County, Iowa",Iowa,5.7,53.200001,183
19137,"Montgomery County, Iowa",Iowa,4,48.5,167
19139,"Muscatine County, Iowa",Iowa,4.9,21.1,835
19141,"O'Brien County, Iowa",Iowa,4,32.400002,242
19143,"Osceola County, Iowa",Iowa,4.8,41.099998,116
19145,"Page County, Iowa",Iowa,5.7,49.599998,387
19147,"Palo Alto County, Iowa",Iowa,2.5,74.199997,97
19149,"Plymouth County, Iowa",Iowa,4.1,51.599998,469
19151,"Pocahontas County, Iowa",Iowa,5.2,16.9,158
19153,"Polk County, Iowa",Iowa,4.3,40,9968
19155,"Pottawattamie County, Iowa",Iowa,6.2,44.599998,2478
19157,"Poweshiek County, Iowa",Iowa,4,39.400002,324
19159,"Ringgold County, Iowa",Iowa,5.1,49.400002,110
19161,"Sac County, Iowa",Iowa,3.3,15.7,144
19163,"Scott County, Iowa",Iowa,4.5,36.900002,3594
19165,"Shelby County, Iowa",Iowa,4.2,16,207
19167,"Sioux County, Iowa",Iowa,1.9,42.700001,310
19169,"Story County, Iowa",Iowa,3.1,33.599998,1517
19171,"Tama County, Iowa",Iowa,7.1,57.900002,491
19173,"Taylor County, Iowa",Iowa,4.4,36.099998,105
19175,"Union County, Iowa",Iowa,5.2,37.400002,251
19177,"Van Buren County, Iowa",Iowa,4.7,48.400002,140
19179,"Wapello County, Iowa",Iowa,7.5,50.400002,935
19181,"Warren County, Iowa",Iowa,4.1,47,1024
19183,"Washington County, Iowa",Iowa,4.4,27.200001,410
19185,"Wayne County, Iowa",Iowa,3.9,100,101
19187,"Webster County, Iowa",Iowa,5.2,16,768
19189,"Winnebago County, Iowa",Iowa,3.7,70.5,176
19191,"Winneshiek County, Iowa",Iowa,2.2,73.900002,214
19193,"Woodbury County, Iowa",Iowa,5.4,26.9,2159
19195,"Worth County, Iowa",Iowa,2.1,-69,78
19197,"Wright County, Iowa",Iowa,4.4,59.099998,231
20001,"Allen County, Kansas",Kansas,8,17.1,370
20003,"Anderson County, Kansas",Kansas,2.7,-86.300003,86
20005,"Atchison County, Kansas",Kansas,2.9,9.8999996,192
20007,"Barber County, Kansas",Kansas,1.8,NA,< 50
20009,"Barton County, Kansas",Kansas,6.2,34.700001,593
20011,"Bourbon County, Kansas",Kansas,6.9,-24.9,381
20013,"Brown County, Kansas",Kansas,4.9,33,163
20015,"Butler County, Kansas",Kansas,4.6,28.200001,1371
20017,"Chase County, Kansas",Kansas,NA,NA,NA
20019,"Chautauqua County, Kansas",Kansas,NA,NA,NA
20021,"Cherokee County, Kansas",Kansas,9.2,38.400002,688
20023,"Cheyenne County, Kansas",Kansas,NA,NA,NA
20025,"Clark County, Kansas",Kansas,NA,NA,NA
20027,"Clay County, Kansas",Kansas,3.4,49.700001,120
20029,"Cloud County, Kansas",Kansas,4.7,52.700001,172
20031,"Coffey County, Kansas",Kansas,5.1,49.599998,189
20033,"Comanche County, Kansas",Kansas,NA,NA,NA
20035,"Cowley County, Kansas",Kansas,5.4,28.5,698
20037,"Crawford County, Kansas",Kansas,5.7,15.9,880
20039,"Decatur County, Kansas",Kansas,4.4,34.299999,61
20041,"Dickinson County, Kansas",Kansas,6.7,40.5,524
20043,"Doniphan County, Kansas",Kansas,6.5,48.900002,218
20045,"Douglas County, Kansas",Kansas,4.8,37.700001,2739
20047,"Edwards County, Kansas",Kansas,NA,NA,NA
20049,"Elk County, Kansas",Kansas,NA,NA,NA
20051,"Ellis County, Kansas",Kansas,3,31.799999,417
20053,"Ellsworth County, Kansas",Kansas,4.8,56.200001,129
20055,"Finney County, Kansas",Kansas,5.5,40.900002,747
20057,"Ford County, Kansas",Kansas,9,47.900002,1045
20059,"Franklin County, Kansas",Kansas,5.6,35.799999,613
20061,"Geary County, Kansas",Kansas,8.7,44.799999,1159
20063,"Gove County, Kansas",Kansas,3.2,NA,< 50
20065,"Graham County, Kansas",Kansas,NA,NA,NA
20067,"Grant County, Kansas",Kansas,3,-108.4,67
20069,"Gray County, Kansas",Kansas,1.4,NA,< 50
20071,"Greeley County, Kansas",Kansas,NA,NA,NA
20073,"Greenwood County, Kansas",Kansas,8.3,62.200001,198
20075,"Hamilton County, Kansas",Kansas,NA,NA,NA
20077,"Harper County, Kansas",Kansas,8.7,78.199997,182
20079,"Harvey County, Kansas",Kansas,4.3,35.400002,612
20081,"Haskell County, Kansas",Kansas,1.7,NA,< 50
20083,"Hodgeman County, Kansas",Kansas,NA,NA,NA
20085,"Jackson County, Kansas",Kansas,2.7,-39.400002,143
20087,"Jefferson County, Kansas",Kansas,3.1,26.5,259
20089,"Jewell County, Kansas",Kansas,5.7,100,74
20091,"Johnson County, Kansas",Kansas,3.2,43.599998,9860
20093,"Kearny County, Kansas",Kansas,5.1,100,74
20095,"Kingman County, Kansas",Kansas,3.1,-42.299999,96
20097,"Kiowa County, Kansas",Kansas,1.9,NA,< 50
20099,"Labette County, Kansas",Kansas,4.5,-7.8000002,338
20101,"Lane County, Kansas",Kansas,NA,NA,NA
20103,"Leavenworth County, Kansas",Kansas,4.2,41.900002,1549
20105,"Lincoln County, Kansas",Kansas,7.5,100,100
20107,"Linn County, Kansas",Kansas,8.6,70.099998,358
20109,"Logan County, Kansas",Kansas,3.1,NA,< 50
20111,"Lyon County, Kansas",Kansas,4.9,29.9,648
20113,"McPherson County, Kansas",Kansas,3.2,9.8999996,428
20115,"Marion County, Kansas",Kansas,2,-38.900002,101
20117,"Marshall County, Kansas",Kansas,2.8,30.700001,128
20119,"Meade County, Kansas",Kansas,3.1,NA,< 50
20121,"Miami County, Kansas",Kansas,4.4,43.200001,692
20123,"Mitchell County, Kansas",Kansas,0.9,NA,< 50
20125,"Montgomery County, Kansas",Kansas,4.4,19,490
20127,"Morris County, Kansas",Kansas,4.7,78.400002,104
20129,"Morton County, Kansas",Kansas,NA,NA,NA
20131,"Nemaha County, Kansas",Kansas,1,NA,< 50
20133,"Neosho County, Kansas",Kansas,3.1,-26.9,187
20135,"Ness County, Kansas",Kansas,9.1,40,100
20137,"Norton County, Kansas",Kansas,5.1,27.4,131
20139,"Osage County, Kansas",Kansas,5.9,25.6,400
20141,"Osborne County, Kansas",Kansas,3,NA,< 50
20143,"Ottawa County, Kansas",Kansas,3.9,45.799999,88
20145,"Pawnee County, Kansas",Kansas,4.3,76.599998,128
20147,"Phillips County, Kansas",Kansas,4,72.599998,89
20149,"Pottawatomie County, Kansas",Kansas,3.7,54.900002,403
20151,"Pratt County, Kansas",Kansas,2.3,-24.299999,84
20153,"Rawlins County, Kansas",Kansas,NA,NA,NA
20155,"Reno County, Kansas",Kansas,4.1,12.3,997
20157,"Republic County, Kansas",Kansas,3.4,-120.9,64
20159,"Rice County, Kansas",Kansas,5.2,86.300003,190
20161,"Riley County, Kansas",Kansas,3.8,52.799999,1358
20163,"Rooks County, Kansas",Kansas,6,24.5,116
20165,"Rush County, Kansas",Kansas,NA,NA,NA
20167,"Russell County, Kansas",Kansas,3.4,30.4,91
20169,"Saline County, Kansas",Kansas,5.9,45,1252
20171,"Scott County, Kansas",Kansas,3.4,3.3,79
20173,"Sedgwick County, Kansas",Kansas,5.8,41,12284
20175,"Seward County, Kansas",Kansas,5.3,40.599998,395
20177,"Shawnee County, Kansas",Kansas,6,39.799999,4302
20179,"Sheridan County, Kansas",Kansas,NA,NA,NA
20181,"Sherman County, Kansas",Kansas,1,NA,< 50
20183,"Smith County, Kansas",Kansas,5.6,100,98
20185,"Stafford County, Kansas",Kansas,0,NA,< 50
20187,"Stanton County, Kansas",Kansas,NA,NA,NA
20189,"Stevens County, Kansas",Kansas,3.8,40.200001,68
20191,"Sumner County, Kansas",Kansas,6.5,60,618
20193,"Thomas County, Kansas",Kansas,4.9,85.900002,178
20195,"Trego County, Kansas",Kansas,2,NA,< 50
20197,"Wabaunsee County, Kansas",Kansas,5.1,100,163
20199,"Wallace County, Kansas",Kansas,NA,NA,NA
20201,"Washington County, Kansas",Kansas,5.4,100,125
20203,"Wichita County, Kansas",Kansas,NA,NA,NA
20205,"Wilson County, Kansas",Kansas,8.1,90.300003,251
20207,"Woodson County, Kansas",Kansas,5.3,-9.6000004,66
20209,"Wyandotte County, Kansas",Kansas,7.7,35.799999,4300
21001,"Adair County, Kentucky",Kentucky,5.5,28.6,360
21003,"Allen County, Kentucky",Kentucky,4.9,19.5,366
21005,"Anderson County, Kentucky",Kentucky,5.7,21.5,516
21007,"Ballard County, Kentucky",Kentucky,7,66.5,210
21009,"Barren County, Kentucky",Kentucky,6.8,30,1099
21011,"Bath County, Kentucky",Kentucky,6.8,19.6,302
21013,"Bell County, Kentucky",Kentucky,7.8,25.4,556
21015,"Boone County, Kentucky",Kentucky,5.1,35.700001,3168
21017,"Bourbon County, Kentucky",Kentucky,5.5,42.400002,413
21019,"Boyd County, Kentucky",Kentucky,8.7,24.799999,1508
21021,"Boyle County, Kentucky",Kentucky,5.3,9.1000004,667
21023,"Bracken County, Kentucky",Kentucky,3.8,48,120
21025,"Breathitt County, Kentucky",Kentucky,8.7,40.400002,364
21027,"Breckinridge County, Kentucky",Kentucky,6.1,22.4,433
21029,"Bullitt County, Kentucky",Kentucky,5.8,27.6,2063
21031,"Butler County, Kentucky",Kentucky,8.5,58.599998,328
21033,"Caldwell County, Kentucky",Kentucky,8.1,27,353
21035,"Calloway County, Kentucky",Kentucky,4.2,23.9,680
21037,"Campbell County, Kentucky",Kentucky,3.9,40.900002,1754
21039,"Carlisle County, Kentucky",Kentucky,5.1,-13,90
21041,"Carroll County, Kentucky",Kentucky,4.8,-62.5,155
21043,"Carter County, Kentucky",Kentucky,6.3,14.9,539
21045,"Casey County, Kentucky",Kentucky,6.4,20.4,361
21047,"Christian County, Kentucky",Kentucky,6.5,-1.9,1592
21049,"Clark County, Kentucky",Kentucky,6.4,22.700001,915
21051,"Clay County, Kentucky",Kentucky,9.9,20.9,523
21053,"Clinton County, Kentucky",Kentucky,4.9,-30.6,138
21055,"Crittenden County, Kentucky",Kentucky,9.8,65.900002,371
21057,"Cumberland County, Kentucky",Kentucky,4.2,74.5,90
21059,"Daviess County, Kentucky",Kentucky,5.1,14.7,2056
21061,"Edmonson County, Kentucky",Kentucky,3.4,-27.1,167
21063,"Elliott County, Kentucky",Kentucky,8.6,31.799999,185
21065,"Estill County, Kentucky",Kentucky,8.7,27.4,410
21067,"Fayette County, Kentucky",Kentucky,4.9,25.799999,6963
21069,"Fleming County, Kentucky",Kentucky,5.9,41.700001,301
21071,"Floyd County, Kentucky",Kentucky,8.1,31.1,887
21073,"Franklin County, Kentucky",Kentucky,7.1,42.900002,1334
21075,"Fulton County, Kentucky",Kentucky,6.2,29.6,123
21077,"Gallatin County, Kentucky",Kentucky,11,21.799999,363
21079,"Garrard County, Kentucky",Kentucky,2.8,-52.700001,200
21081,"Grant County, Kentucky",Kentucky,8.9,40.200001,777
21083,"Graves County, Kentucky",Kentucky,4.9,-17.700001,639
21085,"Grayson County, Kentucky",Kentucky,5.1,45.400002,465
21087,"Green County, Kentucky",Kentucky,5.8,79.400002,226
21089,"Greenup County, Kentucky",Kentucky,4.9,4.1999998,680
21091,"Hancock County, Kentucky",Kentucky,7.1,61.400002,242
21093,"Hardin County, Kentucky",Kentucky,5.8,23.4,2607
21095,"Harlan County, Kentucky",Kentucky,6.4,18.6,467
21097,"Harrison County, Kentucky",Kentucky,7.2,41.299999,530
21099,"Hart County, Kentucky",Kentucky,5.4,28,373
21101,"Henderson County, Kentucky",Kentucky,7.3,42.400002,1184
21103,"Henry County, Kentucky",Kentucky,5.6,9.8999996,359
21105,"Hickman County, Kentucky",Kentucky,4.1,6.3000002,69
21107,"Hopkins County, Kentucky",Kentucky,6.4,-2.8,990
21109,"Jackson County, Kentucky",Kentucky,9.5,39.299999,360
21111,"Jefferson County, Kentucky",Kentucky,5.9,30.6,19091
21113,"Jessamine County, Kentucky",Kentucky,4.1,0.60000002,925
21115,"Johnson County, Kentucky",Kentucky,10.6,43.5,794
21117,"Kenton County, Kentucky",Kentucky,5.1,32.099998,3955
21119,"Knott County, Kentucky",Kentucky,6.9,13.2,282
21121,"Knox County, Kentucky",Kentucky,8.7,15.6,750
21123,"Larue County, Kentucky",Kentucky,8.9,44,548
21125,"Laurel County, Kentucky",Kentucky,8,25.5,1795
21127,"Lawrence County, Kentucky",Kentucky,7,-8.5,357
21129,"Lee County, Kentucky",Kentucky,6.2,-68.300003,123
21131,"Leslie County, Kentucky",Kentucky,5.4,66.800003,159
21133,"Letcher County, Kentucky",Kentucky,8.1,10.9,524
21135,"Lewis County, Kentucky",Kentucky,7.3,58,292
21137,"Lincoln County, Kentucky",Kentucky,8.5,64.699997,710
21139,"Livingston County, Kentucky",Kentucky,3.9,3.2,120
21141,"Logan County, Kentucky",Kentucky,6.5,65.5,644
21143,"Lyon County, Kentucky",Kentucky,3.3,-38,133
21145,"McCracken County, Kentucky",Kentucky,6.3,44.599998,1654
21147,"McCreary County, Kentucky",Kentucky,10.5,60,423
21149,"McLean County, Kentucky",Kentucky,6.3,47.700001,217
21151,"Madison County, Kentucky",Kentucky,6.1,23.200001,2356
21153,"Magoffin County, Kentucky",Kentucky,6.8,13.9,237
21155,"Marion County, Kentucky",Kentucky,6.5,13.2,455
21157,"Marshall County, Kentucky",Kentucky,5.1,23.799999,657
21159,"Martin County, Kentucky",Kentucky,9.4,41.799999,383
21161,"Mason County, Kentucky",Kentucky,7.5,50.5,445
21163,"Meade County, Kentucky",Kentucky,6.7,60.099998,827
21165,"Menifee County, Kentucky",Kentucky,6.7,-29.200001,148
21167,"Mercer County, Kentucky",Kentucky,5.6,29.299999,492
21169,"Metcalfe County, Kentucky",Kentucky,5.8,-3.5,185
21171,"Monroe County, Kentucky",Kentucky,7.8,22,287
21173,"Montgomery County, Kentucky",Kentucky,6.5,16.700001,681
21175,"Morgan County, Kentucky",Kentucky,4.9,-30.299999,225
21177,"Muhlenberg County, Kentucky",Kentucky,7.2,34.900002,746
21179,"Nelson County, Kentucky",Kentucky,5.4,34.5,1012
21181,"Nicholas County, Kentucky",Kentucky,9.4,40.400002,229
21183,"Ohio County, Kentucky",Kentucky,5.9,43.099998,472
21185,"Oldham County, Kentucky",Kentucky,2.8,16.700001,917
21187,"Owen County, Kentucky",Kentucky,7.3,36.599998,305
21189,"Owsley County, Kentucky",Kentucky,NA,NA,NA
21191,"Pendleton County, Kentucky",Kentucky,6.6,30,363
21193,"Perry County, Kentucky",Kentucky,8.2,12.9,673
21195,"Pike County, Kentucky",Kentucky,7.1,17.1,1374
21197,"Powell County, Kentucky",Kentucky,7.7,15.9,278
21199,"Pulaski County, Kentucky",Kentucky,7.2,31,1693
21201,"Robertson County, Kentucky",Kentucky,NA,NA,NA
21203,"Rockcastle County, Kentucky",Kentucky,5.4,-72.099998,275
21205,"Rowan County, Kentucky",Kentucky,9,42.599998,810
21207,"Russell County, Kentucky",Kentucky,4.8,36.400002,279
21209,"Scott County, Kentucky",Kentucky,5.1,27.700001,1279
21211,"Shelby County, Kentucky",Kentucky,4.7,39.400002,968
21213,"Simpson County, Kentucky",Kentucky,5.5,-59.599998,400
21215,"Spencer County, Kentucky",Kentucky,5.1,48.400002,442
21217,"Taylor County, Kentucky",Kentucky,6.6,25,611
21219,"Todd County, Kentucky",Kentucky,9,64.400002,386
21221,"Trigg County, Kentucky",Kentucky,4.6,40.900002,262
21223,"Trimble County, Kentucky",Kentucky,7.2,48.900002,216
21225,"Union County, Kentucky",Kentucky,5.9,53,269
21227,"Warren County, Kentucky",Kentucky,6.4,47.400002,3442
21229,"Washington County, Kentucky",Kentucky,3.8,23.6,155
21231,"Wayne County, Kentucky",Kentucky,6.7,25.799999,447
21233,"Webster County, Kentucky",Kentucky,4.9,65.300003,213
21235,"Whitley County, Kentucky",Kentucky,9.8,48.799999,1097
21237,"Wolfe County, Kentucky",Kentucky,5.1,5.4000001,109
21239,"Woodford County, Kentucky",Kentucky,3.7,17.1,467
22001,"Acadia Parish, Louisiana",Louisiana,6.6,27.6,1316
22003,"Allen Parish, Louisiana",Louisiana,8.4,39.299999,613
22005,"Ascension Parish, Louisiana",Louisiana,7,35.700001,3811
22007,"Assumption Parish, Louisiana",Louisiana,11.1,51.900002,855
22009,"Avoyelles Parish, Louisiana",Louisiana,8.5,38.099998,1076
22011,"Beauregard Parish, Louisiana",Louisiana,6.3,30.200001,891
22013,"Bienville Parish, Louisiana",Louisiana,10,37.900002,408
22015,"Bossier Parish, Louisiana",Louisiana,7.4,32.099998,3838
22017,"Caddo Parish, Louisiana",Louisiana,8.6,27.4,7126
22019,"Calcasieu Parish, Louisiana",Louisiana,8.3,43.900002,6095
22021,"Caldwell Parish, Louisiana",Louisiana,7.5,14.2,205
22023,"Cameron Parish, Louisiana",Louisiana,3.9,-1,78
22025,"Catahoula Parish, Louisiana",Louisiana,6.3,-33.299999,193
22027,"Claiborne Parish, Louisiana",Louisiana,9.8,40.5,461
22029,"Concordia Parish, Louisiana",Louisiana,8.7,50.900002,503
22031,"De Soto Parish, Louisiana",Louisiana,7.4,47.5,729
22033,"East Baton Rouge Parish, Louisiana",Louisiana,8.5,36.599998,14992
22035,"East Carroll Parish, Louisiana",Louisiana,12.3,68.400002,240
22037,"East Feliciana Parish, Louisiana",Louisiana,6.7,23.6,532
22039,"Evangeline Parish, Louisiana",Louisiana,6.7,0,710
22041,"Franklin Parish, Louisiana",Louisiana,9.8,31.5,609
22043,"Grant Parish, Louisiana",Louisiana,7.6,34.799999,618
22045,"Iberia Parish, Louisiana",Louisiana,7.4,28.799999,1680
22047,"Iberville Parish, Louisiana",Louisiana,8.1,15.8,935
22049,"Jackson Parish, Louisiana",Louisiana,11.1,62.700001,597
22051,"Jefferson Parish, Louisiana",Louisiana,7.9,48.900002,14653
22053,"Jefferson Davis Parish, Louisiana",Louisiana,6.4,31.4,668
22055,"Lafayette Parish, Louisiana",Louisiana,5.8,41.299999,5921
22057,"Lafourche Parish, Louisiana",Louisiana,6.2,49.400002,2433
22059,"LaSalle Parish, Louisiana",Louisiana,5.6,10.9,299
22061,"Lincoln Parish, Louisiana",Louisiana,7.6,36.299999,1406
22063,"Livingston Parish, Louisiana",Louisiana,7.6,46.799999,4456
22065,"Madison Parish, Louisiana",Louisiana,14.5,24.299999,413
22067,"Morehouse Parish, Louisiana",Louisiana,8.5,46.200001,629
22069,"Natchitoches Parish, Louisiana",Louisiana,9.8,50.099998,1278
22071,"Orleans Parish, Louisiana",Louisiana,9.7,52.099998,14803
22073,"Ouachita Parish, Louisiana",Louisiana,8.2,40.400002,4540
22075,"Plaquemines Parish, Louisiana",Louisiana,5.2,39.400002,512
22077,"Pointe Coupee Parish, Louisiana",Louisiana,9.3,22.1,692
22079,"Rapides Parish, Louisiana",Louisiana,7.7,28.299999,3541
22081,"Red River Parish, Louisiana",Louisiana,11.3,18,261
22083,"Richland Parish, Louisiana",Louisiana,8.7,30.200001,544
22085,"Sabine Parish, Louisiana",Louisiana,7.6,36.900002,569
22087,"St. Bernard Parish, Louisiana",Louisiana,11.6,45.299999,1923
22089,"St. Charles Parish, Louisiana",Louisiana,8,65.099998,1890
22091,"St. Helena Parish, Louisiana",Louisiana,9.2,32.599998,332
22093,"St. James Parish, Louisiana",Louisiana,6.1,36,482
22095,"St. John the Baptist Parish, Louisiana",Louisiana,12.6,57,2058
22097,"St. Landry Parish, Louisiana",Louisiana,7.6,22.299999,2016
22099,"St. Martin Parish, Louisiana",Louisiana,7.1,42.099998,1299
22101,"St. Mary Parish, Louisiana",Louisiana,8.2,43.200001,1365
22103,"St. Tammany Parish, Louisiana",Louisiana,6.3,47,7746
22105,"Tangipahoa Parish, Louisiana",Louisiana,8.8,44.900002,4460
22107,"Tensas Parish, Louisiana",Louisiana,NA,NA,NA
22109,"Terrebonne Parish, Louisiana",Louisiana,7.9,49.799999,3208
22111,"Union Parish, Louisiana",Louisiana,5.4,37.799999,384
22113,"Vermilion Parish, Louisiana",Louisiana,7.3,56.299999,1525
22115,"Vernon Parish, Louisiana",Louisiana,5.3,10.5,909
22117,"Washington Parish, Louisiana",Louisiana,10.3,29.9,1517
22119,"Webster Parish, Louisiana",Louisiana,10.3,44.700001,1202
22121,"West Baton Rouge Parish, Louisiana",Louisiana,9.4,45.5,1007
22123,"West Carroll Parish, Louisiana",Louisiana,5.5,-27.799999,177
22125,"West Feliciana Parish, Louisiana",Louisiana,5.9,56,382
22127,"Winn Parish, Louisiana",Louisiana,8.5,13.3,365
23001,"Androscoggin County, Maine",Maine,5.8,44.799999,2801
23003,"Aroostook County, Maine",Maine,4.4,26.9,1277
23005,"Cumberland County, Maine",Maine,3.1,45.799999,4964
23007,"Franklin County, Maine",Maine,3.3,13.4,444
23009,"Hancock County, Maine",Maine,3.9,10.7,1080
23011,"Kennebec County, Maine",Maine,3.8,32.099998,2129
23013,"Knox County, Maine",Maine,3.5,48.5,712
23015,"Lincoln County, Maine",Maine,4.7,53.400002,845
23017,"Oxford County, Maine",Maine,6.5,48,1698
23019,"Penobscot County, Maine",Maine,4.9,42.299999,3483
23021,"Piscataquis County, Maine",Maine,5.7,69.300003,433
23023,"Sagadahoc County, Maine",Maine,4.6,55.5,863
23025,"Somerset County, Maine",Maine,5.8,40.299999,1224
23027,"Waldo County, Maine",Maine,4.4,79.300003,805
23029,"Washington County, Maine",Maine,4.2,10.1,565
23031,"York County, Maine",Maine,3.9,30.5,4296
24001,"Allegany County, Maryland",Maryland,6.6,30.6,1868
24003,"Anne Arundel County, Maryland",Maryland,4.6,41.099998,13795
24005,"Baltimore County, Maryland",Maryland,7,42.400002,27979
24009,"Calvert County, Maryland",Maryland,5.6,49.599998,2648
24011,"Caroline County, Maryland",Maryland,6.8,29.4,990
24013,"Carroll County, Maryland",Maryland,3.5,47.700001,3223
24015,"Cecil County, Maryland",Maryland,7.3,34,3537
24017,"Charles County, Maryland",Maryland,8.7,45.400002,7064
24019,"Dorchester County, Maryland",Maryland,9.9,41.200001,1351
24021,"Frederick County, Maryland",Maryland,4.3,45.5,5963
24023,"Garrett County, Maryland",Maryland,4.9,51.200001,662
24025,"Harford County, Maryland",Maryland,5.6,46.5,7432
24027,"Howard County, Maryland",Maryland,3.7,37.5,6372
24029,"Kent County, Maryland",Maryland,2.3,-51.099998,241
24031,"Montgomery County, Maryland",Maryland,3.9,46,20176
24033,"Prince George's County, Maryland",Maryland,9,41.200001,37044
24035,"Queen Anne's County, Maryland",Maryland,3.4,23.4,889
24037,"St. Mary's County, Maryland",Maryland,5,38.400002,2830
24039,"Somerset County, Maryland",Maryland,8.7,41,923
24041,"Talbot County, Maryland",Maryland,3.4,37,664
24043,"Washington County, Maryland",Maryland,6.6,41.900002,4701
24045,"Wicomico County, Maryland",Maryland,7.7,40.700001,3523
24047,"Worcester County, Maryland",Maryland,5.4,62.700001,1430
24510,"Baltimore city, Maryland",Maryland,10.7,34.099998,23717
25001,"Barnstable County, Massachusetts",Massachusetts,3.5,39.299999,4528
25003,"Berkshire County, Massachusetts",Massachusetts,5.1,27.700001,3322
25005,"Bristol County, Massachusetts",Massachusetts,6.3,40,17936
25007,"Dukes County, Massachusetts",Massachusetts,3.1,46.299999,343
25009,"Essex County, Massachusetts",Massachusetts,5,43,20797
25011,"Franklin County, Massachusetts",Massachusetts,3,37.200001,1091
25013,"Hampden County, Massachusetts",Massachusetts,7.5,38,16059
25015,"Hampshire County, Massachusetts",Massachusetts,2.5,-13.9,2104
25017,"Middlesex County, Massachusetts",Massachusetts,3.2,34.299999,27528
25019,"Nantucket County, Massachusetts",Massachusetts,4.3,51.200001,318
25021,"Norfolk County, Massachusetts",Massachusetts,3.4,40.700001,13009
25023,"Plymouth County, Massachusetts",Massachusetts,4.9,43.599998,13151
25025,"Suffolk County, Massachusetts",Massachusetts,5.7,39.200001,21859
25027,"Worcester County, Massachusetts",Massachusetts,5.3,37.099998,22685
26001,"Alcona County, Michigan",Michigan,5,45.700001,274
26003,"Alger County, Michigan",Michigan,1.2,NA,< 50
26005,"Allegan County, Michigan",Michigan,3.2,26.5,1728
26007,"Alpena County, Michigan",Michigan,4.3,49.5,597
26009,"Antrim County, Michigan",Michigan,3.2,65.300003,373
26011,"Arenac County, Michigan",Michigan,5.1,61.099998,355
26013,"Baraga County, Michigan",Michigan,4.5,26.700001,166
26015,"Barry County, Michigan",Michigan,4.6,43.200001,1291
26017,"Bay County, Michigan",Michigan,5.4,39.700001,2510
26019,"Benzie County, Michigan",Michigan,3.2,56.900002,294
26021,"Berrien County, Michigan",Michigan,5.4,34.200001,3514
26023,"Branch County, Michigan",Michigan,6.6,31.1,1182
26025,"Calhoun County, Michigan",Michigan,7.6,41.200001,4055
26027,"Cass County, Michigan",Michigan,4.3,20,963
26029,"Charlevoix County, Michigan",Michigan,4,44.299999,502
26031,"Cheboygan County, Michigan",Michigan,3,19.700001,376
26033,"Chippewa County, Michigan",Michigan,3.8,28.200001,608
26035,"Clare County, Michigan",Michigan,3.9,8.1000004,513
26037,"Clinton County, Michigan",Michigan,4.1,62.400002,1623
26039,"Crawford County, Michigan",Michigan,5.6,50.799999,346
26041,"Delta County, Michigan",Michigan,2.7,9.8000002,443
26043,"Dickinson County, Michigan",Michigan,4,53.900002,481
26045,"Eaton County, Michigan",Michigan,4.8,40.299999,2500
26047,"Emmet County, Michigan",Michigan,2.3,0.5,369
26049,"Genesee County, Michigan",Michigan,6.5,30.1,11110
26051,"Gladwin County, Michigan",Michigan,4.4,48,509
26053,"Gogebic County, Michigan",Michigan,4.5,42.400002,289
26055,"Grand Traverse County, Michigan",Michigan,2.4,3.4000001,1153
26057,"Gratiot County, Michigan",Michigan,4.7,45.299999,863
26059,"Hillsdale County, Michigan",Michigan,6.3,37.700001,1243
26061,"Houghton County, Michigan",Michigan,2.9,15.4,502
26063,"Huron County, Michigan",Michigan,3.8,52,558
26065,"Ingham County, Michigan",Michigan,5.9,44.700001,7691
26067,"Ionia County, Michigan",Michigan,4.7,37.5,1334
26069,"Iosco County, Michigan",Michigan,3.1,-75,366
26071,"Iron County, Michigan",Michigan,5,2.9000001,264
26073,"Isabella County, Michigan",Michigan,4.8,12.9,1409
26075,"Jackson County, Michigan",Michigan,6.1,36.599998,4316
26077,"Kalamazoo County, Michigan",Michigan,5.1,38.099998,6118
26079,"Kalkaska County, Michigan",Michigan,4.2,22.299999,319
26081,"Kent County, Michigan",Michigan,4.1,29.200001,12127
26083,"Keweenaw County, Michigan",Michigan,NA,NA,NA
26085,"Lake County, Michigan",Michigan,4.6,87.900002,246
26087,"Lapeer County, Michigan",Michigan,4.8,45.400002,2049
26089,"Leelanau County, Michigan",Michigan,1.8,49.400002,212
26091,"Lenawee County, Michigan",Michigan,5.3,40.599998,2404
26093,"Livingston County, Michigan",Michigan,2.9,41.900002,3014
26095,"Luce County, Michigan",Michigan,7.8,84.699997,187
26097,"Mackinac County, Michigan",Michigan,2.8,100,147
26099,"Macomb County, Michigan",Michigan,5.7,43.200001,24501
26101,"Manistee County, Michigan",Michigan,5.1,33.5,586
26103,"Marquette County, Michigan",Michigan,2.8,49.5,929
26105,"Mason County, Michigan",Michigan,2.3,-18.799999,293
26107,"Mecosta County, Michigan",Michigan,4,32.200001,704
26109,"Menominee County, Michigan",Michigan,3.9,63.400002,402
26111,"Midland County, Michigan",Michigan,2.6,19.6,1034
26113,"Missaukee County, Michigan",Michigan,4.7,41.700001,296
26115,"Monroe County, Michigan",Michigan,5,39.400002,3698
26117,"Montcalm County, Michigan",Michigan,6.2,30.4,1708
26119,"Montmorency County, Michigan",Michigan,5.1,30.700001,221
26121,"Muskegon County, Michigan",Michigan,7,40.400002,5109
26123,"Newaygo County, Michigan",Michigan,6.6,40.799999,1336
26125,"Oakland County, Michigan",Michigan,3.8,33.900002,24887
26127,"Oceana County, Michigan",Michigan,5.3,37,572
26129,"Ogemaw County, Michigan",Michigan,6.3,69.800003,578
26131,"Ontonagon County, Michigan",Michigan,2.7,31.5,76
26133,"Osceola County, Michigan",Michigan,7,30.6,663
26135,"Oscoda County, Michigan",Michigan,4.3,31.5,153
26137,"Otsego County, Michigan",Michigan,4.2,30.6,445
26139,"Ottawa County, Michigan",Michigan,3,39.099998,4253
26141,"Presque Isle County, Michigan",Michigan,3.5,7.6999998,220
26143,"Roscommon County, Michigan",Michigan,6.8,51.599998,753
26145,"Saginaw County, Michigan",Michigan,5.5,37.599998,4437
26147,"St. Clair County, Michigan",Michigan,5.2,43.599998,3851
26149,"St. Joseph County, Michigan",Michigan,6.4,41.400002,1504
26151,"Sanilac County, Michigan",Michigan,5.2,43.299999,948
26153,"Schoolcraft County, Michigan",Michigan,1.3,NA,< 50
26155,"Shiawassee County, Michigan",Michigan,7.1,56.900002,2136
26157,"Tuscola County, Michigan",Michigan,5.3,41.299999,1245
26159,"Van Buren County, Michigan",Michigan,5.7,35.799999,1885
26161,"Washtenaw County, Michigan",Michigan,3.4,43.200001,6466
26163,"Wayne County, Michigan",Michigan,8.1,27.799999,58494
26165,"Wexford County, Michigan",Michigan,5.5,38.599998,796
27001,"Aitkin County, Minnesota",Minnesota,2.4,3.2,182
27003,"Anoka County, Minnesota",Minnesota,3.5,38.299999,6190
27005,"Becker County, Minnesota",Minnesota,3.6,43,567
27007,"Beltrami County, Minnesota",Minnesota,3.4,53.5,650
27009,"Benton County, Minnesota",Minnesota,6.3,51.400002,1136
27011,"Big Stone County, Minnesota",Minnesota,3.2,65.900002,78
27013,"Blue Earth County, Minnesota",Minnesota,4.2,26.1,1373
27015,"Brown County, Minnesota",Minnesota,2.3,9.3999996,280
27017,"Carlton County, Minnesota",Minnesota,4.3,35.700001,724
27019,"Carver County, Minnesota",Minnesota,2.3,52.599998,1311
27021,"Cass County, Minnesota",Minnesota,3.5,-1.6,492
27023,"Chippewa County, Minnesota",Minnesota,3.3,28.200001,167
27025,"Chisago County, Minnesota",Minnesota,2.8,29.6,780
27027,"Clay County, Minnesota",Minnesota,2.8,-13.7,827
27029,"Clearwater County, Minnesota",Minnesota,4.4,71.800003,145
27031,"Cook County, Minnesota",Minnesota,2.8,51.400002,88
27033,"Cottonwood County, Minnesota",Minnesota,2.8,39.5,138
27035,"Crow Wing County, Minnesota",Minnesota,3.5,32.200001,1109
27037,"Dakota County, Minnesota",Minnesota,3.2,34.299999,6944
27039,"Dodge County, Minnesota",Minnesota,2.5,44.5,240
27041,"Douglas County, Minnesota",Minnesota,2.9,31.9,566
27043,"Faribault County, Minnesota",Minnesota,5.3,11.1,306
27045,"Fillmore County, Minnesota",Minnesota,3.5,31.200001,315
27047,"Freeborn County, Minnesota",Minnesota,5,58.299999,682
27049,"Goodhue County, Minnesota",Minnesota,3.9,44.5,885
27051,"Grant County, Minnesota",Minnesota,2.8,65.699997,82
27053,"Hennepin County, Minnesota",Minnesota,3.5,33.599998,21897
27055,"Houston County, Minnesota",Minnesota,3.2,84.800003,291
27057,"Hubbard County, Minnesota",Minnesota,2.2,4.9000001,217
27059,"Isanti County, Minnesota",Minnesota,4.3,49.099998,837
27061,"Itasca County, Minnesota",Minnesota,2.8,22.4,581
27063,"Jackson County, Minnesota",Minnesota,3.9,10.3,191
27065,"Kanabec County, Minnesota",Minnesota,5.4,53.5,385
27067,"Kandiyohi County, Minnesota",Minnesota,3.6,35.900002,691
27069,"Kittson County, Minnesota",Minnesota,1.1,NA,< 50
27071,"Koochiching County, Minnesota",Minnesota,4.3,73.199997,242
27073,"Lac qui Parle County, Minnesota",Minnesota,4.7,81.800003,141
27075,"Lake County, Minnesota",Minnesota,3,34,159
27077,"Lake of the Woods County, Minnesota",Minnesota,4.2,37.900002,86
27079,"Le Sueur County, Minnesota",Minnesota,3.1,23.200001,420
27081,"Lincoln County, Minnesota",Minnesota,7.5,100,197
27083,"Lyon County, Minnesota",Minnesota,3.3,22.6,369
27085,"McLeod County, Minnesota",Minnesota,2.8,28.1,496
27087,"Mahnomen County, Minnesota",Minnesota,5.9,54.099998,90
27089,"Marshall County, Minnesota",Minnesota,5.9,72.400002,241
27091,"Martin County, Minnesota",Minnesota,3.4,21.1,302
27093,"Meeker County, Minnesota",Minnesota,2.1,52.700001,229
27095,"Mille Lacs County, Minnesota",Minnesota,4.4,21,512
27097,"Morrison County, Minnesota",Minnesota,3,46.700001,484
27099,"Mower County, Minnesota",Minnesota,5.2,39.299999,801
27101,"Murray County, Minnesota",Minnesota,4.8,100,179
27103,"Nicollet County, Minnesota",Minnesota,3.4,38.700001,590
27105,"Nobles County, Minnesota",Minnesota,4.7,65.099998,394
27107,"Norman County, Minnesota",Minnesota,5,-20,132
27109,"Olmsted County, Minnesota",Minnesota,3.3,31.299999,2570
27111,"Otter Tail County, Minnesota",Minnesota,2.6,30.299999,740
27113,"Pennington County, Minnesota",Minnesota,3.1,-39.099998,194
27115,"Pine County, Minnesota",Minnesota,4.8,42.599998,647
27117,"Pipestone County, Minnesota",Minnesota,3.8,66.199997,151
27119,"Polk County, Minnesota",Minnesota,3,20.6,429
27121,"Pope County, Minnesota",Minnesota,3.3,71.800003,180
27123,"Ramsey County, Minnesota",Minnesota,3.8,27.6,9600
27125,"Red Lake County, Minnesota",Minnesota,3.5,100,60
27127,"Redwood County, Minnesota",Minnesota,3.7,14.1,250
27129,"Renville County, Minnesota",Minnesota,2.7,38.900002,177
27131,"Rice County, Minnesota",Minnesota,3.9,50.700001,1268
27133,"Rock County, Minnesota",Minnesota,2.1,-103.1,91
27135,"Roseau County, Minnesota",Minnesota,3.7,53.299999,250
27137,"St. Louis County, Minnesota",Minnesota,3.1,40,3103
27139,"Scott County, Minnesota",Minnesota,3.1,48.400002,2351
27141,"Sherburne County, Minnesota",Minnesota,3.3,54.700001,1572
27143,"Sibley County, Minnesota",Minnesota,2.8,-20.700001,204
27145,"Stearns County, Minnesota",Minnesota,3.1,16.6,2327
27147,"Steele County, Minnesota",Minnesota,4,52.299999,680
27149,"Stevens County, Minnesota",Minnesota,0,NA,< 50
27151,"Swift County, Minnesota",Minnesota,2.9,64.800003,132
27153,"Todd County, Minnesota",Minnesota,3.2,45.099998,337
27155,"Traverse County, Minnesota",Minnesota,NA,NA,NA
27157,"Wabasha County, Minnesota",Minnesota,3.1,77.400002,313
27159,"Wadena County, Minnesota",Minnesota,5.7,33,309
27161,"Waseca County, Minnesota",Minnesota,4.7,41.700001,402
27163,"Washington County, Minnesota",Minnesota,2.8,47.700001,3900
27165,"Watonwan County, Minnesota",Minnesota,2.9,36,126
27167,"Wilkin County, Minnesota",Minnesota,3.1,-5.4000001,79
27169,"Winona County, Minnesota",Minnesota,2.2,16.5,555
27171,"Wright County, Minnesota",Minnesota,2.9,31.1,2028
27173,"Yellow Medicine County, Minnesota",Minnesota,2.8,14.1,124
28001,"Adams County, Mississippi",Mississippi,12.4,34.599998,1237
28003,"Alcorn County, Mississippi",Mississippi,6.6,22.700001,854
28005,"Amite County, Mississippi",Mississippi,9.1,29,399
28007,"Attala County, Mississippi",Mississippi,8.7,23.299999,492
28009,"Benton County, Mississippi",Mississippi,8.2,-18.1,214
28011,"Bolivar County, Mississippi",Mississippi,10.8,8.8999996,1079
28013,"Calhoun County, Mississippi",Mississippi,11.9,44.799999,496
28015,"Carroll County, Mississippi",Mississippi,8.4,64.699997,320
28017,"Chickasaw County, Mississippi",Mississippi,11.6,35,579
28019,"Choctaw County, Mississippi",Mississippi,16.5,70,423
28021,"Claiborne County, Mississippi",Mississippi,13.8,-41.200001,350
28023,"Clarke County, Mississippi",Mississippi,10.6,31.299999,576
28025,"Clay County, Mississippi",Mississippi,7.7,58.400002,517
28027,"Coahoma County, Mississippi",Mississippi,10.1,-16.700001,545
28029,"Copiah County, Mississippi",Mississippi,14.1,49,1240
28031,"Covington County, Mississippi",Mississippi,7,-1.6,419
28033,"DeSoto County, Mississippi",Mississippi,9.3,44.599998,7461
28035,"Forrest County, Mississippi",Mississippi,10.4,29.4,2849
28037,"Franklin County, Mississippi",Mississippi,8.8,43.799999,224
28039,"George County, Mississippi",Mississippi,8.1,12.7,666
28041,"Greene County, Mississippi",Mississippi,4.8,65.900002,233
28043,"Grenada County, Mississippi",Mississippi,12.8,46.599998,831
28045,"Hancock County, Mississippi",Mississippi,6.2,32.799999,1255
28047,"Harrison County, Mississippi",Mississippi,8.1,32,6730
28049,"Hinds County, Mississippi",Mississippi,11.4,32.200001,9058
28051,"Holmes County, Mississippi",Mississippi,17.1,39,787
28053,"Humphreys County, Mississippi",Mississippi,15.9,18.4,288
28055,"Issaquena County, Mississippi",Mississippi,NA,NA,NA
28057,"Itawamba County, Mississippi",Mississippi,6.4,3.2,543
28059,"Jackson County, Mississippi",Mississippi,8,25,4481
28061,"Jasper County, Mississippi",Mississippi,7.5,-8.6000004,411
28063,"Jefferson County, Mississippi",Mississippi,13.2,-5.5999999,282
28065,"Jefferson Davis County, Mississippi",Mississippi,20.2,53,732
28067,"Jones County, Mississippi",Mississippi,9.5,27,2053
28069,"Kemper County, Mississippi",Mississippi,6.7,7.1999998,198
28071,"Lafayette County, Mississippi",Mississippi,5.2,34.599998,1413
28073,"Lamar County, Mississippi",Mississippi,8.7,44.799999,2272
28075,"Lauderdale County, Mississippi",Mississippi,9,27.799999,2310
28077,"Lawrence County, Mississippi",Mississippi,7.5,4.4000001,290
28079,"Leake County, Mississippi",Mississippi,10.8,17.9,696
28081,"Lee County, Mississippi",Mississippi,8,18,2403
28083,"Leflore County, Mississippi",Mississippi,12.3,12.5,1023
28085,"Lincoln County, Mississippi",Mississippi,11.2,59.799999,1397
28087,"Lowndes County, Mississippi",Mississippi,7.8,20.9,1630
28089,"Madison County, Mississippi",Mississippi,6.2,37.599998,3018
28091,"Marion County, Mississippi",Mississippi,10.5,40.200001,815
28093,"Marshall County, Mississippi",Mississippi,11.1,56.799999,1346
28095,"Monroe County, Mississippi",Mississippi,11.4,46.799999,1236
28097,"Montgomery County, Mississippi",Mississippi,9.6,47.200001,299
28099,"Neshoba County, Mississippi",Mississippi,8.8,-26.200001,667
28101,"Newton County, Mississippi",Mississippi,8.3,29.1,595
28103,"Noxubee County, Mississippi",Mississippi,10,35.5,317
28105,"Oktibbeha County, Mississippi",Mississippi,6.9,37.200001,1472
28107,"Panola County, Mississippi",Mississippi,10.3,19.799999,1097
28109,"Pearl River County, Mississippi",Mississippi,8.5,38.099998,1810
28111,"Perry County, Mississippi",Mississippi,7.3,21.4,292
28113,"Pike County, Mississippi",Mississippi,10.6,40.5,1478
28115,"Pontotoc County, Mississippi",Mississippi,9.8,48.5,903
28117,"Prentiss County, Mississippi",Mississippi,8.3,29,657
28119,"Quitman County, Mississippi",Mississippi,19,37.400002,289
28121,"Rankin County, Mississippi",Mississippi,7.5,30.200001,5147
28123,"Scott County, Mississippi",Mississippi,10.4,23.6,956
28125,"Sharkey County, Mississippi",Mississippi,10.3,25.6,128
28127,"Simpson County, Mississippi",Mississippi,10.4,26.299999,924
28129,"Smith County, Mississippi",Mississippi,9.7,24.200001,483
28131,"Stone County, Mississippi",Mississippi,6.5,2.3,424
28133,"Sunflower County, Mississippi",Mississippi,13.3,22.6,1048
28135,"Tallahatchie County, Mississippi",Mississippi,14.1,57,554
28137,"Tate County, Mississippi",Mississippi,10.2,19.799999,1061
28139,"Tippah County, Mississippi",Mississippi,9.4,56.900002,634
28141,"Tishomingo County, Mississippi",Mississippi,5.3,10.9,351
28143,"Tunica County, Mississippi",Mississippi,11.7,39.299999,291
28145,"Union County, Mississippi",Mississippi,7.3,3.8,732
28147,"Walthall County, Mississippi",Mississippi,8.9,17.299999,406
28149,"Warren County, Mississippi",Mississippi,10.9,45.700001,1645
28151,"Washington County, Mississippi",Mississippi,12.9,44.299999,1678
28153,"Wayne County, Mississippi",Mississippi,11,23.299999,691
28155,"Webster County, Mississippi",Mississippi,6.9,48.400002,246
28157,"Wilkinson County, Mississippi",Mississippi,9.6,35.700001,279
28159,"Winston County, Mississippi",Mississippi,7.9,19.6,431
28161,"Yalobusha County, Mississippi",Mississippi,9.9,31.4,415
28163,"Yazoo County, Mississippi",Mississippi,14.1,32.799999,1086
29001,"Adair County, Missouri",Missouri,4.6,36,506
29003,"Andrew County, Missouri",Missouri,5.2,56.799999,403
29005,"Atchison County, Missouri",Missouri,3.3,27,72
29007,"Audrain County, Missouri",Missouri,4.7,-6.0999999,413
29009,"Barry County, Missouri",Missouri,6.1,54.900002,787
29011,"Barton County, Missouri",Missouri,9,37,374
29013,"Bates County, Missouri",Missouri,7.7,37.099998,443
29015,"Benton County, Missouri",Missouri,5.8,68,482
29017,"Bollinger County, Missouri",Missouri,7.9,75.5,314
29019,"Boone County, Missouri",Missouri,4.1,27.4,3551
29021,"Buchanan County, Missouri",Missouri,6.9,30.299999,2199
29023,"Butler County, Missouri",Missouri,8,33,1087
29025,"Caldwell County, Missouri",Missouri,7.9,92.300003,297
29027,"Callaway County, Missouri",Missouri,3.3,-28,619
29029,"Camden County, Missouri",Missouri,3.5,28.700001,750
29031,"Cape Girardeau County, Missouri",Missouri,5.1,25,1865
29033,"Carroll County, Missouri",Missouri,5.9,4.9000001,200
29035,"Carter County, Missouri",Missouri,5.6,41.900002,120
29037,"Cass County, Missouri",Missouri,5.7,45.200001,2799
29039,"Cedar County, Missouri",Missouri,4.7,54.400002,271
29041,"Chariton County, Missouri",Missouri,5.1,81.599998,167
29043,"Christian County, Missouri",Missouri,4.5,31.5,1848
29045,"Clark County, Missouri",Missouri,3.9,31.1,98
29047,"Clay County, Missouri",Missouri,4.9,37.400002,5846
29049,"Clinton County, Missouri",Missouri,5.1,43.299999,443
29051,"Cole County, Missouri",Missouri,4.2,51.599998,1474
29053,"Cooper County, Missouri",Missouri,3.8,12.7,279
29055,"Crawford County, Missouri",Missouri,5.6,64.900002,469
29057,"Dade County, Missouri",Missouri,1.9,-71,70
29059,"Dallas County, Missouri",Missouri,7.9,58.900002,527
29061,"Daviess County, Missouri",Missouri,4.8,34.799999,172
29063,"DeKalb County, Missouri",Missouri,4.2,-27.799999,205
29065,"Dent County, Missouri",Missouri,6.2,48.200001,335
29067,"Douglas County, Missouri",Missouri,NA,NA,NA
29069,"Dunklin County, Missouri",Missouri,7,25.4,577
29071,"Franklin County, Missouri",Missouri,4.8,38.599998,2162
29073,"Gasconade County, Missouri",Missouri,3.7,-26.4,250
29075,"Gentry County, Missouri",Missouri,6.8,35.200001,177
29077,"Greene County, Missouri",Missouri,5.8,31.9,7667
29079,"Grundy County, Missouri",Missouri,5.5,26.6,202
29081,"Harrison County, Missouri",Missouri,3.6,-95.699997,113
29083,"Henry County, Missouri",Missouri,6.1,48.5,536
29085,"Hickory County, Missouri",Missouri,6.3,-1.1,195
29087,"Holt County, Missouri",Missouri,2.3,NA,< 50
29089,"Howard County, Missouri",Missouri,4.9,40.200001,209
29091,"Howell County, Missouri",Missouri,6,31,886
29093,"Iron County, Missouri",Missouri,3.1,-66.199997,107
29095,"Jackson County, Missouri",Missouri,6.7,36.299999,19734
29097,"Jasper County, Missouri",Missouri,6.5,12.2,2943
29099,"Jefferson County, Missouri",Missouri,4.8,29.6,5080
29101,"Johnson County, Missouri",Missouri,4.4,26.200001,1078
29103,"Knox County, Missouri",Missouri,4.1,-7.4000001,63
29105,"Laclede County, Missouri",Missouri,6,31.5,813
29107,"Lafayette County, Missouri",Missouri,6.8,56.299999,906
29109,"Lawrence County, Missouri",Missouri,7,54.900002,1028
29111,"Lewis County, Missouri",Missouri,5.9,32.5,209
29113,"Lincoln County, Missouri",Missouri,5.7,41.299999,1529
29115,"Linn County, Missouri",Missouri,4.2,8.8999996,193
29117,"Livingston County, Missouri",Missouri,4.5,18.5,248
29119,"McDonald County, Missouri",Missouri,7.1,14.8,551
29121,"Macon County, Missouri",Missouri,4.3,8,226
29123,"Madison County, Missouri",Missouri,6.7,51.599998,315
29125,"Maries County, Missouri",Missouri,10.9,76.599998,306
29127,"Marion County, Missouri",Missouri,4.2,16.9,449
29129,"Mercer County, Missouri",Missouri,8.2,100,122
29131,"Miller County, Missouri",Missouri,5,41.400002,473
29133,"Mississippi County, Missouri",Missouri,10.4,4.6999998,378
29135,"Moniteau County, Missouri",Missouri,4.9,53.400002,327
29137,"Monroe County, Missouri",Missouri,6.6,37.900002,240
29139,"Montgomery County, Missouri",Missouri,3.2,-4.8000002,140
29141,"Morgan County, Missouri",Missouri,5.4,16.1,493
29143,"New Madrid County, Missouri",Missouri,8.3,37.5,454
29145,"Newton County, Missouri",Missouri,5.7,29.299999,1276
29147,"Nodaway County, Missouri",Missouri,2.1,28.9,210
29149,"Oregon County, Missouri",Missouri,9.4,50.900002,244
29151,"Osage County, Missouri",Missouri,2,-24.5,117
29153,"Ozark County, Missouri",Missouri,3.5,72.900002,121
29155,"Pemiscot County, Missouri",Missouri,6.1,16.299999,255
29157,"Perry County, Missouri",Missouri,1.9,-13.7,154
29159,"Pettis County, Missouri",Missouri,5.9,33.5,948
29161,"Phelps County, Missouri",Missouri,3.3,-16,592
29163,"Pike County, Missouri",Missouri,1.8,-92.599998,129
29165,"Platte County, Missouri",Missouri,4.9,38.400002,2544
29167,"Polk County, Missouri",Missouri,6.9,60.400002,901
29169,"Pulaski County, Missouri",Missouri,6.1,21.1,1408
29171,"Putnam County, Missouri",Missouri,3.2,100,65
29173,"Ralls County, Missouri",Missouri,4.9,65.599998,217
29175,"Randolph County, Missouri",Missouri,7.7,35.200001,722
29177,"Ray County, Missouri",Missouri,5.8,50.799999,556
29179,"Reynolds County, Missouri",Missouri,8.2,58.099998,181
29181,"Ripley County, Missouri",Missouri,5.1,63.5,171
29183,"St. Charles County, Missouri",Missouri,3.6,36.400002,7564
29185,"St. Clair County, Missouri",Missouri,5.8,-15.6,204
29186,"Ste. Genevieve County, Missouri",Missouri,4.4,19,385
29187,"St. Francois County, Missouri",Missouri,7.4,44.200001,1827
29189,"St. Louis County, Missouri",Missouri,5.2,37.299999,24391
29195,"Saline County, Missouri",Missouri,6.4,3.3,537
29197,"Schuyler County, Missouri",Missouri,2.2,NA,< 50
29199,"Scotland County, Missouri",Missouri,1.3,NA,< 50
29201,"Scott County, Missouri",Missouri,8.3,42.5,1093
29203,"Shannon County, Missouri",Missouri,2.8,-71.5,66
29205,"Shelby County, Missouri",Missouri,1.7,NA,< 50
29207,"Stoddard County, Missouri",Missouri,7.9,44.400002,846
29209,"Stone County, Missouri",Missouri,3.6,35,557
29211,"Sullivan County, Missouri",Missouri,8.7,67.099998,202
29213,"Taney County, Missouri",Missouri,7,40.599998,1669
29215,"Texas County, Missouri",Missouri,6.2,64.099998,559
29217,"Vernon County, Missouri",Missouri,6.9,34.700001,471
29219,"Warren County, Missouri",Missouri,4.6,30.4,729
29221,"Washington County, Missouri",Missouri,8.2,44.099998,588
29223,"Wayne County, Missouri",Missouri,5.8,6.1999998,228
29225,"Webster County, Missouri",Missouri,4.8,53.099998,741
29227,"Worth County, Missouri",Missouri,NA,NA,NA
29229,"Wright County, Missouri",Missouri,2.6,-62.5,162
29510,"St. Louis city, Missouri",Missouri,7.6,27.799999,8860
30001,"Beaverhead County, Montana",Montana,3.4,49.799999,164
30003,"Big Horn County, Montana",Montana,5.6,-1.6,195
30005,"Blaine County, Montana",Montana,5.4,53.400002,132
30007,"Broadwater County, Montana",Montana,3.7,35.799999,132
30009,"Carbon County, Montana",Montana,3.6,55.299999,200
30011,"Carter County, Montana",Montana,NA,NA,NA
30013,"Cascade County, Montana",Montana,4.6,21.799999,1758
30015,"Chouteau County, Montana",Montana,0,NA,< 50
30017,"Custer County, Montana",Montana,3.9,43,219
30019,"Daniels County, Montana",Montana,NA,NA,NA
30021,"Dawson County, Montana",Montana,2.6,-25.200001,104
30023,"Deer Lodge County, Montana",Montana,9.1,66.199997,416
30025,"Fallon County, Montana",Montana,3,NA,< 50
30027,"Fergus County, Montana",Montana,2.4,33.599998,138
30029,"Flathead County, Montana",Montana,3.4,50.400002,1787
30031,"Gallatin County, Montana",Montana,2.7,46.900002,1767
30033,"Garfield County, Montana",Montana,NA,NA,NA
30035,"Glacier County, Montana",Montana,11.3,65.099998,424
30037,"Golden Valley County, Montana",Montana,NA,NA,NA
30039,"Granite County, Montana",Montana,6.6,100,104
30041,"Hill County, Montana",Montana,4.9,36.700001,312
30043,"Jefferson County, Montana",Montana,2.4,53.299999,144
30045,"Judith Basin County, Montana",Montana,NA,NA,NA
30047,"Lake County, Montana",Montana,3.9,34.599998,536
30049,"Lewis and Clark County, Montana",Montana,2.9,21,1015
30051,"Liberty County, Montana",Montana,NA,NA,NA
30053,"Lincoln County, Montana",Montana,3.2,33.599998,278
30055,"McCone County, Montana",Montana,NA,NA,NA
30057,"Madison County, Montana",Montana,2.3,-11.3,107
30059,"Meagher County, Montana",Montana,NA,NA,NA
30061,"Mineral County, Montana",Montana,4.2,31.4,79
30063,"Missoula County, Montana",Montana,3.4,37.200001,2106
30065,"Musselshell County, Montana",Montana,4.3,9.8000002,102
30067,"Park County, Montana",Montana,2.2,75.400002,199
30069,"Petroleum County, Montana",Montana,NA,NA,NA
30071,"Phillips County, Montana",Montana,3.6,-6.3000002,60
30073,"Pondera County, Montana",Montana,6.1,66.800003,146
30075,"Powder River County, Montana",Montana,NA,NA,NA
30077,"Powell County, Montana",Montana,3.1,-40.200001,102
30079,"Prairie County, Montana",Montana,NA,NA,NA
30081,"Ravalli County, Montana",Montana,3.1,37.299999,710
30083,"Richland County, Montana",Montana,5.1,43.599998,242
30085,"Roosevelt County, Montana",Montana,5.2,53.700001,163
30087,"Rosebud County, Montana",Montana,7.8,1.1,212
30089,"Sanders County, Montana",Montana,4.1,65.099998,252
30091,"Sheridan County, Montana",Montana,2.6,NA,< 50
30093,"Silver Bow County, Montana",Montana,4.2,11.6,639
30095,"Stillwater County, Montana",Montana,1.8,20.299999,84
30097,"Sweet Grass County, Montana",Montana,4.9,60.400002,92
30099,"Teton County, Montana",Montana,2.3,100,69
30101,"Toole County, Montana",Montana,2.2,-58.799999,55
30103,"Treasure County, Montana",Montana,0,NA,< 50
30105,"Valley County, Montana",Montana,2.9,4.8000002,98
30107,"Wheatland County, Montana",Montana,NA,NA,NA
30109,"Wibaux County, Montana",Montana,NA,NA,NA
30111,"Yellowstone County, Montana",Montana,4,25.6,3081
31001,"Adams County, Nebraska",Nebraska,4.5,47.299999,575
31003,"Antelope County, Nebraska",Nebraska,5.8,40.400002,157
31005,"Arthur County, Nebraska",Nebraska,NA,NA,NA
31007,"Banner County, Nebraska",Nebraska,NA,NA,NA
31009,"Blaine County, Nebraska",Nebraska,NA,NA,NA
31011,"Boone County, Nebraska",Nebraska,2.3,63.599998,61
31013,"Box Butte County, Nebraska",Nebraska,4,18.200001,185
31015,"Boyd County, Nebraska",Nebraska,NA,NA,NA
31017,"Brown County, Nebraska",Nebraska,1.5,NA,< 50
31019,"Buffalo County, Nebraska",Nebraska,4,49.900002,939
31021,"Burt County, Nebraska",Nebraska,5.4,71.900002,158
31023,"Butler County, Nebraska",Nebraska,1.8,25.799999,68
31025,"Cass County, Nebraska",Nebraska,2.6,24.6,326
31027,"Cedar County, Nebraska",Nebraska,2.4,49.099998,87
31029,"Chase County, Nebraska",Nebraska,1.2,NA,< 50
31031,"Cherry County, Nebraska",Nebraska,1.7,NA,< 50
31033,"Cheyenne County, Nebraska",Nebraska,3.5,1,145
31035,"Clay County, Nebraska",Nebraska,5,100,135
31037,"Colfax County, Nebraska",Nebraska,2.6,-24.200001,89
31039,"Cuming County, Nebraska",Nebraska,3.4,71.300003,139
31041,"Custer County, Nebraska",Nebraska,1.6,27.1,72
31043,"Dakota County, Nebraska",Nebraska,6,60.200001,464
31045,"Dawes County, Nebraska",Nebraska,5,25,192
31047,"Dawson County, Nebraska",Nebraska,5.7,71.699997,535
31049,"Deuel County, Nebraska",Nebraska,NA,NA,NA
31051,"Dixon County, Nebraska",Nebraska,3.3,36.200001,68
31053,"Dodge County, Nebraska",Nebraska,5.2,26.700001,793
31055,"Douglas County, Nebraska",Nebraska,4.9,39.900002,12422
31057,"Dundy County, Nebraska",Nebraska,NA,NA,NA
31059,"Fillmore County, Nebraska",Nebraska,1.6,NA,< 50
31061,"Franklin County, Nebraska",Nebraska,1.5,NA,< 50
31063,"Frontier County, Nebraska",Nebraska,NA,NA,NA
31065,"Furnas County, Nebraska",Nebraska,1.2,NA,< 50
31067,"Gage County, Nebraska",Nebraska,6.2,63.099998,615
31069,"Garden County, Nebraska",Nebraska,NA,NA,NA
31071,"Garfield County, Nebraska",Nebraska,1.8,NA,< 50
31073,"Gosper County, Nebraska",Nebraska,NA,NA,NA
31075,"Grant County, Nebraska",Nebraska,NA,NA,NA
31077,"Greeley County, Nebraska",Nebraska,NA,NA,NA
31079,"Hall County, Nebraska",Nebraska,6.3,48.200001,1461
31081,"Hamilton County, Nebraska",Nebraska,3.6,19.200001,152
31083,"Harlan County, Nebraska",Nebraska,3.7,NA,55
31085,"Hayes County, Nebraska",Nebraska,NA,NA,NA
31087,"Hitchcock County, Nebraska",Nebraska,0,NA,< 50
31089,"Holt County, Nebraska",Nebraska,2,76,82
31091,"Hooker County, Nebraska",Nebraska,NA,NA,NA
31093,"Howard County, Nebraska",Nebraska,2.3,-5.4000001,71
31095,"Jefferson County, Nebraska",Nebraska,5.6,28,171
31097,"Johnson County, Nebraska",Nebraska,1.4,NA,< 50
31099,"Kearney County, Nebraska",Nebraska,2.8,-93.699997,81
31101,"Keith County, Nebraska",Nebraska,4.4,27.9,175
31103,"Keya Paha County, Nebraska",Nebraska,NA,NA,NA
31105,"Kimball County, Nebraska",Nebraska,6.3,30.299999,99
31107,"Knox County, Nebraska",Nebraska,2.2,20.6,83
31109,"Lancaster County, Nebraska",Nebraska,3.5,18.700001,5325
31111,"Lincoln County, Nebraska",Nebraska,4.5,23.9,664
31113,"Logan County, Nebraska",Nebraska,NA,NA,NA
31115,"Loup County, Nebraska",Nebraska,NA,NA,NA
31117,"McPherson County, Nebraska",Nebraska,NA,NA,NA
31119,"Madison County, Nebraska",Nebraska,4.2,40.099998,656
31121,"Merrick County, Nebraska",Nebraska,4.1,20.700001,139
31123,"Morrill County, Nebraska",Nebraska,4.8,69.599998,96
31125,"Nance County, Nebraska",Nebraska,4.1,30.5,64
31127,"Nemaha County, Nebraska",Nebraska,4.8,-3.5999999,153
31129,"Nuckolls County, Nebraska",Nebraska,4.7,75.900002,88
31131,"Otoe County, Nebraska",Nebraska,3.9,34.599998,270
31133,"Pawnee County, Nebraska",Nebraska,0,NA,< 50
31135,"Perkins County, Nebraska",Nebraska,1.5,NA,< 50
31137,"Phelps County, Nebraska",Nebraska,4.3,75.900002,174
31139,"Pierce County, Nebraska",Nebraska,3.4,59.400002,102
31141,"Platte County, Nebraska",Nebraska,4.1,55.799999,584
31143,"Polk County, Nebraska",Nebraska,3.8,100,89
31145,"Red Willow County, Nebraska",Nebraska,2.5,36.200001,113
31147,"Richardson County, Nebraska",Nebraska,3.6,36,124
31149,"Rock County, Nebraska",Nebraska,NA,NA,NA
31151,"Saline County, Nebraska",Nebraska,4.1,39.599998,251
31153,"Sarpy County, Nebraska",Nebraska,3.8,32.400002,3435
31155,"Saunders County, Nebraska",Nebraska,1.4,-4.4000001,152
31157,"Scotts Bluff County, Nebraska",Nebraska,4.7,40.299999,657
31159,"Seward County, Nebraska",Nebraska,3.5,30.1,290
31161,"Sheridan County, Nebraska",Nebraska,5.6,77.5,111
31163,"Sherman County, Nebraska",Nebraska,NA,NA,NA
31165,"Sioux County, Nebraska",Nebraska,NA,NA,NA
31167,"Stanton County, Nebraska",Nebraska,5.7,24.299999,138
31169,"Thayer County, Nebraska",Nebraska,2.1,NA,< 50
31171,"Thomas County, Nebraska",Nebraska,NA,NA,NA
31173,"Thurston County, Nebraska",Nebraska,3.4,NA,< 50
31175,"Valley County, Nebraska",Nebraska,5.1,47.299999,92
31177,"Washington County, Nebraska",Nebraska,2.6,47.400002,262
31179,"Wayne County, Nebraska",Nebraska,0.7,NA,< 50
31181,"Webster County, Nebraska",Nebraska,NA,NA,NA
31183,"Wheeler County, Nebraska",Nebraska,NA,NA,NA
31185,"York County, Nebraska",Nebraska,3.2,58.099998,214
32001,"Churchill County, Nevada",Nevada,4.3,20.299999,497
32003,"Clark County, Nevada",Nevada,7.8,43,77788
32005,"Douglas County, Nevada",Nevada,3,47.400002,808
32007,"Elko County, Nevada",Nevada,7,40,1593
32009,"Esmeralda County, Nevada",Nevada,NA,NA,NA
32011,"Eureka County, Nevada",Nevada,NA,NA,NA
32013,"Humboldt County, Nevada",Nevada,7.8,54.799999,559
32015,"Lander County, Nevada",Nevada,4.8,54.799999,108
32017,"Lincoln County, Nevada",Nevada,2.7,-14.1,52
32019,"Lyon County, Nevada",Nevada,6.7,40.799999,1811
32021,"Mineral County, Nevada",Nevada,1.5,NA,< 50
32023,"Nye County, Nevada",Nevada,7,36.299999,1689
32027,"Pershing County, Nevada",Nevada,4.9,47.400002,126
32029,"Storey County, Nevada",Nevada,5.2,62.799999,114
32031,"Washoe County, Nevada",Nevada,5.8,47.200001,13347
32033,"White Pine County, Nevada",Nevada,5.8,5,226
32510,"Carson City, Nevada",Nevada,7,56.900002,1777
33001,"Belknap County, New Hampshire",New Hampshire,4.1,43.299999,1373
33003,"Carroll County, New Hampshire",New Hampshire,3.5,35.700001,963
33005,"Cheshire County, New Hampshire",New Hampshire,4.5,44.700001,1723
33007,"Coos County, New Hampshire",New Hampshire,6.1,47.799999,932
33009,"Grafton County, New Hampshire",New Hampshire,3.3,31.5,1542
33011,"Hillsborough County, New Hampshire",New Hampshire,4.7,48.700001,10043
33013,"Merrimack County, New Hampshire",New Hampshire,3.7,30.299999,2950
33015,"Rockingham County, New Hampshire",New Hampshire,3.5,38.599998,6037
33017,"Strafford County, New Hampshire",New Hampshire,4.8,53.900002,3212
33019,"Sullivan County, New Hampshire",New Hampshire,4.7,13.5,1025
34001,"Atlantic County, New Jersey",New Jersey,6.6,36.299999,8538
34003,"Bergen County, New Jersey",New Jersey,3.8,44.400002,18933
34005,"Burlington County, New Jersey",New Jersey,5.3,40.200001,12727
34007,"Camden County, New Jersey",New Jersey,7.1,40.700001,17523
34009,"Cape May County, New Jersey",New Jersey,4.5,46.799999,2190
34011,"Cumberland County, New Jersey",New Jersey,8.7,40.599998,5322
34013,"Essex County, New Jersey",New Jersey,7.8,44.5,29294
34015,"Gloucester County, New Jersey",New Jersey,5.2,36.200001,7947
34017,"Hudson County, New Jersey",New Jersey,6.2,40.099998,20663
34019,"Hunterdon County, New Jersey",New Jersey,2.4,58.400002,1759
34021,"Mercer County, New Jersey",New Jersey,5.1,37.5,9087
34023,"Middlesex County, New Jersey",New Jersey,4.9,45.700001,21194
34025,"Monmouth County, New Jersey",New Jersey,3.5,48.200001,12041
34027,"Morris County, New Jersey",New Jersey,3.1,45.700001,8481
34029,"Ocean County, New Jersey",New Jersey,4.3,39.200001,13525
34031,"Passaic County, New Jersey",New Jersey,6.9,46.299999,16099
34033,"Salem County, New Jersey",New Jersey,6.8,50.200001,1957
34035,"Somerset County, New Jersey",New Jersey,3.2,49,5880
34037,"Sussex County, New Jersey",New Jersey,5,60.900002,3867
34039,"Union County, New Jersey",New Jersey,6.1,47.599998,16607
34041,"Warren County, New Jersey",New Jersey,4.9,41.5,2780
35001,"Bernalillo County, New Mexico",New Mexico,5.1,37.700001,15080
35003,"Catron County, New Mexico",New Mexico,4.2,67.099998,69
35005,"Chaves County, New Mexico",New Mexico,6.1,29,1362
35006,"Cibola County, New Mexico",New Mexico,7.8,43,623
35007,"Colfax County, New Mexico",New Mexico,5.6,40.799999,282
35009,"Curry County, New Mexico",New Mexico,6.2,38.5,1060
35011,"De Baca County, New Mexico",New Mexico,NA,NA,NA
35013,"DoĂąa Ana County, New Mexico",New Mexico,6.3,44,5536
35015,"Eddy County, New Mexico",New Mexico,5,14.7,1085
35017,"Grant County, New Mexico",New Mexico,3,-8.8999996,363
35019,"Guadalupe County, New Mexico",New Mexico,15.8,75.599998,192
35021,"Harding County, New Mexico",New Mexico,NA,NA,NA
35023,"Hidalgo County, New Mexico",New Mexico,1.9,NA,< 50
35025,"Lea County, New Mexico",New Mexico,7.4,16.299999,1710
35027,"Lincoln County, New Mexico",New Mexico,5.5,45.5,488
35028,"Los Alamos County, New Mexico",New Mexico,0.7,-36.400002,70
35029,"Luna County, New Mexico",New Mexico,7.7,30.799999,624
35031,"McKinley County, New Mexico",New Mexico,8.6,28.700001,1501
35033,"Mora County, New Mexico",New Mexico,2.7,NA,< 50
35035,"Otero County, New Mexico",New Mexico,5.4,38.5,1395
35037,"Quay County, New Mexico",New Mexico,3.5,34.5,114
35039,"Rio Arriba County, New Mexico",New Mexico,5.2,40.099998,736
35041,"Roosevelt County, New Mexico",New Mexico,7.1,58.599998,475
35043,"Sandoval County, New Mexico",New Mexico,4.4,29.4,3034
35045,"San Juan County, New Mexico",New Mexico,7.5,44,3020
35047,"San Miguel County, New Mexico",New Mexico,4.9,19.200001,499
35049,"Santa Fe County, New Mexico",New Mexico,3.2,47.400002,2359
35051,"Sierra County, New Mexico",New Mexico,4.6,15.3,214
35053,"Socorro County, New Mexico",New Mexico,5.8,64.599998,329
35055,"Taos County, New Mexico",New Mexico,3.7,35.400002,540
35057,"Torrance County, New Mexico",New Mexico,6.3,10.3,341
35059,"Union County, New Mexico",New Mexico,1.3,NA,< 50
35061,"Valencia County, New Mexico",New Mexico,6.6,48.200001,1955
36001,"Albany County, New York",New York,5.2,34.400002,8179
36003,"Allegany County, New York",New York,7.2,46.099998,1413
36005,"Bronx County, New York",New York,11.1,36.799999,63741
36007,"Broome County, New York",New York,6,29.200001,5506
36009,"Cattaraugus County, New York",New York,5.4,30.5,1702
36011,"Cayuga County, New York",New York,5.7,37.900002,1995
36013,"Chautauqua County, New York",New York,4.4,17.9,2332
36015,"Chemung County, New York",New York,7.4,31.9,2632
36017,"Chenango County, New York",New York,4.6,22.200001,912
36019,"Clinton County, New York",New York,5.9,43.900002,2227
36021,"Columbia County, New York",New York,2.9,48.900002,941
36023,"Cortland County, New York",New York,6.5,51.5,1347
36025,"Delaware County, New York",New York,4.6,51.200001,974
36027,"Dutchess County, New York",New York,4.6,41.599998,7094
36029,"Erie County, New York",New York,5.3,33.799999,24561
36031,"Essex County, New York",New York,4.8,49.700001,895
36033,"Franklin County, New York",New York,6.5,45.5,1304
36035,"Fulton County, New York",New York,6,15.9,1426
36037,"Genesee County, New York",New York,4.4,5.0999999,1250
36039,"Greene County, New York",New York,5.4,32.5,1334
36041,"Hamilton County, New York",New York,3.6,75.900002,99
36043,"Herkimer County, New York",New York,6.1,35.799999,1663
36045,"Jefferson County, New York",New York,6.1,33.299999,3061
36047,"Kings County, New York",New York,6.3,34.799999,76236
36049,"Lewis County, New York",New York,3.4,-44.400002,399
36051,"Livingston County, New York",New York,4.4,33,1323
36053,"Madison County, New York",New York,4.6,40.799999,1562
36055,"Monroe County, New York",New York,5.5,36.400002,20154
36057,"Montgomery County, New York",New York,8.2,49,1664
36059,"Nassau County, New York",New York,3.8,39.5,28124
36061,"New York County, New York",New York,4.1,32.099998,34348
36063,"Niagara County, New York",New York,5.6,36.400002,5709
36065,"Oneida County, New York",New York,5.6,27.1,5957
36067,"Onondaga County, New York",New York,5.4,32.400002,12149
36069,"Ontario County, New York",New York,5.1,54.900002,2885
36071,"Orange County, New York",New York,5.8,45.299999,10983
36073,"Orleans County, New York",New York,5.9,13.4,1106
36075,"Oswego County, New York",New York,5.6,25.799999,2949
36077,"Otsego County, New York",New York,4.8,22,1396
36079,"Putnam County, New York",New York,3.3,43,1786
36081,"Queens County, New York",New York,5.8,40.700001,64510
36083,"Rensselaer County, New York",New York,5.5,41.900002,4394
36085,"Richmond County, New York",New York,5.2,32.900002,12648
36087,"Rockland County, New York",New York,3.8,39.599998,5896
36089,"St. Lawrence County, New York",New York,6.3,49.400002,2894
36091,"Saratoga County, New York",New York,4.2,39.299999,5292
36093,"Schenectady County, New York",New York,6.3,36,4825
36095,"Schoharie County, New York",New York,5.1,2.8,731
36097,"Schuyler County, New York",New York,3.7,35.900002,303
36099,"Seneca County, New York",New York,7.6,39.400002,1132
36101,"Steuben County, New York",New York,5.9,34.799999,2308
36103,"Suffolk County, New York",New York,4.9,42.400002,39208
36105,"Sullivan County, New York",New York,6.1,31.6,2204
36107,"Tioga County, New York",New York,5.5,20.799999,1222
36109,"Tompkins County, New York",New York,2.8,30.5,1427
36111,"Ulster County, New York",New York,5,43.5,4744
36113,"Warren County, New York",New York,5.2,36.400002,1674
36115,"Washington County, New York",New York,5.8,32,1662
36117,"Wayne County, New York",New York,5.5,34.400002,2304
36119,"Westchester County, New York",New York,4.4,45.5,22294
36121,"Wyoming County, New York",New York,3.8,35.5,745
36123,"Yates County, New York",New York,4.5,20.4,469
37001,"Alamance County, North Carolina",North Carolina,7.2,41.299999,5243
37003,"Alexander County, North Carolina",North Carolina,6.4,36.200001,893
37005,"Alleghany County, North Carolina",North Carolina,4.9,-11.4,253
37007,"Anson County, North Carolina",North Carolina,11.8,30.299999,866
37009,"Ashe County, North Carolina",North Carolina,3.7,34.099998,440
37011,"Avery County, North Carolina",North Carolina,5.3,28.6,436
37013,"Beaufort County, North Carolina",North Carolina,6.2,40.299999,1108
37015,"Bertie County, North Carolina",North Carolina,10,45.900002,622
37017,"Bladen County, North Carolina",North Carolina,11.8,25.6,1258
37019,"Brunswick County, North Carolina",North Carolina,3.9,40.599998,2953
37021,"Buncombe County, North Carolina",North Carolina,4.8,33.200001,6495
37023,"Burke County, North Carolina",North Carolina,6.7,38.299999,2345
37025,"Cabarrus County, North Carolina",North Carolina,7,39,6996
37027,"Caldwell County, North Carolina",North Carolina,8,32.900002,2506
37029,"Camden County, North Carolina",North Carolina,6.2,32.099998,301
37031,"Carteret County, North Carolina",North Carolina,4.5,52.200001,1572
37033,"Caswell County, North Carolina",North Carolina,13.1,51.799999,1147
37035,"Catawba County, North Carolina",North Carolina,7.2,34.799999,4930
37037,"Chatham County, North Carolina",North Carolina,2.9,23,1112
37039,"Cherokee County, North Carolina",North Carolina,6.7,53,895
37041,"Chowan County, North Carolina",North Carolina,12.2,59.700001,639
37043,"Clay County, North Carolina",North Carolina,7.5,57.900002,419
37045,"Cleveland County, North Carolina",North Carolina,8.6,34.599998,3125
37047,"Columbus County, North Carolina",North Carolina,10.4,30.200001,1861
37049,"Craven County, North Carolina",North Carolina,6.5,29.5,2972
37051,"Cumberland County, North Carolina",North Carolina,9.5,27.299999,12934
37053,"Currituck County, North Carolina",North Carolina,4.3,60.5,633
37055,"Dare County, North Carolina",North Carolina,3.8,32.900002,723
37057,"Davidson County, North Carolina",North Carolina,7.6,36.400002,5297
37059,"Davie County, North Carolina",North Carolina,4.7,21.9,907
37061,"Duplin County, North Carolina",North Carolina,8.6,32.099998,1422
37063,"Durham County, North Carolina",North Carolina,5.8,34.299999,8700
37065,"Edgecombe County, North Carolina",North Carolina,12.5,21.4,1885
37067,"Forsyth County, North Carolina",North Carolina,7.7,40.700001,12479
37069,"Franklin County, North Carolina",North Carolina,7.4,32.599998,2288
37071,"Gaston County, North Carolina",North Carolina,8.3,34.5,7667
37073,"Gates County, North Carolina",North Carolina,11.2,58.200001,524
37075,"Graham County, North Carolina",North Carolina,3.7,27.1,123
37077,"Granville County, North Carolina",North Carolina,8.8,34.200001,2226
37079,"Greene County, North Carolina",North Carolina,11.5,34.900002,787
37081,"Guilford County, North Carolina",North Carolina,8.3,39.799999,19072
37083,"Halifax County, North Carolina",North Carolina,9.2,14.7,1434
37085,"Harnett County, North Carolina",North Carolina,8,29.200001,4353
37087,"Haywood County, North Carolina",North Carolina,5.7,52.700001,1575
37089,"Henderson County, North Carolina",North Carolina,4.2,38.200001,2413
37091,"Hertford County, North Carolina",North Carolina,11.4,31.6,860
37093,"Hoke County, North Carolina",North Carolina,7.8,33.599998,1680
37095,"Hyde County, North Carolina",North Carolina,1.3,NA,< 50
37097,"Iredell County, North Carolina",North Carolina,5.7,38.099998,5067
37099,"Jackson County, North Carolina",North Carolina,7.1,55.900002,1359
37101,"Johnston County, North Carolina",North Carolina,6.9,24.700001,6639
37103,"Jones County, North Carolina",North Carolina,11.4,61.299999,417
37105,"Lee County, North Carolina",North Carolina,7,41.900002,1824
37107,"Lenoir County, North Carolina",North Carolina,9.9,36.200001,1787
37109,"Lincoln County, North Carolina",North Carolina,5.5,31,2249
37111,"McDowell County, North Carolina",North Carolina,6.5,33,1133
37113,"Macon County, North Carolina",North Carolina,4.4,10.8,741
37115,"Madison County, North Carolina",North Carolina,5.3,-18.299999,487
37117,"Martin County, North Carolina",North Carolina,11.7,52.599998,851
37119,"Mecklenburg County, North Carolina",North Carolina,7.2,40.099998,36119
37121,"Mitchell County, North Carolina",North Carolina,6.6,43.599998,420
37123,"Montgomery County, North Carolina",North Carolina,8.2,38.5,770
37125,"Moore County, North Carolina",North Carolina,4.3,41.5,2109
37127,"Nash County, North Carolina",North Carolina,9.8,42.700001,3659
37129,"New Hanover County, North Carolina",North Carolina,5.5,39,6385
37131,"Northampton County, North Carolina",North Carolina,9.1,37.900002,556
37133,"Onslow County, North Carolina",North Carolina,6.4,26.700001,5853
37135,"Orange County, North Carolina",North Carolina,2.9,31.200001,2168
37137,"Pamlico County, North Carolina",North Carolina,5,-3.9000001,282
37139,"Pasquotank County, North Carolina",North Carolina,8,42.200001,1348
37141,"Pender County, North Carolina",North Carolina,5.4,34,1555
37143,"Perquimans County, North Carolina",North Carolina,5.7,34,338
37145,"Person County, North Carolina",North Carolina,7.1,42.700001,1084
37147,"Pitt County, North Carolina",North Carolina,8.6,43.799999,5952
37149,"Polk County, North Carolina",North Carolina,4.6,12.4,423
37151,"Randolph County, North Carolina",North Carolina,6.8,22.700001,3947
37153,"Richmond County, North Carolina",North Carolina,9.5,45.900002,1281
37155,"Robeson County, North Carolina",North Carolina,11.9,40.099998,3983
37157,"Rockingham County, North Carolina",North Carolina,8.7,33.799999,3041
37159,"Rowan County, North Carolina",North Carolina,8.3,39.400002,5009
37161,"Rutherford County, North Carolina",North Carolina,5.8,33.299999,1430
37163,"Sampson County, North Carolina",North Carolina,9.1,35.200001,1823
37165,"Scotland County, North Carolina",North Carolina,10.9,49.700001,1086
37167,"Stanly County, North Carolina",North Carolina,5.5,35.5,1402
37169,"Stokes County, North Carolina",North Carolina,7.5,40.099998,1439
37171,"Surry County, North Carolina",North Carolina,6.3,36.099998,1757
37173,"Swain County, North Carolina",North Carolina,9.9,38.299999,493
37175,"Transylvania County, North Carolina",North Carolina,3.3,28,548
37177,"Tyrrell County, North Carolina",North Carolina,NA,NA,NA
37179,"Union County, North Carolina",North Carolina,4.7,48.299999,5296
37181,"Vance County, North Carolina",North Carolina,12.3,36.099998,1682
37183,"Wake County, North Carolina",North Carolina,4.9,38.799999,27557
37185,"Warren County, North Carolina",North Carolina,9.5,23.200001,707
37187,"Washington County, North Carolina",North Carolina,9.4,65.400002,338
37189,"Watauga County, North Carolina",North Carolina,4.6,41.299999,1357
37191,"Wayne County, North Carolina",North Carolina,7.7,33.5,3331
37193,"Wilkes County, North Carolina",North Carolina,5.1,24.700001,1356
37195,"Wilson County, North Carolina",North Carolina,8.5,31.5,2395
37197,"Yadkin County, North Carolina",North Carolina,7.2,39.799999,1100
37199,"Yancey County, North Carolina",North Carolina,5.6,28.700001,427
38001,"Adams County, North Dakota",North Dakota,NA,NA,NA
38003,"Barnes County, North Dakota",North Dakota,5.1,36.099998,254
38005,"Benson County, North Dakota",North Dakota,4.8,100,68
38007,"Billings County, North Dakota",North Dakota,NA,NA,NA
38009,"Bottineau County, North Dakota",North Dakota,5.6,69.099998,161
38011,"Bowman County, North Dakota",North Dakota,2.6,NA,< 50
38013,"Burke County, North Dakota",North Dakota,NA,NA,NA
38015,"Burleigh County, North Dakota",North Dakota,3.1,26.799999,1496
38017,"Cass County, North Dakota",North Dakota,3.9,33.599998,3619
38019,"Cavalier County, North Dakota",North Dakota,1.1,NA,< 50
38021,"Dickey County, North Dakota",North Dakota,3.2,-1.1,68
38023,"Divide County, North Dakota",North Dakota,0,NA,< 50
38025,"Dunn County, North Dakota",North Dakota,0,NA,< 50
38027,"Eddy County, North Dakota",North Dakota,4.7,100,55
38029,"Emmons County, North Dakota",North Dakota,0,NA,< 50
38031,"Foster County, North Dakota",North Dakota,1.4,NA,< 50
38033,"Golden Valley County, North Dakota",North Dakota,NA,NA,NA
38035,"Grand Forks County, North Dakota",North Dakota,4.1,32.400002,1447
38037,"Grant County, North Dakota",North Dakota,NA,NA,NA
38039,"Griggs County, North Dakota",North Dakota,0,NA,< 50
38041,"Hettinger County, North Dakota",North Dakota,NA,NA,NA
38043,"Kidder County, North Dakota",North Dakota,NA,NA,NA
38045,"LaMoure County, North Dakota",North Dakota,1.2,NA,< 50
38047,"Logan County, North Dakota",North Dakota,NA,NA,NA
38049,"McHenry County, North Dakota",North Dakota,0.8,NA,< 50
38051,"McIntosh County, North Dakota",North Dakota,NA,NA,NA
38053,"McKenzie County, North Dakota",North Dakota,10,45.700001,535
38055,"McLean County, North Dakota",North Dakota,1.8,24,84
38057,"Mercer County, North Dakota",North Dakota,2.4,-27.299999,91
38059,"Morton County, North Dakota",North Dakota,3.9,27.799999,590
38061,"Mountrail County, North Dakota",North Dakota,5.6,66,230
38063,"Nelson County, North Dakota",North Dakota,1.7,NA,< 50
38065,"Oliver County, North Dakota",North Dakota,NA,NA,NA
38067,"Pembina County, North Dakota",North Dakota,1.3,NA,< 50
38069,"Pierce County, North Dakota",North Dakota,3.4,-7.3000002,62
38071,"Ramsey County, North Dakota",North Dakota,2.6,46.200001,133
38073,"Ransom County, North Dakota",North Dakota,4.7,50,125
38075,"Renville County, North Dakota",North Dakota,1.6,NA,< 50
38077,"Richland County, North Dakota",North Dakota,5,39,399
38079,"Rolette County, North Dakota",North Dakota,6,48.200001,207
38081,"Sargent County, North Dakota",North Dakota,4.2,21.700001,79
38083,"Sheridan County, North Dakota",North Dakota,NA,NA,NA
38085,"Sioux County, North Dakota",North Dakota,NA,NA,NA
38087,"Slope County, North Dakota",North Dakota,NA,NA,NA
38089,"Stark County, North Dakota",North Dakota,4.7,39.599998,685
38091,"Steele County, North Dakota",North Dakota,NA,NA,NA
38093,"Stutsman County, North Dakota",North Dakota,3.3,26.1,339
38095,"Towner County, North Dakota",North Dakota,7.8,100,71
38097,"Traill County, North Dakota",North Dakota,2.3,47.599998,87
38099,"Walsh County, North Dakota",North Dakota,3.6,48.599998,172
38101,"Ward County, North Dakota",North Dakota,4.5,42.099998,1463
38103,"Wells County, North Dakota",North Dakota,5.9,69.400002,116
38105,"Williams County, North Dakota",North Dakota,6.3,49.200001,1021
39001,"Adams County, Ohio",Ohio,8,37.299999,773
39003,"Allen County, Ohio",Ohio,5.7,16.799999,2354
39005,"Ashland County, Ohio",Ohio,4.7,38.299999,1124
39007,"Ashtabula County, Ohio",Ohio,6.3,38.599998,2394
39009,"Athens County, Ohio",Ohio,4.2,-16.200001,1150
39011,"Auglaize County, Ohio",Ohio,4,43.299999,802
39013,"Belmont County, Ohio",Ohio,5.6,15.2,1604
39015,"Brown County, Ohio",Ohio,5.6,22.700001,1002
39017,"Butler County, Ohio",Ohio,5.8,42.5,9802
39019,"Carroll County, Ohio",Ohio,5.2,18.5,592
39021,"Champaign County, Ohio",Ohio,4.9,14.3,800
39023,"Clark County, Ohio",Ohio,6.5,30,3504
39025,"Clermont County, Ohio",Ohio,4.9,45.5,4685
39027,"Clinton County, Ohio",Ohio,5.8,39.700001,996
39029,"Columbiana County, Ohio",Ohio,6.1,28.200001,2644
39031,"Coshocton County, Ohio",Ohio,6,55.099998,870
39033,"Crawford County, Ohio",Ohio,6.2,44.299999,1093
39035,"Cuyahoga County, Ohio",Ohio,6.9,33.200001,38174
39037,"Darke County, Ohio",Ohio,4.6,24.1,988
39039,"Defiance County, Ohio",Ohio,6.1,41.700001,966
39041,"Delaware County, Ohio",Ohio,2.3,32.700001,2584
39043,"Erie County, Ohio",Ohio,5.8,30.9,2013
39045,"Fairfield County, Ohio",Ohio,5.8,48.099998,4207
39047,"Fayette County, Ohio",Ohio,8.1,31.299999,878
39049,"Franklin County, Ohio",Ohio,6.2,38,35543
39051,"Fulton County, Ohio",Ohio,4,22.700001,755
39053,"Gallia County, Ohio",Ohio,8.2,48.5,917
39055,"Geauga County, Ohio",Ohio,2.7,36.200001,1311
39057,"Greene County, Ohio",Ohio,3.9,32.900002,3196
39059,"Guernsey County, Ohio",Ohio,6,15.4,896
39061,"Hamilton County, Ohio",Ohio,5.6,33.900002,19922
39063,"Hancock County, Ohio",Ohio,6.4,44,2117
39065,"Hardin County, Ohio",Ohio,5.7,43.099998,678
39067,"Harrison County, Ohio",Ohio,6.3,31.799999,387
39069,"Henry County, Ohio",Ohio,4,31.299999,502
39071,"Highland County, Ohio",Ohio,6.8,19.6,1120
39073,"Hocking County, Ohio",Ohio,5.2,-1,606
39075,"Holmes County, Ohio",Ohio,2.1,-7.3000002,359
39077,"Huron County, Ohio",Ohio,5.6,42.400002,1372
39079,"Jackson County, Ohio",Ohio,9.1,22.700001,1016
39081,"Jefferson County, Ohio",Ohio,5.5,34.599998,1496
39083,"Knox County, Ohio",Ohio,3.8,19.200001,1014
39085,"Lake County, Ohio",Ohio,5.1,39.400002,5826
39087,"Lawrence County, Ohio",Ohio,6.9,34.5,1599
39089,"Licking County, Ohio",Ohio,5.3,26.299999,4175
39091,"Logan County, Ohio",Ohio,5.1,47.400002,986
39093,"Lorain County, Ohio",Ohio,5.7,37.400002,8300
39095,"Lucas County, Ohio",Ohio,6.9,30.799999,12186
39097,"Madison County, Ohio",Ohio,5.3,39.599998,1113
39099,"Mahoning County, Ohio",Ohio,6.8,41.400002,6840
39101,"Marion County, Ohio",Ohio,6.6,32.799999,1744
39103,"Medina County, Ohio",Ohio,3.1,35.900002,2910
39105,"Meigs County, Ohio",Ohio,6.9,30.1,576
39107,"Mercer County, Ohio",Ohio,2.6,38.900002,487
39109,"Miami County, Ohio",Ohio,5.3,23.9,2510
39111,"Monroe County, Ohio",Ohio,5.9,23.6,332
39113,"Montgomery County, Ohio",Ohio,6.7,30.799999,14943
39115,"Morgan County, Ohio",Ohio,6.5,53.400002,360
39117,"Morrow County, Ohio",Ohio,6.6,49.900002,1031
39119,"Muskingum County, Ohio",Ohio,7.3,42.700001,2444
39121,"Noble County, Ohio",Ohio,5.6,56.700001,338
39123,"Ottawa County, Ohio",Ohio,3.8,6.1999998,752
39125,"Paulding County, Ohio",Ohio,4.7,48.799999,344
39127,"Perry County, Ohio",Ohio,5.6,14.1,778
39129,"Pickaway County, Ohio",Ohio,6.5,47.099998,1678
39131,"Pike County, Ohio",Ohio,6.5,12.6,590
39133,"Portage County, Ohio",Ohio,5.1,38.700001,4127
39135,"Preble County, Ohio",Ohio,5.9,31.9,1046
39137,"Putnam County, Ohio",Ohio,4.1,51.599998,636
39139,"Richland County, Ohio",Ohio,6.3,38.599998,3227
39141,"Ross County, Ohio",Ohio,7.1,24.5,2037
39143,"Sandusky County, Ohio",Ohio,5.6,53.5,1453
39145,"Scioto County, Ohio",Ohio,7.9,40.5,2127
39147,"Seneca County, Ohio",Ohio,6.2,51.900002,1453
39149,"Shelby County, Ohio",Ohio,4,7.1999998,815
39151,"Stark County, Ohio",Ohio,6.1,46.900002,9891
39153,"Summit County, Ohio",Ohio,5.9,34.299999,14471
39155,"Trumbull County, Ohio",Ohio,6,25.6,5228
39157,"Tuscarawas County, Ohio",Ohio,5.4,37.200001,2060
39159,"Union County, Ohio",Ohio,4.4,52.099998,1300
39161,"Van Wert County, Ohio",Ohio,4.8,6,579
39163,"Vinton County, Ohio",Ohio,7.5,29.6,361
39165,"Warren County, Ohio",Ohio,3.5,31.4,4139
39167,"Washington County, Ohio",Ohio,4.7,19.9,1236
39169,"Wayne County, Ohio",Ohio,3.7,24.4,1878
39171,"Williams County, Ohio",Ohio,4.5,29.799999,700
39173,"Wood County, Ohio",Ohio,4.1,41,2611
39175,"Wyandot County, Ohio",Ohio,5,28.4,449
40001,"Adair County, Oklahoma",Oklahoma,9,19,488
40003,"Alfalfa County, Oklahoma",Oklahoma,5.6,-1.4,115
40005,"Atoka County, Oklahoma",Oklahoma,4.8,-44.599998,224
40007,"Beaver County, Oklahoma",Oklahoma,7.1,47.5,129
40009,"Beckham County, Oklahoma",Oklahoma,3.3,-56.900002,267
40011,"Blaine County, Oklahoma",Oklahoma,7.4,38.599998,237
40013,"Bryan County, Oklahoma",Oklahoma,9,57.099998,1424
40015,"Caddo County, Oklahoma",Oklahoma,6.9,-0.2,526
40017,"Canadian County, Oklahoma",Oklahoma,6.1,40.700001,4221
40019,"Carter County, Oklahoma",Oklahoma,8.9,23,1406
40021,"Cherokee County, Oklahoma",Oklahoma,5.9,34.700001,991
40023,"Choctaw County, Oklahoma",Oklahoma,8.1,34.700001,308
40025,"Cimarron County, Oklahoma",Oklahoma,NA,NA,NA
40027,"Cleveland County, Oklahoma",Oklahoma,5.8,40,7666
40029,"Coal County, Oklahoma",Oklahoma,3.4,-112.6,68
40031,"Comanche County, Oklahoma",Oklahoma,6.5,-3.7,2847
40033,"Cotton County, Oklahoma",Oklahoma,8.6,22.5,152
40035,"Craig County, Oklahoma",Oklahoma,3.6,11.7,174
40037,"Creek County, Oklahoma",Oklahoma,7.2,34.799999,1968
40039,"Custer County, Oklahoma",Oklahoma,6,37.400002,578
40041,"Delaware County, Oklahoma",Oklahoma,7.5,26,1130
40043,"Dewey County, Oklahoma",Oklahoma,4.4,47.099998,78
40045,"Ellis County, Oklahoma",Oklahoma,5.4,68.400002,74
40047,"Garfield County, Oklahoma",Oklahoma,5.9,18.9,1248
40049,"Garvin County, Oklahoma",Oklahoma,5.1,-5.1999998,442
40051,"Grady County, Oklahoma",Oklahoma,6.3,46.599998,1397
40053,"Grant County, Oklahoma",Oklahoma,3.8,9.1999998,58
40055,"Greer County, Oklahoma",Oklahoma,9.7,26.5,157
40057,"Harmon County, Oklahoma",Oklahoma,NA,NA,NA
40059,"Harper County, Oklahoma",Oklahoma,2.9,NA,< 50
40061,"Haskell County, Oklahoma",Oklahoma,7.5,52.700001,289
40063,"Hughes County, Oklahoma",Oklahoma,4.5,39.700001,190
40065,"Jackson County, Oklahoma",Oklahoma,6.9,16.1,590
40067,"Jefferson County, Oklahoma",Oklahoma,8.4,-18.799999,139
40069,"Johnston County, Oklahoma",Oklahoma,8.3,89.699997,270
40071,"Kay County, Oklahoma",Oklahoma,8.6,49,1284
40073,"Kingfisher County, Oklahoma",Oklahoma,4.6,42,278
40075,"Kiowa County, Oklahoma",Oklahoma,7.7,52.299999,191
40077,"Latimer County, Oklahoma",Oklahoma,8.1,76.099998,227
40079,"Le Flore County, Oklahoma",Oklahoma,8.4,30.6,1350
40081,"Lincoln County, Oklahoma",Oklahoma,8.4,28.1,994
40083,"Logan County, Oklahoma",Oklahoma,6.3,29.4,1349
40085,"Love County, Oklahoma",Oklahoma,5.2,40.400002,193
40087,"McClain County, Oklahoma",Oklahoma,5.3,42.299999,956
40089,"McCurtain County, Oklahoma",Oklahoma,5.9,16,518
40091,"McIntosh County, Oklahoma",Oklahoma,7.3,26,480
40093,"Major County, Oklahoma",Oklahoma,5.4,40.099998,149
40095,"Marshall County, Oklahoma",Oklahoma,6.3,32.799999,355
40097,"Mayes County, Oklahoma",Oklahoma,6.7,32.200001,888
40099,"Murray County, Oklahoma",Oklahoma,6.6,19.200001,315
40101,"Muskogee County, Oklahoma",Oklahoma,8.9,28.799999,1961
40103,"Noble County, Oklahoma",Oklahoma,5.9,19.4,226
40105,"Nowata County, Oklahoma",Oklahoma,3.4,23.200001,116
40107,"Okfuskee County, Oklahoma",Oklahoma,6.7,-7.0999999,221
40109,"Oklahoma County, Oklahoma",Oklahoma,6.3,37.400002,19221
40111,"Okmulgee County, Oklahoma",Oklahoma,8.1,21.5,917
40113,"Osage County, Oklahoma",Oklahoma,7.7,28.1,1347
40115,"Ottawa County, Oklahoma",Oklahoma,6,-13.7,557
40117,"Pawnee County, Oklahoma",Oklahoma,4.2,52.400002,242
40119,"Payne County, Oklahoma",Oklahoma,4.7,16.6,1600
40121,"Pittsburg County, Oklahoma",Oklahoma,6.7,38.700001,963
40123,"Pontotoc County, Oklahoma",Oklahoma,6.2,42.900002,774
40125,"Pottawatomie County, Oklahoma",Oklahoma,5.7,13.4,1494
40127,"Pushmataha County, Oklahoma",Oklahoma,4.9,16.6,185
40129,"Roger Mills County, Oklahoma",Oklahoma,1.6,NA,< 50
40131,"Rogers County, Oklahoma",Oklahoma,5,43.900002,2112
40133,"Seminole County, Oklahoma",Oklahoma,9,63.599998,591
40135,"Sequoyah County, Oklahoma",Oklahoma,7.2,45.599998,930
40137,"Stephens County, Oklahoma",Oklahoma,5,16.5,748
40139,"Texas County, Oklahoma",Oklahoma,4.7,20.700001,292
40141,"Tillman County, Oklahoma",Oklahoma,2.9,-78.800003,73
40143,"Tulsa County, Oklahoma",Oklahoma,6.3,36.700001,16836
40145,"Wagoner County, Oklahoma",Oklahoma,5.7,32.5,2062
40147,"Washington County, Oklahoma",Oklahoma,5.4,39,1096
40149,"Washita County, Oklahoma",Oklahoma,5.4,12.5,197
40151,"Woods County, Oklahoma",Oklahoma,7.3,36.799999,269
40153,"Woodward County, Oklahoma",Oklahoma,7.1,61.700001,569
41001,"Baker County, Oregon",Oregon,2.3,9.8999996,167
41003,"Benton County, Oregon",Oregon,2.3,31.1,1116
41005,"Clackamas County, Oregon",Oregon,3.1,43.900002,6497
41007,"Clatsop County, Oregon",Oregon,3.4,14.1,658
41009,"Columbia County, Oregon",Oregon,3.7,47.299999,895
41011,"Coos County, Oregon",Oregon,4.7,39.299999,1298
41013,"Crook County, Oregon",Oregon,4.4,21.799999,487
41015,"Curry County, Oregon",Oregon,3.4,38.799999,376
41017,"Deschutes County, Oregon",Oregon,3.1,41.400002,3271
41019,"Douglas County, Oregon",Oregon,5.4,54.700001,2609
41021,"Gilliam County, Oregon",Oregon,NA,NA,NA
41023,"Grant County, Oregon",Oregon,2.1,36.099998,68
41025,"Harney County, Oregon",Oregon,4.9,57.099998,164
41027,"Hood River County, Oregon",Oregon,2.5,-5.3000002,283
41029,"Jackson County, Oregon",Oregon,4.6,48.299999,4697
41031,"Jefferson County, Oregon",Oregon,4.4,10.4,434
41033,"Josephine County, Oregon",Oregon,4.7,38.299999,1859
41035,"Klamath County, Oregon",Oregon,5.7,37.5,1597
41037,"Lake County, Oregon",Oregon,8.4,53.799999,245
41039,"Lane County, Oregon",Oregon,4.3,35.400002,7667
41041,"Lincoln County, Oregon",Oregon,4.7,51.299999,1122
41043,"Linn County, Oregon",Oregon,4.9,44.200001,2663
41045,"Malheur County, Oregon",Oregon,6.3,54.599998,660
41047,"Marion County, Oregon",Oregon,4.7,42.099998,6826
41049,"Morrow County, Oregon",Oregon,5.9,65.599998,251
41051,"Multnomah County, Oregon",Oregon,4.1,42.799999,16292
41053,"Polk County, Oregon",Oregon,3.9,44.299999,1573
41055,"Sherman County, Oregon",Oregon,NA,NA,NA
41057,"Tillamook County, Oregon",Oregon,2.7,-11.1,333
41059,"Umatilla County, Oregon",Oregon,4.3,44.5,1341
41061,"Union County, Oregon",Oregon,3.7,31.799999,439
41063,"Wallowa County, Oregon",Oregon,2,36.700001,72
41065,"Wasco County, Oregon",Oregon,3.8,35.5,436
41067,"Washington County, Oregon",Oregon,3.2,41.400002,9480
41069,"Wheeler County, Oregon",Oregon,NA,NA,NA
41071,"Yamhill County, Oregon",Oregon,4.5,43,2167
42001,"Adams County, Pennsylvania",Pennsylvania,4.7,35.799999,2488
42003,"Allegheny County, Pennsylvania",Pennsylvania,5.3,35.400002,33198
42005,"Armstrong County, Pennsylvania",Pennsylvania,5.9,42.200001,1749
42007,"Beaver County, Pennsylvania",Pennsylvania,5,22.9,4040
42009,"Bedford County, Pennsylvania",Pennsylvania,4.4,25.799999,949
42011,"Berks County, Pennsylvania",Pennsylvania,5.7,39.400002,11763
42013,"Blair County, Pennsylvania",Pennsylvania,6.2,42.700001,3335
42015,"Bradford County, Pennsylvania",Pennsylvania,6.8,51.200001,1767
42017,"Bucks County, Pennsylvania",Pennsylvania,3.9,44,13652
42019,"Butler County, Pennsylvania",Pennsylvania,2.9,26.799999,3001
42021,"Cambria County, Pennsylvania",Pennsylvania,5.9,34.799999,3463
42023,"Cameron County, Pennsylvania",Pennsylvania,3.5,-100,66
42025,"Carbon County, Pennsylvania",Pennsylvania,6,41.799999,1887
42027,"Centre County, Pennsylvania",Pennsylvania,2.5,36.200001,2094
42029,"Chester County, Pennsylvania",Pennsylvania,2.9,30.799999,8109
42031,"Clarion County, Pennsylvania",Pennsylvania,4.2,7.3000002,719
42033,"Clearfield County, Pennsylvania",Pennsylvania,4.8,26.299999,1651
42035,"Clinton County, Pennsylvania",Pennsylvania,5.3,24.5,865
42037,"Columbia County, Pennsylvania",Pennsylvania,5.4,33.400002,1690
42039,"Crawford County, Pennsylvania",Pennsylvania,5.4,31.799999,1902
42041,"Cumberland County, Pennsylvania",Pennsylvania,3.9,28.700001,5275
42043,"Dauphin County, Pennsylvania",Pennsylvania,7,41.700001,9063
42045,"Delaware County, Pennsylvania",Pennsylvania,6.1,40.700001,16948
42047,"Elk County, Pennsylvania",Pennsylvania,4.4,31.799999,632
42049,"Erie County, Pennsylvania",Pennsylvania,4.9,33.599998,5922
42051,"Fayette County, Pennsylvania",Pennsylvania,7.2,39,3958
42053,"Forest County, Pennsylvania",Pennsylvania,3.1,-5.4000001,110
42055,"Franklin County, Pennsylvania",Pennsylvania,4.8,40.900002,3469
42057,"Fulton County, Pennsylvania",Pennsylvania,6.3,26.799999,416
42059,"Greene County, Pennsylvania",Pennsylvania,7,37.200001,1096
42061,"Huntingdon County, Pennsylvania",Pennsylvania,3.5,5.5,688
42063,"Indiana County, Pennsylvania",Pennsylvania,4.6,28.700001,1747
42065,"Jefferson County, Pennsylvania",Pennsylvania,4.6,18.200001,866
42067,"Juniata County, Pennsylvania",Pennsylvania,7.3,47.400002,747
42069,"Lackawanna County, Pennsylvania",Pennsylvania,6.5,37.799999,6619
42071,"Lancaster County, Pennsylvania",Pennsylvania,4.4,40.099998,11670
42073,"Lawrence County, Pennsylvania",Pennsylvania,5.3,39.200001,2069
42075,"Lebanon County, Pennsylvania",Pennsylvania,5,41.599998,3310
42077,"Lehigh County, Pennsylvania",Pennsylvania,6.6,41.900002,11781
42079,"Luzerne County, Pennsylvania",Pennsylvania,7.6,42.400002,11465
42081,"Lycoming County, Pennsylvania",Pennsylvania,5.2,41,2683
42083,"McKean County, Pennsylvania",Pennsylvania,6.1,24.9,956
42085,"Mercer County, Pennsylvania",Pennsylvania,5.4,16.700001,2611
42087,"Mifflin County, Pennsylvania",Pennsylvania,6.3,40.400002,1162
42089,"Monroe County, Pennsylvania",Pennsylvania,8,45,6615
42091,"Montgomery County, Pennsylvania",Pennsylvania,3.6,39.599998,16574
42093,"Montour County, Pennsylvania",Pennsylvania,2.3,-49.200001,212
42095,"Northampton County, Pennsylvania",Pennsylvania,5.8,38.200001,9331
42097,"Northumberland County, Pennsylvania",Pennsylvania,6.8,37.099998,2741
42099,"Perry County, Pennsylvania",Pennsylvania,4.6,44,995
42101,"Philadelphia County, Pennsylvania",Pennsylvania,9.7,31.1,63990
42103,"Pike County, Pennsylvania",Pennsylvania,5.8,51.700001,1782
42105,"Potter County, Pennsylvania",Pennsylvania,4.9,7.4000001,340
42107,"Schuylkill County, Pennsylvania",Pennsylvania,6.9,42.200001,4434
42109,"Snyder County, Pennsylvania",Pennsylvania,6.1,48.799999,1127
42111,"Somerset County, Pennsylvania",Pennsylvania,4.4,41.299999,1508
42113,"Sullivan County, Pennsylvania",Pennsylvania,4.9,58.400002,157
42115,"Susquehanna County, Pennsylvania",Pennsylvania,4.7,25.6,844
42117,"Tioga County, Pennsylvania",Pennsylvania,6.2,42.299999,1137
42119,"Union County, Pennsylvania",Pennsylvania,3.9,36.200001,809
42121,"Venango County, Pennsylvania",Pennsylvania,7.1,48.700001,1595
42123,"Warren County, Pennsylvania",Pennsylvania,6.1,54.799999,1008
42125,"Washington County, Pennsylvania",Pennsylvania,5.8,44.900002,6018
42127,"Wayne County, Pennsylvania",Pennsylvania,4.6,44.700001,1214
42129,"Westmoreland County, Pennsylvania",Pennsylvania,4.7,36.299999,8514
42131,"Wyoming County, Pennsylvania",Pennsylvania,3.9,16,487
42133,"York County, Pennsylvania",Pennsylvania,5.5,39.200001,12049
44001,"Bristol County, Rhode Island",Rhode Island,4.1,30.299999,1171
44003,"Kent County, Rhode Island",Rhode Island,4.9,40.799999,4378
44005,"Newport County, Rhode Island",Rhode Island,3.6,46.5,1698
44007,"Providence County, Rhode Island",Rhode Island,7.9,45.400002,24979
44009,"Washington County, Rhode Island",Rhode Island,2.8,48.099998,2050
45001,"Abbeville County, South Carolina",South Carolina,6.2,33.900002,523
45003,"Aiken County, South Carolina",South Carolina,6.2,25.799999,4351
45005,"Allendale County, South Carolina",South Carolina,10,18.9,200
45007,"Anderson County, South Carolina",South Carolina,7.5,25.700001,5876
45009,"Bamberg County, South Carolina",South Carolina,11.9,17.4,483
45011,"Barnwell County, South Carolina",South Carolina,10.5,41.799999,647
45013,"Beaufort County, South Carolina",South Carolina,4.1,33.599998,3959
45015,"Berkeley County, South Carolina",South Carolina,7.3,37.299999,7522
45017,"Calhoun County, South Carolina",South Carolina,6.3,-33.400002,328
45019,"Charleston County, South Carolina",South Carolina,5,34.200001,9723
45021,"Cherokee County, South Carolina",South Carolina,8.8,41.099998,1615
45023,"Chester County, South Carolina",South Carolina,8,33.599998,845
45025,"Chesterfield County, South Carolina",South Carolina,10.4,29.200001,1446
45027,"Clarendon County, South Carolina",South Carolina,9,43.5,990
45029,"Colleton County, South Carolina",South Carolina,12.3,40.099998,1634
45031,"Darlington County, South Carolina",South Carolina,11.3,43.900002,2118
45033,"Dillon County, South Carolina",South Carolina,9.1,23.5,675
45035,"Dorchester County, South Carolina",South Carolina,7,22.299999,4891
45037,"Edgefield County, South Carolina",South Carolina,6.3,42.299999,703
45039,"Fairfield County, South Carolina",South Carolina,9.8,47.299999,776
45041,"Florence County, South Carolina",South Carolina,9,23.9,4229
45043,"Georgetown County, South Carolina",South Carolina,6,25.700001,1626
45045,"Greenville County, South Carolina",South Carolina,6.1,39.799999,13889
45047,"Greenwood County, South Carolina",South Carolina,7.4,38.700001,1801
45049,"Hampton County, South Carolina",South Carolina,9.6,1.6,593
45051,"Horry County, South Carolina",South Carolina,6.1,41.799999,10628
45053,"Jasper County, South Carolina",South Carolina,5.8,14.8,692
45055,"Kershaw County, South Carolina",South Carolina,8.2,39.5,2163
45057,"Lancaster County, South Carolina",South Carolina,5.7,54.799999,2511
45059,"Laurens County, South Carolina",South Carolina,9.2,36.299999,2065
45061,"Lee County, South Carolina",South Carolina,9.2,-27.5,406
45063,"Lexington County, South Carolina",South Carolina,6.4,34.799999,8200
45065,"McCormick County, South Carolina",South Carolina,5.5,19,260
45067,"Marion County, South Carolina",South Carolina,14.4,40.900002,1203
45069,"Marlboro County, South Carolina",South Carolina,11.6,43.799999,858
45071,"Newberry County, South Carolina",South Carolina,5.4,46.200001,754
45073,"Oconee County, South Carolina",South Carolina,5,29.9,1720
45075,"Orangeburg County, South Carolina",South Carolina,9.8,16,2487
45077,"Pickens County, South Carolina",South Carolina,6.2,25.6,3487
45079,"Richland County, South Carolina",South Carolina,9.1,30.700001,15564
45081,"Saluda County, South Carolina",South Carolina,6.5,-7.1999998,362
45083,"Spartanburg County, South Carolina",South Carolina,7.5,34.799999,9903
45085,"Sumter County, South Carolina",South Carolina,8.5,44.5,3132
45087,"Union County, South Carolina",South Carolina,10.5,50.099998,771
45089,"Williamsburg County, South Carolina",South Carolina,9.1,7.4000001,808
45091,"York County, South Carolina",South Carolina,5.8,42.099998,7428
46003,"Aurora County, South Dakota",South Dakota,1.8,NA,< 50
46005,"Beadle County, South Dakota",South Dakota,4.4,11.5,330
46007,"Bennett County, South Dakota",South Dakota,NA,NA,NA
46009,"Bon Homme County, South Dakota",South Dakota,5,65.199997,156
46011,"Brookings County, South Dakota",South Dakota,2.7,18.5,456
46013,"Brown County, South Dakota",South Dakota,2.9,31.700001,490
46015,"Brule County, South Dakota",South Dakota,1,NA,< 50
46017,"Buffalo County, South Dakota",South Dakota,NA,NA,NA
46019,"Butte County, South Dakota",South Dakota,1.5,-28.1,72
46021,"Campbell County, South Dakota",South Dakota,NA,NA,NA
46023,"Charles Mix County, South Dakota",South Dakota,0.7,NA,< 50
46025,"Clark County, South Dakota",South Dakota,9.3,78.800003,136
46027,"Clay County, South Dakota",South Dakota,2.4,29.700001,181
46029,"Codington County, South Dakota",South Dakota,3.6,46.099998,426
46031,"Corson County, South Dakota",South Dakota,NA,NA,NA
46033,"Custer County, South Dakota",South Dakota,2.4,71.099998,107
46035,"Davison County, South Dakota",South Dakota,3.2,20.1,276
46037,"Day County, South Dakota",South Dakota,2.9,33.299999,64
46039,"Deuel County, South Dakota",South Dakota,4.8,12.7,70
46041,"Dewey County, South Dakota",South Dakota,3.6,NA,< 50
46043,"Douglas County, South Dakota",South Dakota,0,NA,< 50
46045,"Edmunds County, South Dakota",South Dakota,4.9,46,97
46047,"Fall River County, South Dakota",South Dakota,6,39.200001,200
46049,"Faulk County, South Dakota",South Dakota,NA,NA,NA
46051,"Grant County, South Dakota",South Dakota,3.2,5.4000001,113
46053,"Gregory County, South Dakota",South Dakota,5.9,77,97
46055,"Haakon County, South Dakota",South Dakota,1.8,NA,< 50
46057,"Hamlin County, South Dakota",South Dakota,0.9,NA,< 50
46059,"Hand County, South Dakota",South Dakota,1.4,NA,< 50
46061,"Hanson County, South Dakota",South Dakota,2.2,NA,< 50
46063,"Harding County, South Dakota",South Dakota,NA,NA,NA
46065,"Hughes County, South Dakota",South Dakota,2,-17.4,161
46067,"Hutchinson County, South Dakota",South Dakota,3.3,100,108
46069,"Hyde County, South Dakota",South Dakota,NA,NA,NA
46071,"Jackson County, South Dakota",South Dakota,NA,NA,NA
46073,"Jerauld County, South Dakota",South Dakota,NA,NA,NA
46075,"Jones County, South Dakota",South Dakota,NA,NA,NA
46077,"Kingsbury County, South Dakota",South Dakota,0.9,NA,< 50
46079,"Lake County, South Dakota",South Dakota,4,64.5,207
46081,"Lawrence County, South Dakota",South Dakota,3.5,67.599998,468
46083,"Lincoln County, South Dakota",South Dakota,3.3,40.299999,1053
46085,"Lyman County, South Dakota",South Dakota,5.8,0,65
46087,"McCook County, South Dakota",South Dakota,3.7,50,93
46089,"McPherson County, South Dakota",South Dakota,NA,NA,NA
46091,"Marshall County, South Dakota",South Dakota,3.9,-10.1,71
46093,"Meade County, South Dakota",South Dakota,2.3,-24.4,343
46095,"Mellette County, South Dakota",South Dakota,NA,NA,NA
46097,"Miner County, South Dakota",South Dakota,NA,NA,NA
46099,"Minnehaha County, South Dakota",South Dakota,4.6,46.799999,3878
46101,"Moody County, South Dakota",South Dakota,0.8,NA,< 50
46102,"Oglala Lakota County, South Dakota",South Dakota,18.3,81.5,372
46103,"Pennington County, South Dakota",South Dakota,4,24.4,2021
46105,"Perkins County, South Dakota",South Dakota,0,NA,< 50
46107,"Potter County, South Dakota",South Dakota,NA,NA,NA
46109,"Roberts County, South Dakota",South Dakota,5.5,51.099998,209
46111,"Sanborn County, South Dakota",South Dakota,1.9,NA,< 50
46115,"Spink County, South Dakota",South Dakota,2.2,-33.299999,64
46117,"Stanley County, South Dakota",South Dakota,1.5,NA,< 50
46119,"Sully County, South Dakota",South Dakota,NA,NA,NA
46121,"Todd County, South Dakota",South Dakota,NA,NA,NA
46123,"Tripp County, South Dakota",South Dakota,4.8,61.5,108
46125,"Turner County, South Dakota",South Dakota,3,48.700001,121
46127,"Union County, South Dakota",South Dakota,3.1,48.900002,250
46129,"Walworth County, South Dakota",South Dakota,0.9,NA,< 50
46135,"Yankton County, South Dakota",South Dakota,3.3,18.799999,363
46137,"Ziebach County, South Dakota",South Dakota,NA,NA,NA
47001,"Anderson County, Tennessee",Tennessee,5.6,29.700001,1735
47003,"Bedford County, Tennessee",Tennessee,5.9,63.299999,1004
47005,"Benton County, Tennessee",Tennessee,7.9,11.5,448
47007,"Bledsoe County, Tennessee",Tennessee,7.1,46.400002,424
47009,"Blount County, Tennessee",Tennessee,4.3,38.5,2613
47011,"Bradley County, Tennessee",Tennessee,5.3,36.5,2326
47013,"Campbell County, Tennessee",Tennessee,6.7,30.200001,861
47015,"Cannon County, Tennessee",Tennessee,6.4,49.700001,365
47017,"Carroll County, Tennessee",Tennessee,5.4,-17.9,552
47019,"Carter County, Tennessee",Tennessee,4.6,12.8,1026
47021,"Cheatham County, Tennessee",Tennessee,5.7,27.6,1049
47023,"Chester County, Tennessee",Tennessee,8.5,51.599998,538
47025,"Claiborne County, Tennessee",Tennessee,4.5,22.6,528
47027,"Clay County, Tennessee",Tennessee,8.8,53.299999,219
47029,"Cocke County, Tennessee",Tennessee,7,22.1,865
47031,"Coffee County, Tennessee",Tennessee,7,59.400002,1440
47033,"Crockett County, Tennessee",Tennessee,5.7,-1.5,275
47035,"Cumberland County, Tennessee",Tennessee,4.6,40.200001,1254
47037,"Davidson County, Tennessee",Tennessee,5.5,35.599998,17245
47039,"Decatur County, Tennessee",Tennessee,5.2,45.599998,224
47041,"DeKalb County, Tennessee",Tennessee,6.5,58,473
47043,"Dickson County, Tennessee",Tennessee,5,45.900002,1077
47045,"Dyer County, Tennessee",Tennessee,6.3,17.299999,777
47047,"Fayette County, Tennessee",Tennessee,4.8,15.9,965
47049,"Fentress County, Tennessee",Tennessee,6.1,6.5999999,416
47051,"Franklin County, Tennessee",Tennessee,5.4,53.5,872
47053,"Gibson County, Tennessee",Tennessee,7.9,46,1378
47055,"Giles County, Tennessee",Tennessee,5.6,19.799999,603
47057,"Grainger County, Tennessee",Tennessee,4.5,23,425
47059,"Greene County, Tennessee",Tennessee,5.4,30.200001,1523
47061,"Grundy County, Tennessee",Tennessee,6.5,41.900002,284
47063,"Hamblen County, Tennessee",Tennessee,5.4,27.700001,1266
47065,"Hamilton County, Tennessee",Tennessee,5.6,39.700001,9329
47067,"Hancock County, Tennessee",Tennessee,3.8,-66.699997,82
47069,"Hardeman County, Tennessee",Tennessee,6.1,15.6,555
47071,"Hardin County, Tennessee",Tennessee,6.2,40.299999,622
47073,"Hawkins County, Tennessee",Tennessee,5.7,34.700001,1297
47075,"Haywood County, Tennessee",Tennessee,8.7,42.400002,492
47077,"Henderson County, Tennessee",Tennessee,7.8,31.6,753
47079,"Henry County, Tennessee",Tennessee,3.4,-39.900002,417
47081,"Hickman County, Tennessee",Tennessee,6.5,20.5,607
47083,"Houston County, Tennessee",Tennessee,6.3,72.400002,181
47085,"Humphreys County, Tennessee",Tennessee,3.8,36.700001,288
47087,"Jackson County, Tennessee",Tennessee,4.4,17,196
47089,"Jefferson County, Tennessee",Tennessee,7,49.700001,1691
47091,"Johnson County, Tennessee",Tennessee,5.9,60.200001,404
47093,"Knox County, Tennessee",Tennessee,4.6,42.5,10219
47095,"Lake County, Tennessee",Tennessee,NA,NA,NA
47097,"Lauderdale County, Tennessee",Tennessee,9.4,18,750
47099,"Lawrence County, Tennessee",Tennessee,6.1,33.400002,900
47101,"Lewis County, Tennessee",Tennessee,7.6,19.799999,353
47103,"Lincoln County, Tennessee",Tennessee,4.7,18.299999,616
47105,"Loudon County, Tennessee",Tennessee,3.4,29.5,866
47107,"McMinn County, Tennessee",Tennessee,5.9,12,1203
47109,"McNairy County, Tennessee",Tennessee,7.6,66.199997,722
47111,"Macon County, Tennessee",Tennessee,5.2,-30.799999,443
47113,"Madison County, Tennessee",Tennessee,6.5,25,2415
47115,"Marion County, Tennessee",Tennessee,6.1,31.9,658
47117,"Marshall County, Tennessee",Tennessee,6.1,50.200001,770
47119,"Maury County, Tennessee",Tennessee,4.4,24.799999,1936
47121,"Meigs County, Tennessee",Tennessee,10.9,76.400002,496
47123,"Monroe County, Tennessee",Tennessee,4.7,27.4,840
47125,"Montgomery County, Tennessee",Tennessee,7.7,34.700001,7128
47127,"Moore County, Tennessee",Tennessee,6.1,-6.5,167
47129,"Morgan County, Tennessee",Tennessee,5.3,27.700001,413
47131,"Obion County, Tennessee",Tennessee,5,-2.2,546
47133,"Overton County, Tennessee",Tennessee,5.4,67,441
47135,"Perry County, Tennessee",Tennessee,3,-59.400002,96
47137,"Pickett County, Tennessee",Tennessee,7.7,56.200001,157
47139,"Polk County, Tennessee",Tennessee,6.4,32.099998,419
47141,"Putnam County, Tennessee",Tennessee,5,31.4,1632
47143,"Rhea County, Tennessee",Tennessee,6.5,52.400002,759
47145,"Roane County, Tennessee",Tennessee,4.6,34.299999,1036
47147,"Robertson County, Tennessee",Tennessee,5.3,45.400002,1624
47149,"Rutherford County, Tennessee",Tennessee,5.7,34.700001,8593
47151,"Scott County, Tennessee",Tennessee,6.6,11.8,467
47153,"Sequatchie County, Tennessee",Tennessee,6.7,49.299999,432
47155,"Sevier County, Tennessee",Tennessee,6,33.099998,2490
47157,"Shelby County, Tennessee",Tennessee,9.4,33.099998,32403
47159,"Smith County, Tennessee",Tennessee,3.1,-50.099998,245
47161,"Stewart County, Tennessee",Tennessee,5.5,-5,315
47163,"Sullivan County, Tennessee",Tennessee,5.7,34.599998,3802
47165,"Sumner County, Tennessee",Tennessee,5.2,41.599998,4689
47167,"Tipton County, Tennessee",Tennessee,5.3,33.200001,1316
47169,"Trousdale County, Tennessee",Tennessee,9.9,31.4,406
47171,"Unicoi County, Tennessee",Tennessee,5.7,60.5,406
47173,"Union County, Tennessee",Tennessee,6.5,18.700001,460
47175,"Van Buren County, Tennessee",Tennessee,4.6,27.799999,109
47177,"Warren County, Tennessee",Tennessee,4.9,7.6999998,712
47179,"Washington County, Tennessee",Tennessee,4.9,27.4,2966
47181,"Wayne County, Tennessee",Tennessee,6.1,45.400002,349
47183,"Weakley County, Tennessee",Tennessee,5.3,44.299999,675
47185,"White County, Tennessee",Tennessee,5.2,8.6000004,534
47187,"Williamson County, Tennessee",Tennessee,2.1,40.900002,2643
47189,"Wilson County, Tennessee",Tennessee,4.1,37.099998,2890
48001,"Anderson County, Texas",Texas,9.2,44.299999,1999
48003,"Andrews County, Texas",Texas,6.9,3.7,411
48005,"Angelina County, Texas",Texas,6.2,30.6,1778
48007,"Aransas County, Texas",Texas,4.6,39.599998,491
48009,"Archer County, Texas",Texas,3,-26.9,114
48011,"Armstrong County, Texas",Texas,NA,NA,NA
48013,"Atascosa County, Texas",Texas,8.8,44.299999,1445
48015,"Austin County, Texas",Texas,6.6,56.5,869
48017,"Bailey County, Texas",Texas,6.4,-6.9000001,156
48019,"Bandera County, Texas",Texas,5.7,40.200001,568
48021,"Bastrop County, Texas",Texas,6.1,39.5,2313
48023,"Baylor County, Texas",Texas,11.3,36.599998,148
48025,"Bee County, Texas",Texas,10.1,34.099998,1031
48027,"Bell County, Texas",Texas,8.1,29.799999,11724
48029,"Bexar County, Texas",Texas,7.3,42.599998,58754
48031,"Blanco County, Texas",Texas,5,77.300003,286
48033,"Borden County, Texas",Texas,NA,NA,NA
48035,"Bosque County, Texas",Texas,6.2,19,455
48037,"Bowie County, Texas",Texas,6.7,21.5,2102
48039,"Brazoria County, Texas",Texas,7.3,49.299999,12014
48041,"Brazos County, Texas",Texas,5.2,33.900002,5435
48043,"Brewster County, Texas",Texas,7.7,70.599998,314
48045,"Briscoe County, Texas",Texas,NA,NA,NA
48047,"Brooks County, Texas",Texas,6.8,44.299999,127
48049,"Brown County, Texas",Texas,7.7,44,1101
48051,"Burleson County, Texas",Texas,6.6,24.9,507
48053,"Burnet County, Texas",Texas,4.5,14.8,1029
48055,"Caldwell County, Texas",Texas,9.1,48.400002,1570
48057,"Calhoun County, Texas",Texas,5.4,29,366
48059,"Callahan County, Texas",Texas,8,43.400002,432
48061,"Cameron County, Texas",Texas,8.7,49.200001,11159
48063,"Camp County, Texas",Texas,8.1,-3.9000001,346
48065,"Carson County, Texas",Texas,3.8,47.5,84
48067,"Cass County, Texas",Texas,9.2,38.700001,933
48069,"Castro County, Texas",Texas,7.1,37.900002,167
48071,"Chambers County, Texas",Texas,5.2,4.1999998,965
48073,"Cherokee County, Texas",Texas,7.1,41.700001,1132
48075,"Childress County, Texas",Texas,5.4,52.900002,124
48077,"Clay County, Texas",Texas,7.7,-6.0999999,290
48079,"Cochran County, Texas",Texas,8,NA,60
48081,"Coke County, Texas",Texas,2.7,NA,< 50
48083,"Coleman County, Texas",Texas,5.8,5.5999999,155
48085,"Collin County, Texas",Texas,4.4,47.099998,23291
48087,"Collingsworth County, Texas",Texas,3.5,NA,< 50
48089,"Colorado County, Texas",Texas,4.5,31.700001,380
48091,"Comal County, Texas",Texas,4.5,51.099998,3729
48093,"Comanche County, Texas",Texas,8.3,39.200001,394
48095,"Concho County, Texas",Texas,6,NA,83
48097,"Cooke County, Texas",Texas,7.1,49.200001,1135
48099,"Coryell County, Texas",Texas,8,26.700001,2751
48101,"Cottle County, Texas",Texas,NA,NA,NA
48103,"Crane County, Texas",Texas,6.7,-29.299999,98
48105,"Crockett County, Texas",Texas,9,-15,108
48107,"Crosby County, Texas",Texas,8.2,-17,147
48109,"Culberson County, Texas",Texas,10,NA,89
48111,"Dallam County, Texas",Texas,5.4,81.699997,104
48113,"Dallas County, Texas",Texas,7.5,40.299999,71012
48115,"Dawson County, Texas",Texas,9,47.299999,329
48117,"Deaf Smith County, Texas",Texas,9.5,60.200001,500
48119,"Delta County, Texas",Texas,9.5,47.5,210
48121,"Denton County, Texas",Texas,5.4,42.799999,23907
48123,"DeWitt County, Texas",Texas,8.7,20.200001,644
48125,"Dickens County, Texas",Texas,NA,NA,NA
48127,"Dimmit County, Texas",Texas,7.2,-8.8999996,160
48129,"Donley County, Texas",Texas,0,NA,< 50
48131,"Duval County, Texas",Texas,9.8,75,236
48133,"Eastland County, Texas",Texas,8.6,53.900002,572
48135,"Ector County, Texas",Texas,9.3,36.599998,4934
48137,"Edwards County, Texas",Texas,NA,NA,NA
48139,"Ellis County, Texas",Texas,7.5,47.900002,6322
48141,"El Paso County, Texas",Texas,7.6,47.700001,24647
48143,"Erath County, Texas",Texas,5.2,17.299999,936
48145,"Falls County, Texas",Texas,5.6,-1,333
48147,"Fannin County, Texas",Texas,8.2,53.400002,1147
48149,"Fayette County, Texas",Texas,5.2,44.599998,588
48151,"Fisher County, Texas",Texas,4.2,64.699997,56
48153,"Floyd County, Texas",Texas,7.6,1.1,127
48155,"Foard County, Texas",Texas,NA,NA,NA
48157,"Fort Bend County, Texas",Texas,5.9,48.799999,22511
48159,"Franklin County, Texas",Texas,5.3,64.400002,202
48161,"Freestone County, Texas",Texas,7.1,17.1,516
48163,"Frio County, Texas",Texas,11.1,67,641
48165,"Gaines County, Texas",Texas,5.4,51.799999,367
48167,"Galveston County, Texas",Texas,6.5,42.700001,9867
48169,"Garza County, Texas",Texas,11.9,83.5,252
48171,"Gillespie County, Texas",Texas,2.6,-2.8,335
48173,"Glasscock County, Texas",Texas,NA,NA,NA
48175,"Goliad County, Texas",Texas,7.9,39.900002,239
48177,"Gonzales County, Texas",Texas,6.2,31.200001,409
48179,"Gray County, Texas",Texas,5.9,-38.599998,439
48181,"Grayson County, Texas",Texas,6.9,32.700001,3712
48183,"Gregg County, Texas",Texas,7,9.1000004,2882
48185,"Grimes County, Texas",Texas,6.4,24.200001,784
48187,"Guadalupe County, Texas",Texas,6.7,61.400002,5121
48189,"Hale County, Texas",Texas,7.4,26.6,677
48191,"Hall County, Texas",Texas,NA,NA,NA
48193,"Hamilton County, Texas",Texas,4.1,53.599998,140
48195,"Hansford County, Texas",Texas,3,24.1,59
48197,"Hardeman County, Texas",Texas,13.3,38.5,157
48199,"Hardin County, Texas",Texas,7,23.1,1572
48201,"Harris County, Texas",Texas,8.1,43.400002,144842
48203,"Harrison County, Texas",Texas,8.1,44.599998,1949
48205,"Hartley County, Texas",Texas,5.8,100,125
48207,"Haskell County, Texas",Texas,7.6,63.5,153
48209,"Hays County, Texas",Texas,5.4,45.700001,6308
48211,"Hemphill County, Texas",Texas,3.8,NA,< 50
48213,"Henderson County, Texas",Texas,7.7,25,2486
48215,"Hidalgo County, Texas",Texas,8,38.700001,20228
48217,"Hill County, Texas",Texas,7.9,14.5,1033
48219,"Hockley County, Texas",Texas,7.4,27.700001,507
48221,"Hood County, Texas",Texas,5.5,47.5,1607
48223,"Hopkins County, Texas",Texas,8.8,47.599998,1132
48225,"Houston County, Texas",Texas,6.1,28.5,491
48227,"Howard County, Texas",Texas,7.9,2.5,925
48229,"Hudspeth County, Texas",Texas,3.9,-50,53
48231,"Hunt County, Texas",Texas,6.8,13.4,2698
48233,"Hutchinson County, Texas",Texas,9.3,38.200001,601
48235,"Irion County, Texas",Texas,NA,NA,NA
48237,"Jack County, Texas",Texas,5.9,30.5,179
48239,"Jackson County, Texas",Texas,8.4,26.5,404
48241,"Jasper County, Texas",Texas,7.3,17.1,838
48243,"Jeff Davis County, Texas",Texas,NA,NA,NA
48245,"Jefferson County, Texas",Texas,7.8,26.6,6981
48247,"Jim Hogg County, Texas",Texas,9.6,NA,109
48249,"Jim Wells County, Texas",Texas,10.6,35.900002,1273
48251,"Johnson County, Texas",Texas,6.9,41.299999,5161
48253,"Jones County, Texas",Texas,10.4,43.700001,760
48255,"Karnes County, Texas",Texas,10.2,67.099998,582
48257,"Kaufman County, Texas",Texas,8.5,49.599998,5215
48259,"Kendall County, Texas",Texas,3.6,47.700001,835
48261,"Kenedy County, Texas",Texas,NA,NA,NA
48263,"Kent County, Texas",Texas,NA,NA,NA
48265,"Kerr County, Texas",Texas,5.3,68.099998,1277
48267,"Kimble County, Texas",Texas,4.3,66.699997,68
48269,"King County, Texas",Texas,NA,NA,NA
48271,"Kinney County, Texas",Texas,NA,NA,NA
48273,"Kleberg County, Texas",Texas,9.3,28.700001,953
48275,"Knox County, Texas",Texas,4.7,-29.5,54
48277,"Lamar County, Texas",Texas,7.4,38.700001,1248
48279,"Lamb County, Texas",Texas,8,51.799999,317
48281,"Lampasas County, Texas",Texas,6.5,59.599998,627
48283,"La Salle County, Texas",Texas,6.3,29.4,122
48285,"Lavaca County, Texas",Texas,6.1,59.599998,505
48287,"Lee County, Texas",Texas,7.7,43.700001,577
48289,"Leon County, Texas",Texas,9,50.5,574
48291,"Liberty County, Texas",Texas,9.2,27.5,2766
48293,"Limestone County, Texas",Texas,6.9,32.5,520
48295,"Lipscomb County, Texas",Texas,1.9,NA,< 50
48297,"Live Oak County, Texas",Texas,7.6,45.900002,340
48299,"Llano County, Texas",Texas,6,48.099998,604
48301,"Loving County, Texas",Texas,NA,NA,NA
48303,"Lubbock County, Texas",Texas,7.2,31.6,8943
48305,"Lynn County, Texas",Texas,9.5,10.8,175
48307,"McCulloch County, Texas",Texas,9.1,37.099998,246
48309,"McLennan County, Texas",Texas,6.9,31.4,6741
48311,"McMullen County, Texas",Texas,NA,NA,NA
48313,"Madison County, Texas",Texas,9.5,25.6,518
48315,"Marion County, Texas",Texas,9.7,6.0999999,318
48317,"Martin County, Texas",Texas,NA,NA,NA
48319,"Mason County, Texas",Texas,6.7,82.800003,118
48321,"Matagorda County, Texas",Texas,6.6,7.1999998,815
48323,"Maverick County, Texas",Texas,8.3,52.299999,1238
48325,"Medina County, Texas",Texas,7.3,51.400002,1635
48327,"Menard County, Texas",Texas,NA,NA,NA
48329,"Midland County, Texas",Texas,6.6,26.799999,4209
48331,"Milam County, Texas",Texas,7.7,24,744
48333,"Mills County, Texas",Texas,5.4,53.5,104
48335,"Mitchell County, Texas",Texas,9.9,53.299999,303
48337,"Montague County, Texas",Texas,8.8,45.200001,713
48339,"Montgomery County, Texas",Texas,6.2,41.5,17819
48341,"Moore County, Texas",Texas,7.4,20.5,447
48343,"Morris County, Texas",Texas,10.1,14.6,388
48345,"Motley County, Texas",Texas,NA,NA,NA
48347,"Nacogdoches County, Texas",Texas,7,49.799999,1623
48349,"Navarro County, Texas",Texas,8.6,57.200001,1466
48351,"Newton County, Texas",Texas,8.8,41,350
48353,"Nolan County, Texas",Texas,5.2,37.599998,247
48355,"Nueces County, Texas",Texas,8.6,41.200001,10759
48357,"Ochiltree County, Texas",Texas,3.7,32.5,118
48359,"Oldham County, Texas",Texas,NA,NA,NA
48361,"Orange County, Texas",Texas,7.5,26.299999,2317
48363,"Palo Pinto County, Texas",Texas,7.1,32.200001,761
48365,"Panola County, Texas",Texas,7.5,19.799999,595
48367,"Parker County, Texas",Texas,6.2,56.200001,4325
48369,"Parmer County, Texas",Texas,6.3,37.5,201
48371,"Pecos County, Texas",Texas,9.2,26,413
48373,"Polk County, Texas",Texas,7.2,48.299999,1547
48375,"Potter County, Texas",Texas,9.9,49,3344
48377,"Presidio County, Texas",Texas,4.2,75,71
48379,"Rains County, Texas",Texas,5.5,17.5,273
48381,"Randall County, Texas",Texas,5.4,37.599998,3155
48383,"Reagan County, Texas",Texas,NA,NA,NA
48385,"Real County, Texas",Texas,8.6,81.300003,87
48387,"Red River County, Texas",Texas,9.6,29.6,377
48389,"Reeves County, Texas",Texas,8.4,33.700001,331
48391,"Refugio County, Texas",Texas,6.5,23.6,142
48393,"Roberts County, Texas",Texas,NA,NA,NA
48395,"Robertson County, Texas",Texas,9.1,50.400002,554
48397,"Rockwall County, Texas",Texas,4.9,49.299999,2668
48399,"Runnels County, Texas",Texas,6.2,15.7,208
48401,"Rusk County, Texas",Texas,6,5.6999998,1080
48403,"Sabine County, Texas",Texas,7.1,42.599998,285
48405,"San Augustine County, Texas",Texas,8.1,46.099998,229
48407,"San Jacinto County, Texas",Texas,7.7,12.1,811
48409,"San Patricio County, Texas",Texas,7.5,30.1,1775
48411,"San Saba County, Texas",Texas,7.4,30,169
48413,"Schleicher County, Texas",Texas,2,NA,< 50
48415,"Scurry County, Texas",Texas,7.7,62.900002,433
48417,"Shackelford County, Texas",Texas,3,NA,< 50
48419,"Shelby County, Texas",Texas,6.2,38.5,455
48421,"Sherman County, Texas",Texas,NA,NA,NA
48423,"Smith County, Texas",Texas,7.2,49.099998,6789
48425,"Somervell County, Texas",Texas,4.7,60.200001,197
48427,"Starr County, Texas",Texas,9.9,36.799999,1570
48429,"Stephens County, Texas",Texas,9.9,42,305
48431,"Sterling County, Texas",Texas,NA,NA,NA
48433,"Stonewall County, Texas",Texas,NA,NA,NA
48435,"Sutton County, Texas",Texas,6.7,46.400002,72
48437,"Swisher County, Texas",Texas,8.5,19.799999,197
48439,"Tarrant County, Texas",Texas,7.1,41.799999,59973
48441,"Taylor County, Texas",Texas,7.1,32.299999,3686
48443,"Terrell County, Texas",Texas,NA,NA,NA
48445,"Terry County, Texas",Texas,8.2,52.799999,299
48447,"Throckmorton County, Texas",Texas,NA,NA,NA
48449,"Titus County, Texas",Texas,6,16,556
48451,"Tom Green County, Texas",Texas,7.2,44.5,3380
48453,"Travis County, Texas",Texas,4.7,45.900002,28120
48455,"Trinity County, Texas",Texas,6.8,46.900002,358
48457,"Tyler County, Texas",Texas,7.3,44,545
48459,"Upshur County, Texas",Texas,6.9,31.4,1032
48461,"Upton County, Texas",Texas,5.6,29.4,55
48463,"Uvalde County, Texas",Texas,8.1,24.200001,625
48465,"Val Verde County, Texas",Texas,6.2,43,920
48467,"Van Zandt County, Texas",Texas,7.5,40.5,1706
48469,"Victoria County, Texas",Texas,8.3,43.900002,2839
48471,"Walker County, Texas",Texas,6.8,23,2393
48473,"Waller County, Texas",Texas,8.7,47.200001,2243
48475,"Ward County, Texas",Texas,8,62.299999,276
48477,"Washington County, Texas",Texas,5.9,56.599998,915
48479,"Webb County, Texas",Texas,9.2,50.200001,7107
48481,"Wharton County, Texas",Texas,7.6,38.099998,1127
48483,"Wheeler County, Texas",Texas,10.9,72.099998,189
48485,"Wichita County, Texas",Texas,8.3,47.599998,3859
48487,"Wilbarger County, Texas",Texas,6.6,45.900002,289
48489,"Willacy County, Texas",Texas,9.3,36.099998,560
48491,"Williamson County, Texas",Texas,5.2,55.400002,15755
48493,"Wilson County, Texas",Texas,6.9,64.099998,1515
48495,"Winkler County, Texas",Texas,10.5,5.5,255
48497,"Wise County, Texas",Texas,7,45.400002,2096
48499,"Wood County, Texas",Texas,7,42.599998,1299
48501,"Yoakum County, Texas",Texas,5.8,10.5,134
48503,"Young County, Texas",Texas,5.3,43.900002,352
48505,"Zapata County, Texas",Texas,14.4,35.299999,463
48507,"Zavala County, Texas",Texas,13.9,61.799999,301
49001,"Beaver County, Utah",Utah,0,NA,< 50
49003,"Box Elder County, Utah",Utah,4.7,34,1120
49005,"Cache County, Utah",Utah,3.2,55.900002,1860
49007,"Carbon County, Utah",Utah,4.1,34,326
49009,"Daggett County, Utah",Utah,NA,NA,NA
49011,"Davis County, Utah",Utah,3.4,40.900002,5484
49013,"Duchesne County, Utah",Utah,5.2,67.699997,399
49015,"Emery County, Utah",Utah,2.3,-6.0999999,85
49017,"Garfield County, Utah",Utah,1.1,NA,< 50
49019,"Grand County, Utah",Utah,4.1,45.299999,200
49021,"Iron County, Utah",Utah,4.6,55.700001,1228
49023,"Juab County, Utah",Utah,3.9,52.099998,186
49025,"Kane County, Utah",Utah,2.4,-7.6999998,84
49027,"Millard County, Utah",Utah,2.5,82.5,118
49029,"Morgan County, Utah",Utah,2.5,52.5,137
49031,"Piute County, Utah",Utah,NA,NA,NA
49033,"Rich County, Utah",Utah,NA,NA,NA
49035,"Salt Lake County, Utah",Utah,4.3,40.200001,22781
49037,"San Juan County, Utah",Utah,6.3,50.599998,313
49039,"Sanpete County, Utah",Utah,3.4,48.400002,408
49041,"Sevier County, Utah",Utah,4.7,25.200001,426
49043,"Summit County, Utah",Utah,1.6,46.900002,364
49045,"Tooele County, Utah",Utah,5.2,41.799999,1624
49047,"Uintah County, Utah",Utah,5.4,53.5,744
49049,"Utah County, Utah",Utah,3.6,49,10441
49051,"Wasatch County, Utah",Utah,3.1,31.5,496
49053,"Washington County, Utah",Utah,3.7,40.700001,3157
49055,"Wayne County, Utah",Utah,6,NA,63
49057,"Weber County, Utah",Utah,4.3,43.799999,4886
50001,"Addison County, Vermont",Vermont,2.9,20.799999,548
50003,"Bennington County, Vermont",Vermont,4.6,54.299999,834
50005,"Caledonia County, Vermont",Vermont,2.4,-3.0999999,345
50007,"Chittenden County, Vermont",Vermont,2.4,33.900002,2132
50009,"Essex County, Vermont",Vermont,3,-86.099998,82
50011,"Franklin County, Vermont",Vermont,5,34.599998,1174
50013,"Grand Isle County, Vermont",Vermont,3.5,30.9,127
50015,"Lamoille County, Vermont",Vermont,3,7.3000002,395
50017,"Orange County, Vermont",Vermont,3.6,48.099998,516
50019,"Orleans County, Vermont",Vermont,4.2,30.6,496
50021,"Rutland County, Vermont",Vermont,4.1,39.200001,1210
50023,"Washington County, Vermont",Vermont,3.4,51.299999,1021
50025,"Windham County, Vermont",Vermont,4,34.5,852
50027,"Windsor County, Vermont",Vermont,3.8,38.5,1100
51001,"Accomack County, Virginia",Virginia,6.8,61,904
51003,"Albemarle County, Virginia",Virginia,2.9,36.599998,1695
51005,"Alleghany County, Virginia",Virginia,7.6,30.200001,486
51007,"Amelia County, Virginia",Virginia,6.4,6.6999998,387
51009,"Amherst County, Virginia",Virginia,6.7,14.9,957
51011,"Appomattox County, Virginia",Virginia,7.1,42,515
51013,"Arlington County, Virginia",Virginia,2.5,41.5,3253
51015,"Augusta County, Virginia",Virginia,4.4,28,1616
51017,"Bath County, Virginia",Virginia,NA,NA,NA
51019,"Bedford County, Virginia",Virginia,4.1,25.1,1637
51021,"Bland County, Virginia",Virginia,7,61.099998,191
51023,"Botetourt County, Virginia",Virginia,4.9,61.299999,818
51025,"Brunswick County, Virginia",Virginia,8.9,25.6,584
51027,"Buchanan County, Virginia",Virginia,9.8,30.4,661
51029,"Buckingham County, Virginia",Virginia,NA,NA,NA
51031,"Campbell County, Virginia",Virginia,6.7,46.700001,1739
51033,"Caroline County, Virginia",Virginia,6.9,37.599998,992
51035,"Carroll County, Virginia",Virginia,7.9,37.900002,998
51036,"Charles City County, Virginia",Virginia,6.5,62.200001,189
51037,"Charlotte County, Virginia",Virginia,6.3,30.700001,287
51041,"Chesterfield County, Virginia",Virginia,5.4,43,9779
51043,"Clarke County, Virginia",Virginia,3.4,52.5,270
51045,"Craig County, Virginia",Virginia,5.6,15.3,112
51047,"Culpeper County, Virginia",Virginia,5.4,53.400002,1279
51049,"Cumberland County, Virginia",Virginia,8.6,55.099998,334
51051,"Dickenson County, Virginia",Virginia,5.7,-21.799999,293
51053,"Dinwiddie County, Virginia",Virginia,8.1,36.700001,1015
51057,"Essex County, Virginia",Virginia,7.9,42.400002,381
51059,"Fairfax County, Virginia",Virginia,2.7,41.700001,15924
51061,"Fauquier County, Virginia",Virginia,3.5,39.900002,1274
51063,"Floyd County, Virginia",Virginia,3.5,-21.700001,241
51065,"Fluvanna County, Virginia",Virginia,4.1,5.1999998,576
51067,"Franklin County, Virginia",Virginia,5.8,46.299999,1452
51069,"Frederick County, Virginia",Virginia,5.6,50.200001,2488
51071,"Giles County, Virginia",Virginia,7.4,43.099998,456
51073,"Gloucester County, Virginia",Virginia,5.6,44.099998,1049
51075,"Goochland County, Virginia",Virginia,2.7,43.5,379
51077,"Grayson County, Virginia",Virginia,8.4,57.700001,496
51079,"Greene County, Virginia",Virginia,3.9,50.200001,368
51081,"Greensville County, Virginia",Virginia,7.6,14.3,326
51083,"Halifax County, Virginia",Virginia,7.1,13.4,956
51085,"Hanover County, Virginia",Virginia,2.9,29.5,1694
51087,"Henrico County, Virginia",Virginia,5.4,37.599998,8605
51089,"Henry County, Virginia",Virginia,7.3,23.1,1411
51091,"Highland County, Virginia",Virginia,NA,NA,NA
51093,"Isle of Wight County, Virginia",Virginia,5.4,58.599998,1033
51095,"James City County, Virginia",Virginia,3.9,60.5,1655
51097,"King and Queen County, Virginia",Virginia,6.9,4.5999999,200
51099,"King George County, Virginia",Virginia,5.7,72.099998,728
51101,"King William County, Virginia",Virginia,7.5,29.4,631
51103,"Lancaster County, Virginia",Virginia,2.3,-139,128
51105,"Lee County, Virginia",Virginia,9.6,62.900002,735
51107,"Loudoun County, Virginia",Virginia,2.7,42.900002,5855
51109,"Louisa County, Virginia",Virginia,6.2,39.299999,1123
51111,"Lunenburg County, Virginia",Virginia,7.7,25,368
51113,"Madison County, Virginia",Virginia,5.1,41.400002,345
51115,"Mathews County, Virginia",Virginia,5.4,53,228
51117,"Mecklenburg County, Virginia",Virginia,7,31.700001,878
51119,"Middlesex County, Virginia",Virginia,3.7,-7.4000001,203
51121,"Montgomery County, Virginia",Virginia,3.5,18,1754
51125,"Nelson County, Virginia",Virginia,4.8,58.400002,325
51127,"New Kent County, Virginia",Virginia,3.5,28,445
51131,"Northampton County, Virginia",Virginia,6.3,57.299999,330
51133,"Northumberland County, Virginia",Virginia,5.9,60.299999,351
51135,"Nottoway County, Virginia",Virginia,7,32.299999,433
51137,"Orange County, Virginia",Virginia,5.3,31.799999,917
51139,"Page County, Virginia",Virginia,5.1,75,478
51141,"Patrick County, Virginia",Virginia,6.7,41.5,480
51143,"Pittsylvania County, Virginia",Virginia,5.9,36.400002,1584
51145,"Powhatan County, Virginia",Virginia,3.4,43.700001,559
51147,"Prince Edward County, Virginia",Virginia,6.8,69.099998,704
51149,"Prince George County, Virginia",Virginia,7.1,39.299999,1445
51153,"Prince William County, Virginia",Virginia,5,37.900002,11402
51155,"Pulaski County, Virginia",Virginia,7,10.9,968
51157,"Rappahannock County, Virginia",Virginia,1.1,NA,< 50
51159,"Richmond County, Virginia",Virginia,6.9,58,255
51161,"Roanoke County, Virginia",Virginia,4.3,32.700001,2106
51163,"Rockbridge County, Virginia",Virginia,5.3,55,550
51165,"Rockingham County, Virginia",Virginia,3.2,31.1,1237
51167,"Russell County, Virginia",Virginia,5.2,22,503
51169,"Scott County, Virginia",Virginia,6.3,28.9,535
51171,"Shenandoah County, Virginia",Virginia,4.6,41,936
51173,"Smyth County, Virginia",Virginia,7.5,30.4,790
51175,"Southampton County, Virginia",Virginia,5.5,32.900002,410
51177,"Spotsylvania County, Virginia",Virginia,6.1,51.400002,4073
51179,"Stafford County, Virginia",Virginia,5,40.700001,3869
51181,"Surry County, Virginia",Virginia,4.9,4.0999999,146
51183,"Sussex County, Virginia",Virginia,6.6,-41.400002,279
51185,"Tazewell County, Virginia",Virginia,6.1,16.6,942
51187,"Warren County, Virginia",Virginia,3.8,9.6000004,726
51191,"Washington County, Virginia",Virginia,3.7,9.8000002,879
51193,"Westmoreland County, Virginia",Virginia,6.6,33.900002,553
51195,"Wise County, Virginia",Virginia,8.4,25.700001,1143
51197,"Wythe County, Virginia",Virginia,6,8.8999996,728
51199,"York County, Virginia",Virginia,2.8,24.5,1037
51510,"Alexandria city, Virginia",Virginia,4.1,41.099998,3364
51520,"Bristol city, Virginia",Virginia,8.9,21,568
51530,"Buena Vista city, Virginia",Virginia,10.6,31.799999,236
51540,"Charlottesville city, Virginia",Virginia,3.2,42.599998,736
51550,"Chesapeake city, Virginia",Virginia,6.1,37,7172
51570,"Colonial Heights city, Virginia",Virginia,7.4,32.099998,575
51580,"Covington city, Virginia",Virginia,11.1,-7.0999999,244
51590,"Danville city, Virginia",Virginia,10.6,27.200001,1553
51595,"Emporia city, Virginia",Virginia,13.3,53.599998,281
51600,"Fairfax city, Virginia",Virginia,2.8,51.400002,339
51610,"Falls Church city, Virginia",Virginia,1.7,44,135
51620,"Franklin city, Virginia",Virginia,8.5,14.5,243
51630,"Fredericksburg city, Virginia",Virginia,6.2,22,846
51640,"Galax city, Virginia",Virginia,9.6,76.199997,238
51650,"Hampton city, Virginia",Virginia,8.9,38.099998,5306
51660,"Harrisonburg city, Virginia",Virginia,5.2,54.599998,1202
51670,"Hopewell city, Virginia",Virginia,9.5,15.2,807
51678,"Lexington city, Virginia",Virginia,5.3,75,245
51680,"Lynchburg city, Virginia",Virginia,5.6,3.0999999,2030
51683,"Manassas city, Virginia",Virginia,7.2,59,1333
51685,"Manassas Park city, Virginia",Virginia,6.2,73.300003,463
51690,"Martinsville city, Virginia",Virginia,11.5,28.6,523
51700,"Newport News city, Virginia",Virginia,8.7,34.5,6620
51710,"Norfolk city, Virginia",Virginia,9.1,31.1,9260
51720,"Norton city, Virginia",Virginia,6.9,-149.2,75
51730,"Petersburg city, Virginia",Virginia,13.8,16.799999,1572
51735,"Poquoson city, Virginia",Virginia,1.6,15.9,109
51740,"Portsmouth city, Virginia",Virginia,11.2,37.099998,4262
51750,"Radford city, Virginia",Virginia,9.9,67.800003,723
51760,"Richmond city, Virginia",Virginia,8.1,33.599998,8091
51770,"Roanoke city, Virginia",Virginia,6.8,22.799999,2707
51775,"Salem city, Virginia",Virginia,4.2,31.6,518
51790,"Staunton city, Virginia",Virginia,5.2,11.3,606
51800,"Suffolk city, Virginia",Virginia,7.4,41.900002,3217
51810,"Virginia Beach city, Virginia",Virginia,5.7,36.299999,12881
51820,"Waynesboro city, Virginia",Virginia,4.9,-6.5999999,446
51830,"Williamsburg city, Virginia",Virginia,2.3,69,200
51840,"Winchester city, Virginia",Virginia,6,35.900002,754
53001,"Adams County, Washington",Washington,4,-96.099998,267
53003,"Asotin County, Washington",Washington,4.5,52.900002,445
53005,"Benton County, Washington",Washington,4.6,43.799999,4140
53007,"Chelan County, Washington",Washington,3.8,54,1354
53009,"Clallam County, Washington",Washington,2.6,35.700001,1006
53011,"Clark County, Washington",Washington,4.1,47.900002,9996
53013,"Columbia County, Washington",Washington,2.7,NA,< 50
53015,"Cowlitz County, Washington",Washington,4.9,36.400002,2378
53017,"Douglas County, Washington",Washington,4,18.700001,770
53019,"Ferry County, Washington",Washington,5.7,23.4,184
53021,"Franklin County, Washington",Washington,5.1,48.599998,1872
53023,"Garfield County, Washington",Washington,NA,NA,NA
53025,"Grant County, Washington",Washington,5.6,47.799999,2110
53027,"Grays Harbor County, Washington",Washington,5.4,33.299999,1770
53029,"Island County, Washington",Washington,3.1,32.5,1469
53031,"Jefferson County, Washington",Washington,1.5,-27.1,283
53033,"King County, Washington",Washington,2.9,42.599998,34553
53035,"Kitsap County, Washington",Washington,3.7,44,5109
53037,"Kittitas County, Washington",Washington,3.7,38,863
53039,"Klickitat County, Washington",Washington,4.5,33.700001,462
53041,"Lewis County, Washington",Washington,5.5,46.5,1994
53043,"Lincoln County, Washington",Washington,5.1,64.5,244
53045,"Mason County, Washington",Washington,3.9,28.6,1180
53047,"Okanogan County, Washington",Washington,4.2,60.599998,735
53049,"Pacific County, Washington",Washington,5.1,50,563
53051,"Pend Oreille County, Washington",Washington,3.2,-19.200001,190
53053,"Pierce County, Washington",Washington,5.3,41.900002,22625
53055,"San Juan County, Washington",Washington,2.2,50.799999,236
53057,"Skagit County, Washington",Washington,3.2,28.4,1968
53059,"Skamania County, Washington",Washington,3.6,-0.40000001,209
53061,"Snohomish County, Washington",Washington,3.6,36.599998,14773
53063,"Spokane County, Washington",Washington,4.7,46.299999,12043
53065,"Stevens County, Washington",Washington,4.7,36.400002,987
53067,"Thurston County, Washington",Washington,4,44.5,5827
53069,"Wahkiakum County, Washington",Washington,3.6,34.900002,73
53071,"Walla Walla County, Washington",Washington,4,47.299999,1129
53073,"Whatcom County, Washington",Washington,3,41.900002,3380
53075,"Whitman County, Washington",Washington,3.8,70.400002,866
53077,"Yakima County, Washington",Washington,5.8,42.400002,5446
54001,"Barbour County, West Virginia",West Virginia,6,-55.400002,379
54003,"Berkeley County, West Virginia",West Virginia,8,51.799999,4459
54005,"Boone County, West Virginia",West Virginia,8.4,29.6,673
54007,"Braxton County, West Virginia",West Virginia,4.8,1.5,234
54009,"Brooke County, West Virginia",West Virginia,6.3,-1.8,583
54011,"Cabell County, West Virginia",West Virginia,7.2,32.5,2735
54013,"Calhoun County, West Virginia",West Virginia,8.4,24.200001,195
54015,"Clay County, West Virginia",West Virginia,10.4,67.599998,293
54017,"Doddridge County, West Virginia",West Virginia,6,-18,192
54019,"Fayette County, West Virginia",West Virginia,9.6,47.400002,1470
54021,"Gilmer County, West Virginia",West Virginia,4.2,-43.900002,135
54023,"Grant County, West Virginia",West Virginia,5.3,-28.5,242
54025,"Greenbrier County, West Virginia",West Virginia,6.3,32.299999,851
54027,"Hampshire County, West Virginia",West Virginia,6.4,40.799999,610
54029,"Hancock County, West Virginia",West Virginia,6.1,45.200001,745
54031,"Hardy County, West Virginia",West Virginia,5.9,14.6,342
54033,"Harrison County, West Virginia",West Virginia,6.5,21.200001,1788
54035,"Jackson County, West Virginia",West Virginia,7.1,25,808
54037,"Jefferson County, West Virginia",West Virginia,4.8,30.700001,1336
54039,"Kanawha County, West Virginia",West Virginia,8.1,31.1,5952
54041,"Lewis County, West Virginia",West Virginia,8.6,53.099998,536
54043,"Lincoln County, West Virginia",West Virginia,9.6,58.900002,691
54045,"Logan County, West Virginia",West Virginia,4.9,-37.200001,567
54047,"McDowell County, West Virginia",West Virginia,14.5,39.400002,756
54049,"Marion County, West Virginia",West Virginia,6.7,45.900002,1657
54051,"Marshall County, West Virginia",West Virginia,6.2,12.4,771
54053,"Mason County, West Virginia",West Virginia,5.2,43.599998,499
54055,"Mercer County, West Virginia",West Virginia,9,25.1,1966
54057,"Mineral County, West Virginia",West Virginia,6.6,56.799999,750
54059,"Mingo County, West Virginia",West Virginia,10.5,21.700001,759
54061,"Monongalia County, West Virginia",West Virginia,5.1,46.599998,2695
54063,"Monroe County, West Virginia",West Virginia,7.5,58.599998,372
54065,"Morgan County, West Virginia",West Virginia,5.7,42.900002,469
54067,"Nicholas County, West Virginia",West Virginia,7.3,34,672
54069,"Ohio County, West Virginia",West Virginia,4.9,2.5999999,926
54071,"Pendleton County, West Virginia",West Virginia,6.3,48.799999,165
54073,"Pleasants County, West Virginia",West Virginia,6,56,183
54075,"Pocahontas County, West Virginia",West Virginia,6.9,55.599998,219
54077,"Preston County, West Virginia",West Virginia,6.6,21.799999,966
54079,"Putnam County, West Virginia",West Virginia,6.5,55,1710
54081,"Raleigh County, West Virginia",West Virginia,9.1,36.799999,2622
54083,"Randolph County, West Virginia",West Virginia,8,45.099998,898
54085,"Ritchie County, West Virginia",West Virginia,6.5,9.3000002,228
54087,"Roane County, West Virginia",West Virginia,5.3,19.700001,285
54089,"Summers County, West Virginia",West Virginia,5.4,21.1,262
54091,"Taylor County, West Virginia",West Virginia,5.6,50.900002,401
54093,"Tucker County, West Virginia",West Virginia,4.4,51.099998,135
54095,"Tyler County, West Virginia",West Virginia,10.2,78.400002,350
54097,"Upshur County, West Virginia",West Virginia,7.5,36.900002,726
54099,"Wayne County, West Virginia",West Virginia,7,18.4,1010
54101,"Webster County, West Virginia",West Virginia,14.3,40,352
54103,"Wetzel County, West Virginia",West Virginia,6.8,41.200001,390
54105,"Wirt County, West Virginia",West Virginia,9.3,25.5,198
54107,"Wood County, West Virginia",West Virginia,5.4,35.299999,1925
54109,"Wyoming County, West Virginia",West Virginia,8,39.599998,559
55001,"Adams County, Wisconsin",Wisconsin,5.9,68.099998,594
55003,"Ashland County, Wisconsin",Wisconsin,2.8,51.900002,200
55005,"Barron County, Wisconsin",Wisconsin,2.7,19.5,575
55007,"Bayfield County, Wisconsin",Wisconsin,3,58.5,249
55009,"Brown County, Wisconsin",Wisconsin,3,35.599998,3808
55011,"Buffalo County, Wisconsin",Wisconsin,2.6,-13.5,163
55013,"Burnett County, Wisconsin",Wisconsin,4.7,65.400002,397
55015,"Calumet County, Wisconsin",Wisconsin,2.6,30.200001,688
55017,"Chippewa County, Wisconsin",Wisconsin,2.6,23.799999,837
55019,"Clark County, Wisconsin",Wisconsin,3,38.599998,389
55021,"Columbia County, Wisconsin",Wisconsin,2.5,46.200001,731
55023,"Crawford County, Wisconsin",Wisconsin,3.8,40.299999,273
55025,"Dane County, Wisconsin",Wisconsin,2.5,51.599998,7358
55027,"Dodge County, Wisconsin",Wisconsin,3.5,27.299999,1512
55029,"Door County, Wisconsin",Wisconsin,3.5,47.299999,576
55031,"Douglas County, Wisconsin",Wisconsin,3.1,33.900002,634
55033,"Dunn County, Wisconsin",Wisconsin,3,55.400002,655
55035,"Eau Claire County, Wisconsin",Wisconsin,3.1,43.400002,1614
55037,"Florence County, Wisconsin",Wisconsin,0,NA,< 50
55039,"Fond du Lac County, Wisconsin",Wisconsin,3.6,59,1751
55041,"Forest County, Wisconsin",Wisconsin,3.2,26.299999,132
55043,"Grant County, Wisconsin",Wisconsin,3.8,57.599998,924
55045,"Green County, Wisconsin",Wisconsin,3,48.700001,526
55047,"Green Lake County, Wisconsin",Wisconsin,4,79.800003,341
55049,"Iowa County, Wisconsin",Wisconsin,2.9,48.700001,337
55051,"Iron County, Wisconsin",Wisconsin,2.1,32.900002,68
55053,"Jackson County, Wisconsin",Wisconsin,2.9,21.299999,247
55055,"Jefferson County, Wisconsin",Wisconsin,3.6,39.700001,1526
55057,"Juneau County, Wisconsin",Wisconsin,4.3,33.400002,514
55059,"Kenosha County, Wisconsin",Wisconsin,5.2,46,4029
55061,"Kewaunee County, Wisconsin",Wisconsin,2.6,54.299999,262
55063,"La Crosse County, Wisconsin",Wisconsin,3.3,46.400002,1948
55065,"Lafayette County, Wisconsin",Wisconsin,4,75.199997,301
55067,"Langlade County, Wisconsin",Wisconsin,4.5,19.4,387
55069,"Lincoln County, Wisconsin",Wisconsin,3.7,45,472
55071,"Manitowoc County, Wisconsin",Wisconsin,2.7,37.299999,1032
55073,"Marathon County, Wisconsin",Wisconsin,3.1,47.299999,2081
55075,"Marinette County, Wisconsin",Wisconsin,4.4,42.599998,840
55077,"Marquette County, Wisconsin",Wisconsin,2.6,-17.799999,191
55078,"Menominee County, Wisconsin",Wisconsin,6.6,40.200001,84
55079,"Milwaukee County, Wisconsin",Wisconsin,6.7,41,25639
55081,"Monroe County, Wisconsin",Wisconsin,4.2,46.799999,802
55083,"Oconto County, Wisconsin",Wisconsin,3,32,561
55085,"Oneida County, Wisconsin",Wisconsin,3.1,43.400002,589
55087,"Outagamie County, Wisconsin",Wisconsin,2.7,38.700001,2540
55089,"Ozaukee County, Wisconsin",Wisconsin,1.7,47.299999,857
55091,"Pepin County, Wisconsin",Wisconsin,1.3,NA,< 50
55093,"Pierce County, Wisconsin",Wisconsin,3.4,52.099998,753
55095,"Polk County, Wisconsin",Wisconsin,3.1,34.599998,661
55097,"Portage County, Wisconsin",Wisconsin,2.4,49,869
55099,"Price County, Wisconsin",Wisconsin,4.3,41.599998,278
55101,"Racine County, Wisconsin",Wisconsin,5.3,42.5,4753
55103,"Richland County, Wisconsin",Wisconsin,2.7,10.6,201
55105,"Rock County, Wisconsin",Wisconsin,5,49.5,3704
55107,"Rusk County, Wisconsin",Wisconsin,4.5,32.799999,288
55109,"St. Croix County, Wisconsin",Wisconsin,2.1,34,987
55111,"Sauk County, Wisconsin",Wisconsin,4.6,48.599998,1403
55113,"Sawyer County, Wisconsin",Wisconsin,3.2,47.599998,289
55115,"Shawano County, Wisconsin",Wisconsin,2.6,50,513
55117,"Sheboygan County, Wisconsin",Wisconsin,4.2,51.299999,2414
55119,"Taylor County, Wisconsin",Wisconsin,3.1,83.099998,292
55121,"Trempealeau County, Wisconsin",Wisconsin,3.1,42.799999,407
55123,"Vernon County, Wisconsin",Wisconsin,1.6,11.3,195
55125,"Vilas County, Wisconsin",Wisconsin,2.4,44.700001,290
55127,"Walworth County, Wisconsin",Wisconsin,3.5,55.5,1845
55129,"Washburn County, Wisconsin",Wisconsin,3.4,41.099998,275
55131,"Washington County, Wisconsin",Wisconsin,2.3,34.200001,1674
55133,"Waukesha County, Wisconsin",Wisconsin,1.9,31.200001,4299
55135,"Waupaca County, Wisconsin",Wisconsin,2.9,66.5,740
55137,"Waushara County, Wisconsin",Wisconsin,4.1,44.200001,465
55139,"Winnebago County, Wisconsin",Wisconsin,3.2,40.799999,2649
55141,"Wood County, Wisconsin",Wisconsin,3.3,46.599998,1107
56001,"Albany County, Wyoming",Wyoming,3.6,29.4,703
56003,"Big Horn County, Wyoming",Wyoming,4.1,63.900002,208
56005,"Campbell County, Wyoming",Wyoming,5.9,34.700001,1149
56007,"Carbon County, Wyoming",Wyoming,4.1,2.8,237
56009,"Converse County, Wyoming",Wyoming,3.6,-23.6,217
56011,"Crook County, Wyoming",Wyoming,2.6,-12.3,86
56013,"Fremont County, Wyoming",Wyoming,5,59.400002,730
56015,"Goshen County, Wyoming",Wyoming,3.5,48.900002,186
56017,"Hot Springs County, Wyoming",Wyoming,3.7,21.4,77
56019,"Johnson County, Wyoming",Wyoming,1.1,NA,< 50
56021,"Laramie County, Wyoming",Wyoming,5.2,46.200001,2395
56023,"Lincoln County, Wyoming",Wyoming,2.5,25.9,225
56025,"Natrona County, Wyoming",Wyoming,5.1,40.5,1730
56027,"Niobrara County, Wyoming",Wyoming,1.9,NA,< 50
56029,"Park County, Wyoming",Wyoming,3.6,40.599998,552
56031,"Platte County, Wyoming",Wyoming,3.4,83.099998,138
56033,"Sheridan County, Wyoming",Wyoming,4.9,45.400002,730
56035,"Sublette County, Wyoming",Wyoming,1.5,100,63
56037,"Sweetwater County, Wyoming",Wyoming,4.9,1.3,824
56039,"Teton County, Wyoming",Wyoming,2.4,58.900002,312
56041,"Uinta County, Wyoming",Wyoming,4.8,59.099998,389
56043,"Washakie County, Wyoming",Wyoming,2,-105.4,64
56045,"Weston County, Wyoming",Wyoming,2.8,-19.200001,85
