state_name,state_abbr,state_code,stcd,cd_code,date,gasprices_nominal,gasprices_real
Alabama,AL,01,NA,NA,2024-08-21,3.01,3.08
Alaska,AK,02,NA,NA,2024-08-21,3.26,3.34
Arizona,AZ,04,NA,NA,2024-08-21,3.42,3.5
Arkansas,AR,05,NA,NA,2024-08-21,2.8,2.86
California,CA,06,NA,NA,2024-08-21,4.59,4.69
Colorado,CO,08,NA,NA,2024-08-21,3.23,3.31
Connecticut,CT,09,NA,NA,2024-08-21,3.46,3.54
Delaware,DE,10,NA,NA,2024-08-21,3.23,3.31
District of Columbia,DC,11,NA,NA,2024-08-21,3.7,3.78
Florida,FL,12,NA,NA,2024-08-21,3.46,3.54
Georgia,GA,13,NA,NA,2024-08-21,3.25,3.33
Hawaii,HI,15,NA,NA,2024-08-21,4.53,4.63
Idaho,ID,16,NA,NA,2024-08-21,3.5,3.58
Illinois,IL,17,NA,NA,2024-08-21,3.99,4.08
Indiana,IN,18,NA,NA,2024-08-21,3.5,3.59
Iowa,IA,19,NA,NA,2024-08-21,3.03,3.1
Kansas,KS,20,NA,NA,2024-08-21,3,3.07
Kentucky,KY,21,NA,NA,2024-08-21,3.11,3.18
Louisiana,LA,22,NA,NA,2024-08-21,2.92,2.99
Maine,ME,23,NA,NA,2024-08-21,3.07,3.14
Maryland,MD,24,NA,NA,2024-08-21,3.38,3.46
Massachusetts,MA,25,NA,NA,2024-08-21,3.44,3.52
Michigan,MI,26,NA,NA,2024-08-21,3.56,3.65
Minnesota,MN,27,NA,NA,2024-08-21,3.27,3.35
Mississippi,MS,28,NA,NA,2024-08-21,2.86,2.93
Missouri,MO,29,NA,NA,2024-08-21,3.05,3.12
Montana,MT,30,NA,NA,2024-08-21,3.31,3.39
Nebraska,NE,31,NA,NA,2024-08-21,3.01,3.08
Nevada,NV,32,NA,NA,2024-08-21,3.89,3.98
New Hampshire,NH,33,NA,NA,2024-08-21,3.18,3.26
New Jersey,NJ,34,NA,NA,2024-08-21,3.33,3.41
New Mexico,NM,35,NA,NA,2024-08-21,3.07,3.15
New York,NY,36,NA,NA,2024-08-21,3.54,3.62
North Carolina,NC,37,NA,NA,2024-08-21,3.19,3.27
North Dakota,ND,38,NA,NA,2024-08-21,3.18,3.25
Ohio,OH,39,NA,NA,2024-08-21,3.34,3.42
Oklahoma,OK,40,NA,NA,2024-08-21,2.97,3.04
Oregon,OR,41,NA,NA,2024-08-21,3.79,3.87
Pennsylvania,PA,42,NA,NA,2024-08-21,3.47,3.55
Rhode Island,RI,44,NA,NA,2024-08-21,3.36,3.44
South Carolina,SC,45,NA,NA,2024-08-21,3.07,3.14
South Dakota,SD,46,NA,NA,2024-08-21,3.02,3.09
Tennessee,TN,47,NA,NA,2024-08-21,2.98,3.05
Texas,TX,48,NA,NA,2024-08-21,3.03,3.1
Utah,UT,49,NA,NA,2024-08-21,3.49,3.57
Vermont,VT,50,NA,NA,2024-08-21,2.89,2.96
Virginia,VA,51,NA,NA,2024-08-21,3.29,3.36
Washington,WA,53,NA,NA,2024-08-21,4.22,4.32
West Virginia,WV,54,NA,NA,2024-08-21,3.04,3.11
Wisconsin,WI,55,NA,NA,2024-08-21,3.43,3.51
Wyoming,WY,56,NA,NA,2024-08-21,3.16,3.24
Alabama,AL,01,NA,NA,2025-02-19,2.74,2.77
Alaska,AK,02,NA,NA,2025-02-19,2.95,2.98
Arizona,AZ,04,NA,NA,2025-02-19,3.33,3.37
Arkansas,AR,05,NA,NA,2025-02-19,2.68,2.71
California,CA,06,NA,NA,2025-02-19,4.74,4.8
Colorado,CO,08,NA,NA,2025-02-19,3.03,3.07
Delaware,DE,10,NA,NA,2025-02-19,3.04,3.08
District of Columbia,DC,11,NA,NA,2025-02-19,3.29,3.33
Florida,FL,12,NA,NA,2025-02-19,3.09,3.13
Georgia,GA,13,NA,NA,2025-02-19,2.92,2.95
Hawaii,HI,15,NA,NA,2025-02-19,4.43,4.48
Idaho,ID,16,NA,NA,2025-02-19,3.12,3.16
Illinois,IL,17,NA,NA,2025-02-19,3.25,3.29
Indiana,IN,18,NA,NA,2025-02-19,2.89,2.92
Iowa,IA,19,NA,NA,2025-02-19,2.79,2.82
Kansas,KS,20,NA,NA,2025-02-19,2.68,2.72
Kentucky,KY,21,NA,NA,2025-02-19,2.67,2.7
Louisiana,LA,22,NA,NA,2025-02-19,2.69,2.72
Maine,ME,23,NA,NA,2025-02-19,2.89,2.92
Maryland,MD,24,NA,NA,2025-02-19,3.17,3.21
Massachusetts,MA,25,NA,NA,2025-02-19,3.04,3.08
Michigan,MI,26,NA,NA,2025-02-19,3.03,3.06
Minnesota,MN,27,NA,NA,2025-02-19,2.98,3.02
Mississippi,MS,28,NA,NA,2025-02-19,2.59,2.62
Missouri,MO,29,NA,NA,2025-02-19,2.72,2.75
Montana,MT,30,NA,NA,2025-02-19,2.89,2.93
Nebraska,NE,31,NA,NA,2025-02-19,2.75,2.78
Nevada,NV,32,NA,NA,2025-02-19,3.67,3.71
New Hampshire,NH,33,NA,NA,2025-02-19,2.81,2.84
New Jersey,NJ,34,NA,NA,2025-02-19,3.04,3.08
New Mexico,NM,35,NA,NA,2025-02-19,2.83,2.86
New York,NY,36,NA,NA,2025-02-19,3.12,3.16
North Carolina,NC,37,NA,NA,2025-02-19,2.81,2.84
North Dakota,ND,38,NA,NA,2025-02-19,2.8,2.83
Ohio,OH,39,NA,NA,2025-02-19,2.84,2.87
Oklahoma,OK,40,NA,NA,2025-02-19,2.65,2.68
Oregon,OR,41,NA,NA,2025-02-19,3.63,3.67
Pennsylvania,PA,42,NA,NA,2025-02-19,3.23,3.27
Rhode Island,RI,44,NA,NA,2025-02-19,2.9,2.93
South Carolina,SC,45,NA,NA,2025-02-19,2.75,2.78
South Dakota,SD,46,NA,NA,2025-02-19,2.71,2.74
Tennessee,TN,47,NA,NA,2025-02-19,2.72,2.76
Texas,TX,48,NA,NA,2025-02-19,2.71,2.75
Utah,UT,49,NA,NA,2025-02-19,3.03,3.06
Virginia,VA,51,NA,NA,2025-02-19,2.99,3.02
Washington,WA,53,NA,NA,2025-02-19,4.07,4.12
West Virginia,WV,54,NA,NA,2025-02-19,2.65,2.68
Wisconsin,WI,55,NA,NA,2025-02-19,2.88,2.91
Wyoming,WY,56,NA,NA,2025-02-19,2.85,2.88
Alabama,AL,01,NA,NA,2025-02-21,2.75,2.77
Alaska,AK,02,NA,NA,2025-02-21,2.91,2.93
Arizona,AZ,04,NA,NA,2025-02-21,3.16,3.19
Arkansas,AR,05,NA,NA,2025-02-21,2.56,2.58
California,CA,06,NA,NA,2025-02-21,4.55,4.59
Colorado,CO,08,NA,NA,2025-02-21,2.86,2.88
Connecticut,CT,09,NA,NA,2025-02-21,3.02,3.04
Delaware,DE,10,NA,NA,2025-02-21,3.02,3.04
District of Columbia,DC,11,NA,NA,2025-02-21,3.28,3.31
Florida,FL,12,NA,NA,2025-02-21,3.22,3.24
Georgia,GA,13,NA,NA,2025-02-21,2.93,2.95
Hawaii,HI,15,NA,NA,2025-02-21,4.42,4.45
Idaho,ID,16,NA,NA,2025-02-21,3.09,3.11
Illinois,IL,17,NA,NA,2025-02-21,3.23,3.26
Indiana,IN,18,NA,NA,2025-02-21,2.89,2.91
Iowa,IA,19,NA,NA,2025-02-21,2.81,2.83
Kansas,KS,20,NA,NA,2025-02-21,2.68,2.71
Kentucky,KY,21,NA,NA,2025-02-21,2.7,2.72
Louisiana,LA,22,NA,NA,2025-02-21,2.66,2.68
Maine,ME,23,NA,NA,2025-02-21,2.69,2.71
Maryland,MD,24,NA,NA,2025-02-21,3.16,3.19
Massachusetts,MA,25,NA,NA,2025-02-21,3.03,3.06
Michigan,MI,26,NA,NA,2025-02-21,3,3.02
Minnesota,MN,27,NA,NA,2025-02-21,3.01,3.04
Mississippi,MS,28,NA,NA,2025-02-21,2.58,2.6
Missouri,MO,29,NA,NA,2025-02-21,2.7,2.72
Montana,MT,30,NA,NA,2025-02-21,2.77,2.79
Nebraska,NE,31,NA,NA,2025-02-21,2.73,2.75
Nevada,NV,32,NA,NA,2025-02-21,3.67,3.7
New Hampshire,NH,33,NA,NA,2025-02-21,2.73,2.75
New Jersey,NJ,34,NA,NA,2025-02-21,3.04,3.06
New Mexico,NM,35,NA,NA,2025-02-21,2.76,2.79
New York,NY,36,NA,NA,2025-02-21,3.11,3.14
North Carolina,NC,37,NA,NA,2025-02-21,2.87,2.89
North Dakota,ND,38,NA,NA,2025-02-21,2.76,2.78
Ohio,OH,39,NA,NA,2025-02-21,2.92,2.95
Oklahoma,OK,40,NA,NA,2025-02-21,2.7,2.72
Oregon,OR,41,NA,NA,2025-02-21,3.53,3.56
Pennsylvania,PA,42,NA,NA,2025-02-21,3.24,3.27
Rhode Island,RI,44,NA,NA,2025-02-21,2.97,2.99
South Carolina,SC,45,NA,NA,2025-02-21,2.84,2.86
South Dakota,SD,46,NA,NA,2025-02-21,2.58,2.6
Tennessee,TN,47,NA,NA,2025-02-21,2.71,2.73
Texas,TX,48,NA,NA,2025-02-21,2.7,2.73
Utah,UT,49,NA,NA,2025-02-21,2.97,2.99
Vermont,VT,50,NA,NA,2025-02-21,2.64,2.66
Virginia,VA,51,NA,NA,2025-02-21,3,3.03
Washington,WA,53,NA,NA,2025-02-21,4.01,4.04
West Virginia,WV,54,NA,NA,2025-02-21,2.66,2.68
Wisconsin,WI,55,NA,NA,2025-02-21,2.89,2.91
Wyoming,WY,56,NA,NA,2025-02-21,2.74,2.76
Alabama,AL,01,NA,NA,2025-03-17,2.68,2.74
Alaska,AK,02,NA,NA,2025-03-17,2.95,3.01
Arizona,AZ,04,NA,NA,2025-03-17,3.3,3.37
Arkansas,AR,05,NA,NA,2025-03-17,2.58,2.63
California,CA,06,NA,NA,2025-03-17,4.63,4.74
Colorado,CO,08,NA,NA,2025-03-17,2.87,2.93
Connecticut,CT,09,NA,NA,2025-03-17,2.83,2.89
Delaware,DE,10,NA,NA,2025-03-17,2.77,2.83
District of Columbia,DC,11,NA,NA,2025-03-17,3.21,3.28
Florida,FL,12,NA,NA,2025-03-17,3.05,3.12
Georgia,GA,13,NA,NA,2025-03-17,2.84,2.9
Hawaii,HI,15,NA,NA,2025-03-17,4.4,4.5
Idaho,ID,16,NA,NA,2025-03-17,3.08,3.15
Illinois,IL,17,NA,NA,2025-03-17,3.17,3.24
Indiana,IN,18,NA,NA,2025-03-17,2.56,2.61
Iowa,IA,19,NA,NA,2025-03-17,2.74,2.8
Kansas,KS,20,NA,NA,2025-03-17,2.65,2.71
Kentucky,KY,21,NA,NA,2025-03-17,2.22,2.27
Louisiana,LA,22,NA,NA,2025-03-17,2.64,2.7
Maine,ME,23,NA,NA,2025-03-17,2.25,2.3
Maryland,MD,24,NA,NA,2025-03-17,2.93,2.99
Massachusetts,MA,25,NA,NA,2025-03-17,2.96,3.02
Michigan,MI,26,NA,NA,2025-03-17,2.96,3.03
Minnesota,MN,27,NA,NA,2025-03-17,2.83,2.9
Mississippi,MS,28,NA,NA,2025-03-17,2.25,2.3
Missouri,MO,29,NA,NA,2025-03-17,2.78,2.84
Montana,MT,30,NA,NA,2025-03-17,2.97,3.04
Nebraska,NE,31,NA,NA,2025-03-17,2.73,2.79
Nevada,NV,32,NA,NA,2025-03-17,3.69,3.77
New Hampshire,NH,33,NA,NA,2025-03-17,2.4,2.45
New Jersey,NJ,34,NA,NA,2025-03-17,2.89,2.95
New Mexico,NM,35,NA,NA,2025-03-17,2.69,2.75
New York,NY,36,NA,NA,2025-03-17,2.92,2.98
North Carolina,NC,37,NA,NA,2025-03-17,2.61,2.66
North Dakota,ND,38,NA,NA,2025-03-17,2.81,2.88
Ohio,OH,39,NA,NA,2025-03-17,2.76,2.82
Oklahoma,OK,40,NA,NA,2025-03-17,2.61,2.67
Oregon,OR,41,NA,NA,2025-03-17,3.62,3.7
Pennsylvania,PA,42,NA,NA,2025-03-17,3.11,3.18
Rhode Island,RI,44,NA,NA,2025-03-17,2.72,2.78
South Carolina,SC,45,NA,NA,2025-03-17,2.45,2.5
South Dakota,SD,46,NA,NA,2025-03-17,2.68,2.74
Tennessee,TN,47,NA,NA,2025-03-17,2.58,2.64
Texas,TX,48,NA,NA,2025-03-17,2.62,2.68
Utah,UT,49,NA,NA,2025-03-17,2.97,3.04
Vermont,VT,50,NA,NA,2025-03-17,2.18,2.23
Virginia,VA,51,NA,NA,2025-03-17,2.84,2.9
Washington,WA,53,NA,NA,2025-03-17,4.06,4.15
West Virginia,WV,54,NA,NA,2025-03-17,2.56,2.62
Wisconsin,WI,55,NA,NA,2025-03-17,2.83,2.89
Wyoming,WY,56,NA,NA,2025-03-17,2.88,2.94
Alabama,AL,01,NA,NA,2025-08-14,2.72,2.72
Alaska,AK,02,NA,NA,2025-08-14,3.27,3.27
Arizona,AZ,04,NA,NA,2025-08-14,3.09,3.09
Arkansas,AR,05,NA,NA,2025-08-14,2.52,2.52
California,CA,06,NA,NA,2025-08-14,4.46,4.46
Colorado,CO,08,NA,NA,2025-08-14,2.84,2.84
Connecticut,CT,09,NA,NA,2025-08-14,3.02,3.02
Delaware,DE,10,NA,NA,2025-08-14,3,3
District of Columbia,DC,11,NA,NA,2025-08-14,3.33,3.33
Florida,FL,12,NA,NA,2025-08-14,3.03,3.03
Georgia,GA,13,NA,NA,2025-08-14,2.9,2.9
Hawaii,HI,15,NA,NA,2025-08-14,4.34,4.34
Idaho,ID,16,NA,NA,2025-08-14,3.25,3.25
Illinois,IL,17,NA,NA,2025-08-14,3.4,3.4
Indiana,IN,18,NA,NA,2025-08-14,3.17,3.17
Iowa,IA,19,NA,NA,2025-08-14,2.8,2.8
Kansas,KS,20,NA,NA,2025-08-14,2.54,2.54
Kentucky,KY,21,NA,NA,2025-08-14,2.77,2.77
Louisiana,LA,22,NA,NA,2025-08-14,2.65,2.65
Maine,ME,23,NA,NA,2025-08-14,2.67,2.67
Maryland,MD,24,NA,NA,2025-08-14,3.07,3.07
Massachusetts,MA,25,NA,NA,2025-08-14,3.05,3.05
Michigan,MI,26,NA,NA,2025-08-14,3.09,3.09
Minnesota,MN,27,NA,NA,2025-08-14,2.97,2.97
Mississippi,MS,28,NA,NA,2025-08-14,2.61,2.61
Missouri,MO,29,NA,NA,2025-08-14,2.67,2.67
Montana,MT,30,NA,NA,2025-08-14,2.92,2.92
Nebraska,NE,31,NA,NA,2025-08-14,2.67,2.67
Nevada,NV,32,NA,NA,2025-08-14,3.66,3.66
New Hampshire,NH,33,NA,NA,2025-08-14,2.73,2.73
New Jersey,NJ,34,NA,NA,2025-08-14,3.04,3.04
New Mexico,NM,35,NA,NA,2025-08-14,2.75,2.75
New York,NY,36,NA,NA,2025-08-14,3.11,3.11
North Carolina,NC,37,NA,NA,2025-08-14,2.84,2.84
North Dakota,ND,38,NA,NA,2025-08-14,2.69,2.69
Ohio,OH,39,NA,NA,2025-08-14,2.95,2.95
Oklahoma,OK,40,NA,NA,2025-08-14,2.68,2.68
Oregon,OR,41,NA,NA,2025-08-14,3.85,3.85
Pennsylvania,PA,42,NA,NA,2025-08-14,3.12,3.12
Rhode Island,RI,44,NA,NA,2025-08-14,2.97,2.97
South Carolina,SC,45,NA,NA,2025-08-14,2.78,2.78
South Dakota,SD,46,NA,NA,2025-08-14,2.46,2.46
Tennessee,TN,47,NA,NA,2025-08-14,2.7,2.7
Texas,TX,48,NA,NA,2025-08-14,2.75,2.75
Utah,UT,49,NA,NA,2025-08-14,3.2,3.2
Vermont,VT,50,NA,NA,2025-08-14,2.49,2.49
Virginia,VA,51,NA,NA,2025-08-14,2.96,2.96
Washington,WA,53,NA,NA,2025-08-14,4.36,4.36
West Virginia,WV,54,NA,NA,2025-08-14,2.76,2.76
Wisconsin,WI,55,NA,NA,2025-08-14,2.89,2.89
Wyoming,WY,56,NA,NA,2025-08-14,2.75,2.75
Alabama,AL,01,NA,NA,2025-08-19,2.69,2.69
Alaska,AK,02,NA,NA,2025-08-19,3.26,3.26
Arizona,AZ,04,NA,NA,2025-08-19,3.11,3.11
Arkansas,AR,05,NA,NA,2025-08-19,2.58,2.58
California,CA,06,NA,NA,2025-08-19,4.43,4.43
Colorado,CO,08,NA,NA,2025-08-19,3,3
Delaware,DE,10,NA,NA,2025-08-19,3.08,3.08
District of Columbia,DC,11,NA,NA,2025-08-19,3.34,3.34
Florida,FL,12,NA,NA,2025-08-19,2.96,2.96
Georgia,GA,13,NA,NA,2025-08-19,2.9,2.9
Hawaii,HI,15,NA,NA,2025-08-19,4.37,4.37
Idaho,ID,16,NA,NA,2025-08-19,3.34,3.34
Illinois,IL,17,NA,NA,2025-08-19,3.39,3.39
Indiana,IN,18,NA,NA,2025-08-19,3.13,3.13
Iowa,IA,19,NA,NA,2025-08-19,2.74,2.74
Kansas,KS,20,NA,NA,2025-08-19,2.6,2.6
Kentucky,KY,21,NA,NA,2025-08-19,2.81,2.81
Louisiana,LA,22,NA,NA,2025-08-19,2.67,2.67
Maine,ME,23,NA,NA,2025-08-19,2.94,2.94
Maryland,MD,24,NA,NA,2025-08-19,3.15,3.15
Massachusetts,MA,25,NA,NA,2025-08-19,3.04,3.04
Michigan,MI,26,NA,NA,2025-08-19,3.16,3.16
Minnesota,MN,27,NA,NA,2025-08-19,2.89,2.89
Mississippi,MS,28,NA,NA,2025-08-19,2.62,2.62
Missouri,MO,29,NA,NA,2025-08-19,2.68,2.68
Montana,MT,30,NA,NA,2025-08-19,3.03,3.03
Nebraska,NE,31,NA,NA,2025-08-19,2.72,2.72
Nevada,NV,32,NA,NA,2025-08-19,3.59,3.59
New Hampshire,NH,33,NA,NA,2025-08-19,2.79,2.79
New Jersey,NJ,34,NA,NA,2025-08-19,3.05,3.05
New Mexico,NM,35,NA,NA,2025-08-19,2.69,2.69
New York,NY,36,NA,NA,2025-08-19,3.14,3.14
North Carolina,NC,37,NA,NA,2025-08-19,2.83,2.83
North Dakota,ND,38,NA,NA,2025-08-19,2.7,2.7
Ohio,OH,39,NA,NA,2025-08-19,3.02,3.02
Oklahoma,OK,40,NA,NA,2025-08-19,2.59,2.59
Oregon,OR,41,NA,NA,2025-08-19,3.87,3.87
Pennsylvania,PA,42,NA,NA,2025-08-19,3.16,3.16
Rhode Island,RI,44,NA,NA,2025-08-19,2.9,2.9
South Carolina,SC,45,NA,NA,2025-08-19,2.77,2.77
South Dakota,SD,46,NA,NA,2025-08-19,2.7,2.7
Tennessee,TN,47,NA,NA,2025-08-19,2.69,2.69
Texas,TX,48,NA,NA,2025-08-19,2.72,2.72
Utah,UT,49,NA,NA,2025-08-19,3.28,3.28
Virginia,VA,51,NA,NA,2025-08-19,3.04,3.04
Washington,WA,53,NA,NA,2025-08-19,4.36,4.36
West Virginia,WV,54,NA,NA,2025-08-19,2.74,2.74
Wisconsin,WI,55,NA,NA,2025-08-19,2.84,2.84
Wyoming,WY,56,NA,NA,2025-08-19,2.89,2.89
Alabama,AL,01,NA,NA,2025-08-21,2.73,2.73
Alaska,AK,02,NA,NA,2025-08-21,3.25,3.25
Arizona,AZ,04,NA,NA,2025-08-21,3.07,3.07
Arkansas,AR,05,NA,NA,2025-08-21,2.5,2.5
California,CA,06,NA,NA,2025-08-21,4.48,4.48
Colorado,CO,08,NA,NA,2025-08-21,2.94,2.94
Connecticut,CT,09,NA,NA,2025-08-21,3.05,3.05
Delaware,DE,10,NA,NA,2025-08-21,3.09,3.09
District of Columbia,DC,11,NA,NA,2025-08-21,3.32,3.32
Florida,FL,12,NA,NA,2025-08-21,3.13,3.13
Georgia,GA,13,NA,NA,2025-08-21,2.89,2.89
Hawaii,HI,15,NA,NA,2025-08-21,4.27,4.27
Idaho,ID,16,NA,NA,2025-08-21,3.31,3.31
Illinois,IL,17,NA,NA,2025-08-21,3.31,3.31
Indiana,IN,18,NA,NA,2025-08-21,3.14,3.14
Iowa,IA,19,NA,NA,2025-08-21,2.75,2.75
Kansas,KS,20,NA,NA,2025-08-21,2.34,2.34
Kentucky,KY,21,NA,NA,2025-08-21,2.83,2.83
Louisiana,LA,22,NA,NA,2025-08-21,2.65,2.65
Maine,ME,23,NA,NA,2025-08-21,2.47,2.47
Maryland,MD,24,NA,NA,2025-08-21,3.15,3.15
Massachusetts,MA,25,NA,NA,2025-08-21,3.05,3.05
Michigan,MI,26,NA,NA,2025-08-21,3.2,3.2
Minnesota,MN,27,NA,NA,2025-08-21,2.92,2.92
Mississippi,MS,28,NA,NA,2025-08-21,2.6,2.6
Missouri,MO,29,NA,NA,2025-08-21,2.6,2.6
Montana,MT,30,NA,NA,2025-08-21,2.75,2.75
Nebraska,NE,31,NA,NA,2025-08-21,2.67,2.67
Nevada,NV,32,NA,NA,2025-08-21,3.67,3.67
New Hampshire,NH,33,NA,NA,2025-08-21,2.61,2.61
New Jersey,NJ,34,NA,NA,2025-08-21,3.05,3.05
New Mexico,NM,35,NA,NA,2025-08-21,2.72,2.72
New York,NY,36,NA,NA,2025-08-21,3.06,3.06
North Carolina,NC,37,NA,NA,2025-08-21,2.83,2.83
North Dakota,ND,38,NA,NA,2025-08-21,2.48,2.48
Ohio,OH,39,NA,NA,2025-08-21,2.99,2.99
Oklahoma,OK,40,NA,NA,2025-08-21,2.64,2.64
Oregon,OR,41,NA,NA,2025-08-21,3.86,3.86
Pennsylvania,PA,42,NA,NA,2025-08-21,3.15,3.15
Rhode Island,RI,44,NA,NA,2025-08-21,2.98,2.98
South Carolina,SC,45,NA,NA,2025-08-21,2.79,2.79
South Dakota,SD,46,NA,NA,2025-08-21,2.38,2.38
Tennessee,TN,47,NA,NA,2025-08-21,2.74,2.74
Texas,TX,48,NA,NA,2025-08-21,2.72,2.72
Utah,UT,49,NA,NA,2025-08-21,3.21,3.21
Vermont,VT,50,NA,NA,2025-08-21,2.34,2.34
Virginia,VA,51,NA,NA,2025-08-21,3.03,3.03
Washington,WA,53,NA,NA,2025-08-21,4.38,4.38
West Virginia,WV,54,NA,NA,2025-08-21,2.76,2.76
Wisconsin,WI,55,NA,NA,2025-08-21,2.86,2.86
Wyoming,WY,56,NA,NA,2025-08-21,2.63,2.63
Alabama,AL,01,NA,NA,2025-09-17,2.74,2.74
Alaska,AK,02,NA,NA,2025-09-17,3.39,3.39
Arizona,AZ,04,NA,NA,2025-09-17,3.56,3.56
Arkansas,AR,05,NA,NA,2025-09-17,2.63,2.63
California,CA,06,NA,NA,2025-09-17,4.63,4.63
Colorado,CO,08,NA,NA,2025-09-17,3.11,3.11
Connecticut,CT,09,NA,NA,2025-09-17,3.01,3.01
Delaware,DE,10,NA,NA,2025-09-17,3.02,3.02
District of Columbia,DC,11,NA,NA,2025-09-17,3.24,3.24
Florida,FL,12,NA,NA,2025-09-17,2.97,2.97
Georgia,GA,13,NA,NA,2025-09-17,2.83,2.83
Hawaii,HI,15,NA,NA,2025-09-17,4.33,4.33
Idaho,ID,16,NA,NA,2025-09-17,3.42,3.42
Illinois,IL,17,NA,NA,2025-09-17,3.42,3.42
Indiana,IN,18,NA,NA,2025-09-17,2.76,2.76
Iowa,IA,19,NA,NA,2025-09-17,2.78,2.78
Kansas,KS,20,NA,NA,2025-09-17,2.73,2.73
Kentucky,KY,21,NA,NA,2025-09-17,2.35,2.35
Louisiana,LA,22,NA,NA,2025-09-17,2.69,2.69
Maine,ME,23,NA,NA,2025-09-17,2.37,2.37
Maryland,MD,24,NA,NA,2025-09-17,3.05,3.05
Massachusetts,MA,25,NA,NA,2025-09-17,3.1,3.1
Michigan,MI,26,NA,NA,2025-09-17,2.99,2.99
Minnesota,MN,27,NA,NA,2025-09-17,2.93,2.93
Mississippi,MS,28,NA,NA,2025-09-17,2.31,2.31
Missouri,MO,29,NA,NA,2025-09-17,2.78,2.78
Montana,MT,30,NA,NA,2025-09-17,3.07,3.07
Nebraska,NE,31,NA,NA,2025-09-17,2.76,2.76
Nevada,NV,32,NA,NA,2025-09-17,3.87,3.87
New Hampshire,NH,33,NA,NA,2025-09-17,2.46,2.46
New Jersey,NJ,34,NA,NA,2025-09-17,3.11,3.11
New Mexico,NM,35,NA,NA,2025-09-17,2.96,2.96
New York,NY,36,NA,NA,2025-09-17,3.09,3.09
North Carolina,NC,37,NA,NA,2025-09-17,2.68,2.68
North Dakota,ND,38,NA,NA,2025-09-17,2.76,2.76
Ohio,OH,39,NA,NA,2025-09-17,2.77,2.77
Oklahoma,OK,40,NA,NA,2025-09-17,2.69,2.69
Oregon,OR,41,NA,NA,2025-09-17,4.17,4.17
Pennsylvania,PA,42,NA,NA,2025-09-17,3.23,3.23
Rhode Island,RI,44,NA,NA,2025-09-17,2.91,2.91
South Carolina,SC,45,NA,NA,2025-09-17,2.54,2.54
South Dakota,SD,46,NA,NA,2025-09-17,2.71,2.71
Tennessee,TN,47,NA,NA,2025-09-17,2.64,2.64
Texas,TX,48,NA,NA,2025-09-17,2.78,2.78
Utah,UT,49,NA,NA,2025-09-17,3.28,3.28
Vermont,VT,50,NA,NA,2025-09-17,2.19,2.19
Virginia,VA,51,NA,NA,2025-09-17,2.94,2.94
Washington,WA,53,NA,NA,2025-09-17,4.63,4.63
West Virginia,WV,54,NA,NA,2025-09-17,2.7,2.7
Wisconsin,WI,55,NA,NA,2025-09-17,2.86,2.86
Wyoming,WY,56,NA,NA,2025-09-17,2.97,2.97
Alabama,AL,01,NA,NA,2026-02-12,2.44,2.44
Alaska,AK,02,NA,NA,2026-02-12,2.74,2.74
Arizona,AZ,04,NA,NA,2026-02-12,2.96,2.96
Arkansas,AR,05,NA,NA,2026-02-12,2.24,2.24
California,CA,06,NA,NA,2026-02-12,4.35,4.35
Colorado,CO,08,NA,NA,2026-02-12,2.63,2.63
Delaware,DE,10,NA,NA,2026-02-12,2.87,2.87
District of Columbia,DC,11,NA,NA,2026-02-12,3.09,3.09
Florida,FL,12,NA,NA,2026-02-12,2.84,2.84
Georgia,GA,13,NA,NA,2026-02-12,2.68,2.68
Hawaii,HI,15,NA,NA,2026-02-12,4.37,4.37
Idaho,ID,16,NA,NA,2026-02-12,2.73,2.73
Illinois,IL,17,NA,NA,2026-02-12,3.01,3.01
Indiana,IN,18,NA,NA,2026-02-12,2.67,2.67
Iowa,IA,19,NA,NA,2026-02-12,2.36,2.36
Kansas,KS,20,NA,NA,2026-02-12,2.23,2.23
Kentucky,KY,21,NA,NA,2026-02-12,2.49,2.49
Louisiana,LA,22,NA,NA,2026-02-12,2.42,2.42
Maine,ME,23,NA,NA,2026-02-12,2.66,2.66
Maryland,MD,24,NA,NA,2026-02-12,2.95,2.95
Massachusetts,MA,25,NA,NA,2026-02-12,2.88,2.88
Michigan,MI,26,NA,NA,2026-02-12,2.81,2.81
Minnesota,MN,27,NA,NA,2026-02-12,2.62,2.62
Mississippi,MS,28,NA,NA,2026-02-12,2.33,2.33
Missouri,MO,29,NA,NA,2026-02-12,2.35,2.35
Montana,MT,30,NA,NA,2026-02-12,2.55,2.55
Nebraska,NE,31,NA,NA,2026-02-12,2.41,2.41
Nevada,NV,32,NA,NA,2026-02-12,3.09,3.09
New Hampshire,NH,33,NA,NA,2026-02-12,2.63,2.63
New Jersey,NJ,34,NA,NA,2026-02-12,2.75,2.75
New Mexico,NM,35,NA,NA,2026-02-12,2.38,2.38
New York,NY,36,NA,NA,2026-02-12,2.9,2.9
North Carolina,NC,37,NA,NA,2026-02-12,2.68,2.68
North Dakota,ND,38,NA,NA,2026-02-12,2.4,2.4
Ohio,OH,39,NA,NA,2026-02-12,2.69,2.69
Oklahoma,OK,40,NA,NA,2026-02-12,2.18,2.18
Oregon,OR,41,NA,NA,2026-02-12,3.39,3.39
Pennsylvania,PA,42,NA,NA,2026-02-12,2.91,2.91
Rhode Island,RI,44,NA,NA,2026-02-12,2.7,2.7
South Carolina,SC,45,NA,NA,2026-02-12,2.58,2.58
South Dakota,SD,46,NA,NA,2026-02-12,2.38,2.38
Tennessee,TN,47,NA,NA,2026-02-12,2.4,2.4
Texas,TX,48,NA,NA,2026-02-12,2.43,2.43
Utah,UT,49,NA,NA,2026-02-12,2.66,2.66
Virginia,VA,51,NA,NA,2026-02-12,2.82,2.82
Washington,WA,53,NA,NA,2026-02-12,3.91,3.91
West Virginia,WV,54,NA,NA,2026-02-12,2.48,2.48
Wisconsin,WI,55,NA,NA,2026-02-12,2.52,2.52
Wyoming,WY,56,NA,NA,2026-02-12,2.53,2.53
Alabama,AL,01,NA,NA,2026-02-19,2.44,2.44
Alaska,AK,02,NA,NA,2026-02-19,2.8,2.8
Arizona,AZ,04,NA,NA,2026-02-19,3,3
Arkansas,AR,05,NA,NA,2026-02-19,2.23,2.23
California,CA,06,NA,NA,2026-02-19,4.48,4.48
Colorado,CO,08,NA,NA,2026-02-19,2.72,2.72
Delaware,DE,10,NA,NA,2026-02-19,2.86,2.86
District of Columbia,DC,11,NA,NA,2026-02-19,3.1,3.1
Florida,FL,12,NA,NA,2026-02-19,2.88,2.88
Georgia,GA,13,NA,NA,2026-02-19,2.65,2.65
Hawaii,HI,15,NA,NA,2026-02-19,4.34,4.34
Idaho,ID,16,NA,NA,2026-02-19,2.69,2.69
Illinois,IL,17,NA,NA,2026-02-19,3.04,3.04
Indiana,IN,18,NA,NA,2026-02-19,2.77,2.77
Iowa,IA,19,NA,NA,2026-02-19,2.37,2.37
Kansas,KS,20,NA,NA,2026-02-19,2.2,2.2
Kentucky,KY,21,NA,NA,2026-02-19,2.5,2.5
Louisiana,LA,22,NA,NA,2026-02-19,2.42,2.42
Maine,ME,23,NA,NA,2026-02-19,2.66,2.66
Maryland,MD,24,NA,NA,2026-02-19,2.95,2.95
Massachusetts,MA,25,NA,NA,2026-02-19,2.9,2.9
Michigan,MI,26,NA,NA,2026-02-19,2.91,2.91
Minnesota,MN,27,NA,NA,2026-02-19,2.56,2.56
Mississippi,MS,28,NA,NA,2026-02-19,2.36,2.36
Missouri,MO,29,NA,NA,2026-02-19,2.36,2.36
Montana,MT,30,NA,NA,2026-02-19,2.54,2.54
Nebraska,NE,31,NA,NA,2026-02-19,2.27,2.27
Nevada,NV,32,NA,NA,2026-02-19,3.2,3.2
New Hampshire,NH,33,NA,NA,2026-02-19,2.63,2.63
New Jersey,NJ,34,NA,NA,2026-02-19,2.84,2.84
New Mexico,NM,35,NA,NA,2026-02-19,2.49,2.49
New York,NY,36,NA,NA,2026-02-19,2.92,2.92
North Carolina,NC,37,NA,NA,2026-02-19,2.63,2.63
North Dakota,ND,38,NA,NA,2026-02-19,2.35,2.35
Ohio,OH,39,NA,NA,2026-02-19,2.79,2.79
Oklahoma,OK,40,NA,NA,2026-02-19,2.17,2.17
Oregon,OR,41,NA,NA,2026-02-19,3.48,3.48
Pennsylvania,PA,42,NA,NA,2026-02-19,2.97,2.97
Rhode Island,RI,44,NA,NA,2026-02-19,2.74,2.74
South Carolina,SC,45,NA,NA,2026-02-19,2.52,2.52
South Dakota,SD,46,NA,NA,2026-02-19,2.19,2.19
Tennessee,TN,47,NA,NA,2026-02-19,2.34,2.34
Texas,TX,48,NA,NA,2026-02-19,2.49,2.49
Utah,UT,49,NA,NA,2026-02-19,2.62,2.62
Virginia,VA,51,NA,NA,2026-02-19,2.83,2.83
Washington,WA,53,NA,NA,2026-02-19,4.02,4.02
West Virginia,WV,54,NA,NA,2026-02-19,2.54,2.54
Wisconsin,WI,55,NA,NA,2026-02-19,2.57,2.57
Wyoming,WY,56,NA,NA,2026-02-19,2.59,2.59
Alabama,AL,01,NA,NA,2026-03-10,2.98,2.98
Alaska,AK,02,NA,NA,2026-03-10,3.38,3.38
Arizona,AZ,04,NA,NA,2026-03-10,3.88,3.88
Arkansas,AR,05,NA,NA,2026-03-10,2.84,2.84
California,CA,06,NA,NA,2026-03-10,5.21,5.21
Colorado,CO,08,NA,NA,2026-03-10,3.39,3.39
Connecticut,CT,09,NA,NA,2026-03-10,3.16,3.16
Delaware,DE,10,NA,NA,2026-03-10,3.25,3.25
District of Columbia,DC,11,NA,NA,2026-03-10,3.42,3.42
Florida,FL,12,NA,NA,2026-03-10,3.41,3.41
Georgia,GA,13,NA,NA,2026-03-10,3.15,3.15
Hawaii,HI,15,NA,NA,2026-03-10,4.37,4.37
Idaho,ID,16,NA,NA,2026-03-10,3.21,3.21
Illinois,IL,17,NA,NA,2026-03-10,3.44,3.44
Indiana,IN,18,NA,NA,2026-03-10,2.92,2.92
Iowa,IA,19,NA,NA,2026-03-10,2.91,2.91
Kansas,KS,20,NA,NA,2026-03-10,2.77,2.77
Kentucky,KY,21,NA,NA,2026-03-10,2.53,2.53
Louisiana,LA,22,NA,NA,2026-03-10,2.98,2.98
Maine,ME,23,NA,NA,2026-03-10,2.5,2.5
Maryland,MD,24,NA,NA,2026-03-10,3.39,3.39
Massachusetts,MA,25,NA,NA,2026-03-10,3.13,3.13
Michigan,MI,26,NA,NA,2026-03-10,3.37,3.37
Minnesota,MN,27,NA,NA,2026-03-10,3.12,3.12
Mississippi,MS,28,NA,NA,2026-03-10,2.52,2.52
Missouri,MO,29,NA,NA,2026-03-10,2.95,2.95
Montana,MT,30,NA,NA,2026-03-10,2.94,2.94
Nebraska,NE,31,NA,NA,2026-03-10,2.79,2.79
Nevada,NV,32,NA,NA,2026-03-10,4.2,4.2
New Hampshire,NH,33,NA,NA,2026-03-10,2.53,2.53
New Jersey,NJ,34,NA,NA,2026-03-10,3.29,3.29
New Mexico,NM,35,NA,NA,2026-03-10,3.22,3.22
New York,NY,36,NA,NA,2026-03-10,3.24,3.24
North Carolina,NC,37,NA,NA,2026-03-10,2.99,2.99
North Dakota,ND,38,NA,NA,2026-03-10,2.83,2.83
Ohio,OH,39,NA,NA,2026-03-10,3.2,3.2
Oklahoma,OK,40,NA,NA,2026-03-10,2.93,2.93
Oregon,OR,41,NA,NA,2026-03-10,4.12,4.12
Pennsylvania,PA,42,NA,NA,2026-03-10,3.39,3.39
Rhode Island,RI,44,NA,NA,2026-03-10,2.92,2.92
South Carolina,SC,45,NA,NA,2026-03-10,2.74,2.74
South Dakota,SD,46,NA,NA,2026-03-10,2.76,2.76
Tennessee,TN,47,NA,NA,2026-03-10,2.76,2.76
Texas,TX,48,NA,NA,2026-03-10,3.14,3.14
Utah,UT,49,NA,NA,2026-03-10,3.21,3.21
Vermont,VT,50,NA,NA,2026-03-10,2.23,2.23
Virginia,VA,51,NA,NA,2026-03-10,3.2,3.2
Washington,WA,53,NA,NA,2026-03-10,4.61,4.61
West Virginia,WV,54,NA,NA,2026-03-10,3.01,3.01
Wisconsin,WI,55,NA,NA,2026-03-10,3.03,3.03
Wyoming,WY,56,NA,NA,2026-03-10,2.99,2.99
Alabama,AL,01,NA,NA,2026-03-15,3.29,3.29
Alaska,AK,02,NA,NA,2026-03-15,3.53,3.53
Arizona,AZ,04,NA,NA,2026-03-15,4.31,4.31
Arkansas,AR,05,NA,NA,2026-03-15,3.04,3.04
California,CA,06,NA,NA,2026-03-15,5.51,5.51
Colorado,CO,08,NA,NA,2026-03-15,3.73,3.73
Connecticut,CT,09,NA,NA,2026-03-15,3.37,3.37
Delaware,DE,10,NA,NA,2026-03-15,3.32,3.32
District of Columbia,DC,11,NA,NA,2026-03-15,3.73,3.73
Florida,FL,12,NA,NA,2026-03-15,3.73,3.73
Georgia,GA,13,NA,NA,2026-03-15,3.41,3.41
Hawaii,HI,15,NA,NA,2026-03-15,4.7,4.7
Idaho,ID,16,NA,NA,2026-03-15,3.58,3.58
Illinois,IL,17,NA,NA,2026-03-15,3.61,3.61
Indiana,IN,18,NA,NA,2026-03-15,3,3
Iowa,IA,19,NA,NA,2026-03-15,3.1,3.1
Kansas,KS,20,NA,NA,2026-03-15,2.95,2.95
Kentucky,KY,21,NA,NA,2026-03-15,2.68,2.68
Louisiana,LA,22,NA,NA,2026-03-15,3.3,3.3
Maine,ME,23,NA,NA,2026-03-15,2.58,2.58
Maryland,MD,24,NA,NA,2026-03-15,3.52,3.52
Massachusetts,MA,25,NA,NA,2026-03-15,3.41,3.41
Michigan,MI,26,NA,NA,2026-03-15,3.53,3.53
Minnesota,MN,27,NA,NA,2026-03-15,3.24,3.24
Mississippi,MS,28,NA,NA,2026-03-15,2.74,2.74
Missouri,MO,29,NA,NA,2026-03-15,3.22,3.22
Montana,MT,30,NA,NA,2026-03-15,3.16,3.16
Nebraska,NE,31,NA,NA,2026-03-15,2.96,2.96
Nevada,NV,32,NA,NA,2026-03-15,4.55,4.55
New Hampshire,NH,33,NA,NA,2026-03-15,2.77,2.77
New Jersey,NJ,34,NA,NA,2026-03-15,3.52,3.52
New Mexico,NM,35,NA,NA,2026-03-15,3.64,3.64
New York,NY,36,NA,NA,2026-03-15,3.39,3.39
North Carolina,NC,37,NA,NA,2026-03-15,3.18,3.18
North Dakota,ND,38,NA,NA,2026-03-15,2.92,2.92
Ohio,OH,39,NA,NA,2026-03-15,3.24,3.24
Oklahoma,OK,40,NA,NA,2026-03-15,3.15,3.15
Oregon,OR,41,NA,NA,2026-03-15,4.35,4.35
Pennsylvania,PA,42,NA,NA,2026-03-15,3.56,3.56
Rhode Island,RI,44,NA,NA,2026-03-15,3.16,3.16
South Carolina,SC,45,NA,NA,2026-03-15,2.99,2.99
South Dakota,SD,46,NA,NA,2026-03-15,2.92,2.92
Tennessee,TN,47,NA,NA,2026-03-15,3.06,3.06
Texas,TX,48,NA,NA,2026-03-15,3.37,3.37
Utah,UT,49,NA,NA,2026-03-15,3.54,3.54
Vermont,VT,50,NA,NA,2026-03-15,2.35,2.35
Virginia,VA,51,NA,NA,2026-03-15,3.4,3.4
Washington,WA,53,NA,NA,2026-03-15,4.87,4.87
West Virginia,WV,54,NA,NA,2026-03-15,3.1,3.1
Wisconsin,WI,55,NA,NA,2026-03-15,3.25,3.25
Wyoming,WY,56,NA,NA,2026-03-15,3.29,3.29
Alabama,AL,01,NA,NA,2026-03-25,3.53,3.53
Alabama,AL,01,NA,NA,2026-03-20,3.52,3.52
Alabama,AL,01,NA,NA,2025-09-27,2.7,2.7
Alabama,AL,01,NA,NA,2025-03-27,2.71,2.77
Alaska,AK,02,NA,NA,2026-03-25,3.93,3.93
Alaska,AK,02,NA,NA,2026-03-20,3.85,3.85
Alaska,AK,02,NA,NA,2025-09-27,3.37,3.37
Alaska,AK,02,NA,NA,2025-03-27,2.93,3
Arizona,AZ,04,NA,NA,2026-03-25,4.61,4.61
Arizona,AZ,04,NA,NA,2026-03-20,4.43,4.43
Arizona,AZ,04,NA,NA,2025-09-27,3.55,3.55
Arizona,AZ,04,NA,NA,2025-03-27,3.28,3.36
Arkansas,AR,05,NA,NA,2026-03-25,3.19,3.19
Arkansas,AR,05,NA,NA,2026-03-20,3.18,3.18
Arkansas,AR,05,NA,NA,2025-09-27,2.6,2.6
Arkansas,AR,05,NA,NA,2025-03-27,2.67,2.73
California,CA,06,NA,NA,2026-03-25,5.79,5.79
California,CA,06,NA,NA,2026-03-20,5.64,5.64
California,CA,06,NA,NA,2025-09-27,4.63,4.63
California,CA,06,NA,NA,2025-03-27,4.64,4.75
Colorado,CO,08,NA,NA,2026-03-25,3.82,3.82
Colorado,CO,08,NA,NA,2026-03-20,3.84,3.84
Colorado,CO,08,NA,NA,2025-09-27,3.01,3.01
Colorado,CO,08,NA,NA,2025-03-27,3.01,3.07
Connecticut,CT,09,NA,NA,2026-03-25,3.86,3.86
Connecticut,CT,09,NA,NA,2026-03-20,3.66,3.66
Connecticut,CT,09,NA,NA,2025-09-27,3.1,3.1
Connecticut,CT,09,NA,NA,2025-03-27,2.97,3.04
Delaware,DE,10,NA,NA,2026-03-25,3.78,3.78
Delaware,DE,10,NA,NA,2026-03-20,3.68,3.68
Delaware,DE,10,NA,NA,2025-09-27,2.99,2.99
Delaware,DE,10,NA,NA,2025-03-27,2.94,3.01
District of Columbia,DC,11,NA,NA,2026-03-25,4.11,4.11
District of Columbia,DC,11,NA,NA,2026-03-20,4.04,4.04
District of Columbia,DC,11,NA,NA,2025-09-27,3.24,3.24
District of Columbia,DC,11,NA,NA,2025-03-27,3.24,3.32
Florida,FL,12,NA,NA,2026-03-25,3.91,3.91
Florida,FL,12,NA,NA,2026-03-20,3.95,3.95
Florida,FL,12,NA,NA,2025-09-27,2.98,2.98
Florida,FL,12,NA,NA,2025-03-27,3.12,3.19
Georgia,GA,13,NA,NA,2026-03-25,3.59,3.59
Georgia,GA,13,NA,NA,2026-03-20,3.73,3.73
Georgia,GA,13,NA,NA,2025-09-27,2.87,2.87
Georgia,GA,13,NA,NA,2025-03-27,2.94,3
Hawaii,HI,15,NA,NA,2026-03-25,5.16,5.16
Hawaii,HI,15,NA,NA,2026-03-20,4.97,4.97
Hawaii,HI,15,NA,NA,2025-09-27,4.33,4.33
Hawaii,HI,15,NA,NA,2025-03-27,4.39,4.48
Idaho,ID,16,NA,NA,2026-03-25,4.15,4.15
Idaho,ID,16,NA,NA,2026-03-20,3.94,3.94
Idaho,ID,16,NA,NA,2025-09-27,3.4,3.4
Idaho,ID,16,NA,NA,2025-03-27,3.22,3.29
Illinois,IL,17,NA,NA,2026-03-25,4.29,4.29
Illinois,IL,17,NA,NA,2026-03-20,4.18,4.18
Illinois,IL,17,NA,NA,2025-09-27,3.45,3.45
Illinois,IL,17,NA,NA,2025-03-27,3.49,3.57
Indiana,IN,18,NA,NA,2026-03-25,3.97,3.97
Indiana,IN,18,NA,NA,2026-03-20,3.74,3.74
Indiana,IN,18,NA,NA,2025-09-27,3.09,3.09
Indiana,IN,18,NA,NA,2025-03-27,3.07,3.14
Iowa,IA,19,NA,NA,2026-03-25,2.96,2.96
Iowa,IA,19,NA,NA,2026-03-20,3.08,3.08
Iowa,IA,19,NA,NA,2025-09-27,2.67,2.67
Iowa,IA,19,NA,NA,2025-03-27,2.82,2.88
Kansas,KS,20,NA,NA,2026-03-25,3.09,3.09
Kansas,KS,20,NA,NA,2026-03-20,3.09,3.09
Kansas,KS,20,NA,NA,2025-09-27,2.71,2.71
Kansas,KS,20,NA,NA,2025-03-27,2.7,2.76
Kentucky,KY,21,NA,NA,2026-03-25,3.54,3.54
Kentucky,KY,21,NA,NA,2026-03-20,3.59,3.59
Kentucky,KY,21,NA,NA,2025-09-27,2.69,2.69
Kentucky,KY,21,NA,NA,2025-03-27,2.71,2.77
Louisiana,LA,22,NA,NA,2026-03-25,3.51,3.51
Louisiana,LA,22,NA,NA,2026-03-20,3.47,3.47
Louisiana,LA,22,NA,NA,2025-09-27,2.65,2.65
Louisiana,LA,22,NA,NA,2025-03-27,2.69,2.75
Maine,ME,23,NA,NA,2026-03-25,3.4,3.4
Maine,ME,23,NA,NA,2026-03-20,3.36,3.36
Maine,ME,23,NA,NA,2025-09-27,2.8,2.8
Maine,ME,23,NA,NA,2025-03-27,2.7,2.76
Maryland,MD,24,NA,NA,2026-03-25,3.8,3.8
Maryland,MD,24,NA,NA,2026-03-20,3.64,3.64
Maryland,MD,24,NA,NA,2025-09-27,2.93,2.93
Maryland,MD,24,NA,NA,2025-03-27,2.91,2.97
Massachusetts,MA,25,NA,NA,2026-03-25,3.75,3.75
Massachusetts,MA,25,NA,NA,2026-03-20,3.61,3.61
Massachusetts,MA,25,NA,NA,2025-09-27,3.09,3.09
Massachusetts,MA,25,NA,NA,2025-03-27,2.96,3.03
Michigan,MI,26,NA,NA,2026-03-25,3.95,3.95
Michigan,MI,26,NA,NA,2026-03-20,3.85,3.85
Michigan,MI,26,NA,NA,2025-09-27,3,3
Michigan,MI,26,NA,NA,2025-03-27,3.06,3.13
Minnesota,MN,27,NA,NA,2026-03-25,3.43,3.43
Minnesota,MN,27,NA,NA,2026-03-20,3.45,3.45
Minnesota,MN,27,NA,NA,2025-09-27,2.98,2.98
Minnesota,MN,27,NA,NA,2025-03-27,3.08,3.14
Mississippi,MS,28,NA,NA,2026-03-25,3.43,3.43
Mississippi,MS,28,NA,NA,2026-03-20,3.41,3.41
Mississippi,MS,28,NA,NA,2025-09-27,2.58,2.58
Mississippi,MS,28,NA,NA,2025-03-27,2.59,2.65
Missouri,MO,29,NA,NA,2026-03-25,3.44,3.44
Missouri,MO,29,NA,NA,2026-03-20,3.44,3.44
Missouri,MO,29,NA,NA,2025-09-27,2.81,2.81
Missouri,MO,29,NA,NA,2025-03-27,2.9,2.96
Montana,MT,30,NA,NA,2026-03-25,3.68,3.68
Montana,MT,30,NA,NA,2026-03-20,3.51,3.51
Montana,MT,30,NA,NA,2025-09-27,3.08,3.08
Montana,MT,30,NA,NA,2025-03-27,3.11,3.18
Nebraska,NE,31,NA,NA,2026-03-25,3.17,3.17
Nebraska,NE,31,NA,NA,2026-03-20,3.26,3.26
Nebraska,NE,31,NA,NA,2025-09-27,2.78,2.78
Nebraska,NE,31,NA,NA,2025-03-27,2.91,2.97
Nevada,NV,32,NA,NA,2026-03-25,4.81,4.81
Nevada,NV,32,NA,NA,2026-03-20,4.65,4.65
Nevada,NV,32,NA,NA,2025-09-27,3.85,3.85
Nevada,NV,32,NA,NA,2025-03-27,3.72,3.81
New Hampshire,NH,33,NA,NA,2026-03-25,3.52,3.52
New Hampshire,NH,33,NA,NA,2026-03-20,3.44,3.44
New Hampshire,NH,33,NA,NA,2025-09-27,2.87,2.87
New Hampshire,NH,33,NA,NA,2025-03-27,2.72,2.78
New Jersey,NJ,34,NA,NA,2026-03-25,3.87,3.87
New Jersey,NJ,34,NA,NA,2026-03-20,3.77,3.77
New Jersey,NJ,34,NA,NA,2025-09-27,3.1,3.1
New Jersey,NJ,34,NA,NA,2025-03-27,2.94,3.01
New Mexico,NM,35,NA,NA,2026-03-25,3.63,3.63
New Mexico,NM,35,NA,NA,2026-03-20,3.7,3.7
New Mexico,NM,35,NA,NA,2025-09-27,2.76,2.76
New Mexico,NM,35,NA,NA,2025-03-27,2.79,2.85
New York,NY,36,NA,NA,2026-03-25,3.89,3.89
New York,NY,36,NA,NA,2026-03-20,3.72,3.72
New York,NY,36,NA,NA,2025-09-27,3.18,3.18
New York,NY,36,NA,NA,2025-03-27,3.06,3.13
North Carolina,NC,37,NA,NA,2026-03-25,3.7,3.7
North Carolina,NC,37,NA,NA,2026-03-20,3.59,3.59
North Carolina,NC,37,NA,NA,2025-09-27,2.83,2.83
North Carolina,NC,37,NA,NA,2025-03-27,2.81,2.88
North Dakota,ND,38,NA,NA,2026-03-25,3.4,3.4
North Dakota,ND,38,NA,NA,2026-03-20,3.38,3.38
North Dakota,ND,38,NA,NA,2025-09-27,2.86,2.86
North Dakota,ND,38,NA,NA,2025-03-27,3.08,3.15
Ohio,OH,39,NA,NA,2026-03-25,3.81,3.81
Ohio,OH,39,NA,NA,2026-03-20,3.65,3.65
Ohio,OH,39,NA,NA,2025-09-27,2.85,2.85
Ohio,OH,39,NA,NA,2025-03-27,2.97,3.04
Oklahoma,OK,40,NA,NA,2026-03-25,3.13,3.13
Oklahoma,OK,40,NA,NA,2026-03-20,3.18,3.18
Oklahoma,OK,40,NA,NA,2025-09-27,2.57,2.57
Oklahoma,OK,40,NA,NA,2025-03-27,2.67,2.73
Oregon,OR,41,NA,NA,2026-03-25,4.55,4.55
Oregon,OR,41,NA,NA,2026-03-20,4.67,4.67
Oregon,OR,41,NA,NA,2025-09-27,4.11,4.11
Oregon,OR,41,NA,NA,2025-03-27,3.65,3.73
Pennsylvania,PA,42,NA,NA,2026-03-25,3.84,3.84
Pennsylvania,PA,42,NA,NA,2026-03-20,3.76,3.76
Pennsylvania,PA,42,NA,NA,2025-09-27,3.2,3.2
Pennsylvania,PA,42,NA,NA,2025-03-27,3.13,3.2
Rhode Island,RI,44,NA,NA,2026-03-25,3.76,3.76
Rhode Island,RI,44,NA,NA,2026-03-20,3.64,3.64
Rhode Island,RI,44,NA,NA,2025-09-27,3.05,3.05
Rhode Island,RI,44,NA,NA,2025-03-27,2.92,2.99
South Carolina,SC,45,NA,NA,2026-03-25,3.61,3.61
South Carolina,SC,45,NA,NA,2026-03-20,3.54,3.54
South Carolina,SC,45,NA,NA,2025-09-27,2.79,2.79
South Carolina,SC,45,NA,NA,2025-03-27,2.77,2.83
South Dakota,SD,46,NA,NA,2026-03-25,3.31,3.31
South Dakota,SD,46,NA,NA,2026-03-20,3.29,3.29
South Dakota,SD,46,NA,NA,2025-09-27,2.85,2.85
South Dakota,SD,46,NA,NA,2025-03-27,3.05,3.12
Tennessee,TN,47,NA,NA,2026-03-25,3.53,3.53
Tennessee,TN,47,NA,NA,2026-03-20,3.53,3.53
Tennessee,TN,47,NA,NA,2025-09-27,2.67,2.67
Tennessee,TN,47,NA,NA,2025-03-27,2.73,2.79
Texas,TX,48,NA,NA,2026-03-25,3.57,3.57
Texas,TX,48,NA,NA,2026-03-20,3.59,3.59
Texas,TX,48,NA,NA,2025-09-27,2.69,2.69
Texas,TX,48,NA,NA,2025-03-27,2.75,2.81
Utah,UT,49,NA,NA,2026-03-25,4.12,4.12
Utah,UT,49,NA,NA,2026-03-20,3.82,3.82
Utah,UT,49,NA,NA,2025-09-27,3.31,3.31
Utah,UT,49,NA,NA,2025-03-27,3.12,3.19
Vermont,VT,50,NA,NA,2026-03-25,3.46,3.46
Vermont,VT,50,NA,NA,2026-03-20,3.33,3.33
Vermont,VT,50,NA,NA,2025-09-27,2.85,2.85
Vermont,VT,50,NA,NA,2025-03-27,2.78,2.84
Virginia,VA,51,NA,NA,2026-03-25,3.68,3.68
Virginia,VA,51,NA,NA,2026-03-20,3.54,3.54
Virginia,VA,51,NA,NA,2025-09-27,2.81,2.81
Virginia,VA,51,NA,NA,2025-03-27,2.81,2.88
Washington,WA,53,NA,NA,2026-03-25,5.24,5.24
Washington,WA,53,NA,NA,2026-03-20,5.17,5.17
Washington,WA,53,NA,NA,2025-09-27,4.54,4.54
Washington,WA,53,NA,NA,2025-03-27,4.11,4.21
West Virginia,WV,54,NA,NA,2026-03-25,3.41,3.41
West Virginia,WV,54,NA,NA,2026-03-20,3.31,3.31
West Virginia,WV,54,NA,NA,2025-09-27,2.69,2.69
West Virginia,WV,54,NA,NA,2025-03-27,2.68,2.74
Wisconsin,WI,55,NA,NA,2026-03-25,3.6,3.6
Wisconsin,WI,55,NA,NA,2026-03-20,3.54,3.54
Wisconsin,WI,55,NA,NA,2025-09-27,2.82,2.82
Wisconsin,WI,55,NA,NA,2025-03-27,2.99,3.05
Wyoming,WY,56,NA,NA,2026-03-25,3.68,3.68
Wyoming,WY,56,NA,NA,2026-03-20,3.54,3.54
Wyoming,WY,56,NA,NA,2025-09-27,2.92,2.92
Wyoming,WY,56,NA,NA,2025-03-27,2.99,3.05
Alabama,AL,01,0101,01,2025-08-21,2.76,2.76
Alabama,AL,01,0101,01,2025-08-14,2.74,2.74
Alabama,AL,01,0101,01,2025-02-21,2.72,2.74
Alabama,AL,01,0101,01,2024-08-21,3,3.07
Alabama,AL,01,0102,02,2025-08-21,2.72,2.72
Alabama,AL,01,0102,02,2025-08-14,2.71,2.71
Alabama,AL,01,0102,02,2025-02-21,2.7,2.72
Alabama,AL,01,0102,02,2024-08-21,2.97,3.04
Alabama,AL,01,0103,03,2025-08-21,2.71,2.71
Alabama,AL,01,0103,03,2025-08-14,2.7,2.7
Alabama,AL,01,0103,03,2025-02-21,2.76,2.78
Alabama,AL,01,0103,03,2024-08-21,3,3.07
Alabama,AL,01,0104,04,2025-08-21,2.69,2.69
Alabama,AL,01,0104,04,2025-08-14,2.68,2.68
Alabama,AL,01,0104,04,2025-02-21,2.73,2.76
Alabama,AL,01,0104,04,2024-08-21,2.99,3.06
Alabama,AL,01,0105,05,2025-08-21,2.75,2.75
Alabama,AL,01,0105,05,2025-08-14,2.73,2.73
Alabama,AL,01,0105,05,2025-02-21,2.8,2.82
Alabama,AL,01,0105,05,2024-08-21,3.06,3.13
Alabama,AL,01,0106,06,2025-08-21,2.77,2.77
Alabama,AL,01,0106,06,2025-08-14,2.76,2.76
Alabama,AL,01,0106,06,2025-02-21,2.81,2.83
Alabama,AL,01,0106,06,2024-08-21,3.04,3.11
Alabama,AL,01,0107,07,2025-08-21,2.72,2.72
Alabama,AL,01,0107,07,2025-08-14,2.71,2.71
Alabama,AL,01,0107,07,2025-02-21,2.73,2.75
Alabama,AL,01,0107,07,2024-08-21,2.99,3.05
Alaska,AK,02,0200,00,2025-08-21,3.25,3.25
Alaska,AK,02,0200,00,2025-08-14,3.27,3.27
Alaska,AK,02,0200,00,2025-02-21,2.91,2.93
Alaska,AK,02,0200,00,2024-08-21,3.26,3.34
Arizona,AZ,04,0401,01,2025-08-21,3.3,3.3
Arizona,AZ,04,0401,01,2025-08-14,3.32,3.32
Arizona,AZ,04,0401,01,2025-02-21,3.45,3.47
Arizona,AZ,04,0401,01,2024-08-21,3.54,3.62
Arizona,AZ,04,0402,02,2025-08-21,3.03,3.03
Arizona,AZ,04,0402,02,2025-08-14,3.02,3.02
Arizona,AZ,04,0402,02,2025-02-21,3.05,3.08
Arizona,AZ,04,0402,02,2024-08-21,3.34,3.42
Arizona,AZ,04,0403,03,2025-08-21,3.21,3.21
Arizona,AZ,04,0403,03,2025-08-14,3.24,3.24
Arizona,AZ,04,0403,03,2025-02-21,3.35,3.38
Arizona,AZ,04,0403,03,2024-08-21,3.45,3.52
Arizona,AZ,04,0404,04,2025-08-21,3.33,3.33
Arizona,AZ,04,0404,04,2025-08-14,3.34,3.34
Arizona,AZ,04,0404,04,2025-02-21,3.42,3.44
Arizona,AZ,04,0404,04,2024-08-21,3.49,3.57
Arizona,AZ,04,0405,05,2025-08-21,3.31,3.31
Arizona,AZ,04,0405,05,2025-08-14,3.33,3.33
Arizona,AZ,04,0405,05,2025-02-21,3.38,3.41
Arizona,AZ,04,0405,05,2024-08-21,3.51,3.59
Arizona,AZ,04,0406,06,2025-08-21,2.86,2.86
Arizona,AZ,04,0406,06,2025-08-14,2.89,2.89
Arizona,AZ,04,0406,06,2025-02-21,2.97,2.99
Arizona,AZ,04,0406,06,2024-08-21,3.37,3.45
Arizona,AZ,04,0407,07,2025-08-21,2.99,2.99
Arizona,AZ,04,0407,07,2025-08-14,3.03,3.03
Arizona,AZ,04,0407,07,2025-02-21,3.05,3.08
Arizona,AZ,04,0407,07,2024-08-21,3.36,3.44
Arizona,AZ,04,0408,08,2025-08-21,3.25,3.25
Arizona,AZ,04,0408,08,2025-08-14,3.26,3.26
Arizona,AZ,04,0408,08,2025-02-21,3.38,3.4
Arizona,AZ,04,0408,08,2024-08-21,3.46,3.54
Arizona,AZ,04,0409,09,2025-08-21,2.58,2.58
Arizona,AZ,04,0409,09,2025-08-14,2.61,2.61
Arizona,AZ,04,0409,09,2025-02-21,2.7,2.72
Arizona,AZ,04,0409,09,2024-08-21,3.34,3.42
Arkansas,AR,05,0501,01,2025-08-21,2.36,2.36
Arkansas,AR,05,0501,01,2025-08-14,2.4,2.4
Arkansas,AR,05,0501,01,2025-02-21,2.4,2.42
Arkansas,AR,05,0501,01,2024-08-21,2.64,2.7
Arkansas,AR,05,0502,02,2025-08-21,2.68,2.68
Arkansas,AR,05,0502,02,2025-08-14,2.64,2.64
Arkansas,AR,05,0502,02,2025-02-21,2.68,2.7
Arkansas,AR,05,0502,02,2024-08-21,2.91,2.98
Arkansas,AR,05,0503,03,2025-08-21,2.71,2.71
Arkansas,AR,05,0503,03,2025-08-14,2.66,2.66
Arkansas,AR,05,0503,03,2025-02-21,2.74,2.76
Arkansas,AR,05,0503,03,2024-08-21,2.93,3
Arkansas,AR,05,0504,04,2025-08-21,2.32,2.32
Arkansas,AR,05,0504,04,2025-08-14,2.42,2.42
Arkansas,AR,05,0504,04,2025-02-21,2.48,2.5
Arkansas,AR,05,0504,04,2024-08-21,2.74,2.8
California,CA,06,0601,01,2025-08-21,4.19,4.19
California,CA,06,0601,01,2025-08-14,4.17,4.17
California,CA,06,0601,01,2025-02-21,4.12,4.16
California,CA,06,0601,01,2024-08-21,4.23,4.33
California,CA,06,0602,02,2025-08-21,4.56,4.56
California,CA,06,0602,02,2025-08-14,4.56,4.56
California,CA,06,0602,02,2025-02-21,4.56,4.6
California,CA,06,0602,02,2024-08-21,4.58,4.69
California,CA,06,0603,03,2025-08-21,4.53,4.53
California,CA,06,0603,03,2025-08-14,4.51,4.51
California,CA,06,0603,03,2025-02-21,4.53,4.57
California,CA,06,0603,03,2024-08-21,4.67,4.78
California,CA,06,0604,04,2025-08-21,4.64,4.64
California,CA,06,0604,04,2025-08-14,4.6,4.6
California,CA,06,0604,04,2025-02-21,4.6,4.63
California,CA,06,0604,04,2024-08-21,4.71,4.82
California,CA,06,0605,05,2025-08-21,4.3,4.3
California,CA,06,0605,05,2025-08-14,4.33,4.33
California,CA,06,0605,05,2025-02-21,4.33,4.36
California,CA,06,0605,05,2024-08-21,4.42,4.52
California,CA,06,0606,06,2025-08-21,4.42,4.42
California,CA,06,0606,06,2025-08-14,4.37,4.37
California,CA,06,0606,06,2025-02-21,4.48,4.51
California,CA,06,0606,06,2024-08-21,4.56,4.66
California,CA,06,0607,07,2025-08-21,4.47,4.47
California,CA,06,0607,07,2025-08-14,4.42,4.42
California,CA,06,0607,07,2025-02-21,4.52,4.55
California,CA,06,0607,07,2024-08-21,4.59,4.69
California,CA,06,0608,08,2025-08-21,4.52,4.52
California,CA,06,0608,08,2025-08-14,4.47,4.47
California,CA,06,0608,08,2025-02-21,4.54,4.57
California,CA,06,0608,08,2024-08-21,4.61,4.71
California,CA,06,0609,09,2025-08-21,4.39,4.39
California,CA,06,0609,09,2025-08-14,4.33,4.33
California,CA,06,0609,09,2025-02-21,4.38,4.41
California,CA,06,0609,09,2024-08-21,4.44,4.54
California,CA,06,0610,10,2025-08-21,4.7,4.7
California,CA,06,0610,10,2025-08-14,4.64,4.64
California,CA,06,0610,10,2025-02-21,4.66,4.7
California,CA,06,0610,10,2024-08-21,4.74,4.84
California,CA,06,0611,11,2025-08-21,4.66,4.66
California,CA,06,0611,11,2025-08-14,4.63,4.63
California,CA,06,0611,11,2025-02-21,4.72,4.76
California,CA,06,0611,11,2024-08-21,4.82,4.93
California,CA,06,0612,12,2025-08-21,4.66,4.66
California,CA,06,0612,12,2025-08-14,4.62,4.62
California,CA,06,0612,12,2025-02-21,4.65,4.68
California,CA,06,0612,12,2024-08-21,4.69,4.8
California,CA,06,0613,13,2025-08-21,4.43,4.43
California,CA,06,0613,13,2025-08-14,4.4,4.4
California,CA,06,0613,13,2025-02-21,4.39,4.42
California,CA,06,0613,13,2024-08-21,4.5,4.61
California,CA,06,0614,14,2025-08-21,4.59,4.59
California,CA,06,0614,14,2025-08-14,4.56,4.56
California,CA,06,0614,14,2025-02-21,4.56,4.6
California,CA,06,0614,14,2024-08-21,4.68,4.78
California,CA,06,0615,15,2025-08-21,4.68,4.68
California,CA,06,0615,15,2025-08-14,4.65,4.65
California,CA,06,0615,15,2025-02-21,4.71,4.75
California,CA,06,0615,15,2024-08-21,4.76,4.87
California,CA,06,0616,16,2025-08-21,4.56,4.56
California,CA,06,0616,16,2025-08-14,4.56,4.56
California,CA,06,0616,16,2025-02-21,4.6,4.64
California,CA,06,0616,16,2024-08-21,4.62,4.73
California,CA,06,0617,17,2025-08-21,4.52,4.52
California,CA,06,0617,17,2025-08-14,4.51,4.51
California,CA,06,0617,17,2025-02-21,4.59,4.63
California,CA,06,0617,17,2024-08-21,4.59,4.7
California,CA,06,0618,18,2025-08-21,4.58,4.58
California,CA,06,0618,18,2025-08-14,4.56,4.56
California,CA,06,0618,18,2025-02-21,4.6,4.63
California,CA,06,0618,18,2024-08-21,4.63,4.74
California,CA,06,0619,19,2025-08-21,4.66,4.66
California,CA,06,0619,19,2025-08-14,4.67,4.67
California,CA,06,0619,19,2025-02-21,4.68,4.72
California,CA,06,0619,19,2024-08-21,4.8,4.91
California,CA,06,0620,20,2025-08-21,4.44,4.44
California,CA,06,0620,20,2025-08-14,4.38,4.38
California,CA,06,0620,20,2025-02-21,4.37,4.4
California,CA,06,0620,20,2024-08-21,4.5,4.6
California,CA,06,0621,21,2025-08-21,4.51,4.51
California,CA,06,0621,21,2025-08-14,4.49,4.49
California,CA,06,0621,21,2025-02-21,4.43,4.47
California,CA,06,0621,21,2024-08-21,4.46,4.56
California,CA,06,0622,22,2025-08-21,4.41,4.41
California,CA,06,0622,22,2025-08-14,4.34,4.34
California,CA,06,0622,22,2025-02-21,4.31,4.34
California,CA,06,0622,22,2024-08-21,4.53,4.63
California,CA,06,0623,23,2025-08-21,4.24,4.24
California,CA,06,0623,23,2025-08-14,4.22,4.22
California,CA,06,0623,23,2025-02-21,4.31,4.35
California,CA,06,0623,23,2024-08-21,4.4,4.5
California,CA,06,0624,24,2025-08-21,4.51,4.51
California,CA,06,0624,24,2025-08-14,4.52,4.52
California,CA,06,0624,24,2025-02-21,4.64,4.67
California,CA,06,0624,24,2024-08-21,4.69,4.8
California,CA,06,0625,25,2025-08-21,4.22,4.22
California,CA,06,0625,25,2025-08-14,4.2,4.2
California,CA,06,0625,25,2025-02-21,4.37,4.4
California,CA,06,0625,25,2024-08-21,4.48,4.58
California,CA,06,0626,26,2025-08-21,4.53,4.53
California,CA,06,0626,26,2025-08-14,4.51,4.51
California,CA,06,0626,26,2025-02-21,4.61,4.65
California,CA,06,0626,26,2024-08-21,4.71,4.82
California,CA,06,0627,27,2025-08-21,4.57,4.57
California,CA,06,0627,27,2025-08-14,4.57,4.57
California,CA,06,0627,27,2025-02-21,4.6,4.64
California,CA,06,0627,27,2024-08-21,4.65,4.75
California,CA,06,0628,28,2025-08-21,4.51,4.51
California,CA,06,0628,28,2025-08-14,4.5,4.5
California,CA,06,0628,28,2025-02-21,4.67,4.71
California,CA,06,0628,28,2024-08-21,4.6,4.71
California,CA,06,0629,29,2025-08-21,4.52,4.52
California,CA,06,0629,29,2025-08-14,4.51,4.51
California,CA,06,0629,29,2025-02-21,4.67,4.71
California,CA,06,0629,29,2024-08-21,4.68,4.79
California,CA,06,0630,30,2025-08-21,4.66,4.66
California,CA,06,0630,30,2025-08-14,4.65,4.65
California,CA,06,0630,30,2025-02-21,4.73,4.77
California,CA,06,0630,30,2024-08-21,4.8,4.91
California,CA,06,0631,31,2025-08-21,4.4,4.4
California,CA,06,0631,31,2025-08-14,4.38,4.38
California,CA,06,0631,31,2025-02-21,4.55,4.59
California,CA,06,0631,31,2024-08-21,4.45,4.56
California,CA,06,0632,32,2025-08-21,4.47,4.47
California,CA,06,0632,32,2025-08-14,4.48,4.48
California,CA,06,0632,32,2025-02-21,4.61,4.65
California,CA,06,0632,32,2024-08-21,4.63,4.74
California,CA,06,0633,33,2025-08-21,4.33,4.33
California,CA,06,0633,33,2025-08-14,4.32,4.32
California,CA,06,0633,33,2025-02-21,4.48,4.51
California,CA,06,0633,33,2024-08-21,4.43,4.53
California,CA,06,0634,34,2025-08-21,4.51,4.51
California,CA,06,0634,34,2025-08-14,4.52,4.52
California,CA,06,0634,34,2025-02-21,4.64,4.68
California,CA,06,0634,34,2024-08-21,4.58,4.68
California,CA,06,0635,35,2025-08-21,4.27,4.27
California,CA,06,0635,35,2025-08-14,4.27,4.27
California,CA,06,0635,35,2025-02-21,4.46,4.49
California,CA,06,0635,35,2024-08-21,4.43,4.53
California,CA,06,0636,36,2025-08-21,4.53,4.53
California,CA,06,0636,36,2025-08-14,4.55,4.55
California,CA,06,0636,36,2025-02-21,4.68,4.72
California,CA,06,0636,36,2024-08-21,4.65,4.76
California,CA,06,0637,37,2025-08-21,4.47,4.47
California,CA,06,0637,37,2025-08-14,4.44,4.44
California,CA,06,0637,37,2025-02-21,4.59,4.62
California,CA,06,0637,37,2024-08-21,4.53,4.64
California,CA,06,0638,38,2025-08-21,4.33,4.33
California,CA,06,0638,38,2025-08-14,4.33,4.33
California,CA,06,0638,38,2025-02-21,4.53,4.56
California,CA,06,0638,38,2024-08-21,4.44,4.54
California,CA,06,0639,39,2025-08-21,4.35,4.35
California,CA,06,0639,39,2025-08-14,4.33,4.33
California,CA,06,0639,39,2025-02-21,4.5,4.53
California,CA,06,0639,39,2024-08-21,4.54,4.65
California,CA,06,0640,40,2025-08-21,4.47,4.47
California,CA,06,0640,40,2025-08-14,4.48,4.48
California,CA,06,0640,40,2025-02-21,4.56,4.6
California,CA,06,0640,40,2024-08-21,4.53,4.63
California,CA,06,0641,41,2025-08-21,4.35,4.35
California,CA,06,0641,41,2025-08-14,4.35,4.35
California,CA,06,0641,41,2025-02-21,4.55,4.58
California,CA,06,0641,41,2024-08-21,4.55,4.66
California,CA,06,0642,42,2025-08-21,4.36,4.36
California,CA,06,0642,42,2025-08-14,4.34,4.34
California,CA,06,0642,42,2025-02-21,4.57,4.6
California,CA,06,0642,42,2024-08-21,4.47,4.57
California,CA,06,0643,43,2025-08-21,4.35,4.35
California,CA,06,0643,43,2025-08-14,4.35,4.35
California,CA,06,0643,43,2025-02-21,4.51,4.55
California,CA,06,0643,43,2024-08-21,4.43,4.53
California,CA,06,0644,44,2025-08-21,4.36,4.36
California,CA,06,0644,44,2025-08-14,4.35,4.35
California,CA,06,0644,44,2025-02-21,4.55,4.59
California,CA,06,0644,44,2024-08-21,4.43,4.53
California,CA,06,0645,45,2025-08-21,4.35,4.35
California,CA,06,0645,45,2025-08-14,4.35,4.35
California,CA,06,0645,45,2025-02-21,4.53,4.57
California,CA,06,0645,45,2024-08-21,4.45,4.55
California,CA,06,0646,46,2025-08-21,4.36,4.36
California,CA,06,0646,46,2025-08-14,4.35,4.35
California,CA,06,0646,46,2025-02-21,4.57,4.6
California,CA,06,0646,46,2024-08-21,4.45,4.55
California,CA,06,0647,47,2025-08-21,4.48,4.48
California,CA,06,0647,47,2025-08-14,4.47,4.47
California,CA,06,0647,47,2025-02-21,4.65,4.69
California,CA,06,0647,47,2024-08-21,4.56,4.67
California,CA,06,0648,48,2025-08-21,4.42,4.42
California,CA,06,0648,48,2025-08-14,4.42,4.42
California,CA,06,0648,48,2025-02-21,4.54,4.58
California,CA,06,0648,48,2024-08-21,4.56,4.67
California,CA,06,0649,49,2025-08-21,4.57,4.57
California,CA,06,0649,49,2025-08-14,4.55,4.55
California,CA,06,0649,49,2025-02-21,4.7,4.74
California,CA,06,0649,49,2024-08-21,4.65,4.76
California,CA,06,0650,50,2025-08-21,4.66,4.66
California,CA,06,0650,50,2025-08-14,4.65,4.65
California,CA,06,0650,50,2025-02-21,4.72,4.76
California,CA,06,0650,50,2024-08-21,4.79,4.9
California,CA,06,0651,51,2025-08-21,4.55,4.55
California,CA,06,0651,51,2025-08-14,4.53,4.53
California,CA,06,0651,51,2025-02-21,4.64,4.68
California,CA,06,0651,51,2024-08-21,4.68,4.79
California,CA,06,0652,52,2025-08-21,4.59,4.59
California,CA,06,0652,52,2025-08-14,4.57,4.57
California,CA,06,0652,52,2025-02-21,4.61,4.64
California,CA,06,0652,52,2024-08-21,4.71,4.82
Colorado,CO,08,0801,01,2025-08-21,3.09,3.09
Colorado,CO,08,0801,01,2025-08-14,2.97,2.97
Colorado,CO,08,0801,01,2025-02-21,2.94,2.96
Colorado,CO,08,0801,01,2024-08-21,3.35,3.42
Colorado,CO,08,0802,02,2025-08-21,2.9,2.9
Colorado,CO,08,0802,02,2025-08-14,2.83,2.83
Colorado,CO,08,0802,02,2025-02-21,2.83,2.85
Colorado,CO,08,0802,02,2024-08-21,3.14,3.21
Colorado,CO,08,0803,03,2025-08-21,2.9,2.9
Colorado,CO,08,0803,03,2025-08-14,2.86,2.86
Colorado,CO,08,0803,03,2025-02-21,2.89,2.91
Colorado,CO,08,0803,03,2024-08-21,3.21,3.28
Colorado,CO,08,0804,04,2025-08-21,2.79,2.79
Colorado,CO,08,0804,04,2025-08-14,2.69,2.69
Colorado,CO,08,0804,04,2025-02-21,2.69,2.71
Colorado,CO,08,0804,04,2024-08-21,3.08,3.15
Colorado,CO,08,0805,05,2025-08-21,2.95,2.95
Colorado,CO,08,0805,05,2025-08-14,2.76,2.76
Colorado,CO,08,0805,05,2025-02-21,2.84,2.86
Colorado,CO,08,0805,05,2024-08-21,3.22,3.3
Colorado,CO,08,0806,06,2025-08-21,3.07,3.07
Colorado,CO,08,0806,06,2025-08-14,2.94,2.94
Colorado,CO,08,0806,06,2025-02-21,2.95,2.97
Colorado,CO,08,0806,06,2024-08-21,3.34,3.41
Colorado,CO,08,0807,07,2025-08-21,2.97,2.97
Colorado,CO,08,0807,07,2025-08-14,2.89,2.89
Colorado,CO,08,0807,07,2025-02-21,2.86,2.88
Colorado,CO,08,0807,07,2024-08-21,3.28,3.36
Colorado,CO,08,0808,08,2025-08-21,2.91,2.91
Colorado,CO,08,0808,08,2025-08-14,2.81,2.81
Colorado,CO,08,0808,08,2025-02-21,2.9,2.93
Colorado,CO,08,0808,08,2024-08-21,3.26,3.34
Connecticut,CT,09,0901,01,2025-08-21,3.08,3.08
Connecticut,CT,09,0901,01,2025-08-14,3.03,3.03
Connecticut,CT,09,0901,01,2025-02-21,3.01,3.04
Connecticut,CT,09,0901,01,2024-08-21,3.45,3.53
Connecticut,CT,09,0902,02,2025-08-21,2.92,2.92
Connecticut,CT,09,0902,02,2025-08-14,2.97,2.97
Connecticut,CT,09,0902,02,2025-02-21,2.98,3
Connecticut,CT,09,0902,02,2024-08-21,3.38,3.46
Connecticut,CT,09,0903,03,2025-08-21,3.11,3.11
Connecticut,CT,09,0903,03,2025-08-14,3.07,3.07
Connecticut,CT,09,0903,03,2025-02-21,3.08,3.1
Connecticut,CT,09,0903,03,2024-08-21,3.49,3.57
Connecticut,CT,09,0904,04,2025-08-21,3.13,3.13
Connecticut,CT,09,0904,04,2025-08-14,3.06,3.06
Connecticut,CT,09,0904,04,2025-02-21,3.13,3.15
Connecticut,CT,09,0904,04,2024-08-21,3.57,3.66
Connecticut,CT,09,0905,05,2025-08-21,3.03,3.03
Connecticut,CT,09,0905,05,2025-08-14,2.99,2.99
Connecticut,CT,09,0905,05,2025-02-21,2.89,2.92
Connecticut,CT,09,0905,05,2024-08-21,3.4,3.48
Delaware,DE,10,1000,00,2025-08-21,3.09,3.09
Delaware,DE,10,1000,00,2025-08-14,3,3
Delaware,DE,10,1000,00,2025-02-21,3.02,3.04
Delaware,DE,10,1000,00,2024-08-21,3.23,3.31
District of Columbia,DC,11,1198,98,2025-08-21,3.32,3.32
District of Columbia,DC,11,1198,98,2025-08-14,3.33,3.33
District of Columbia,DC,11,1198,98,2025-02-21,3.28,3.31
District of Columbia,DC,11,1198,98,2024-08-21,3.7,3.78
Florida,FL,12,1201,01,2025-08-21,2.86,2.86
Florida,FL,12,1201,01,2025-08-14,2.85,2.85
Florida,FL,12,1201,01,2025-02-21,2.84,2.86
Florida,FL,12,1201,01,2024-08-21,3.07,3.14
Florida,FL,12,1202,02,2025-08-21,2.92,2.92
Florida,FL,12,1202,02,2025-08-14,2.91,2.91
Florida,FL,12,1202,02,2025-02-21,2.97,2.99
Florida,FL,12,1202,02,2024-08-21,3.29,3.36
Florida,FL,12,1203,03,2025-08-21,3.02,3.02
Florida,FL,12,1203,03,2025-08-14,3.08,3.08
Florida,FL,12,1203,03,2025-02-21,3.23,3.25
Florida,FL,12,1203,03,2024-08-21,3.45,3.53
Florida,FL,12,1204,04,2025-08-21,3.07,3.07
Florida,FL,12,1204,04,2025-08-14,2.98,2.98
Florida,FL,12,1204,04,2025-02-21,3.18,3.2
Florida,FL,12,1204,04,2024-08-21,3.45,3.53
Florida,FL,12,1205,05,2025-08-21,3.06,3.06
Florida,FL,12,1205,05,2025-08-14,2.99,2.99
Florida,FL,12,1205,05,2025-02-21,3.19,3.22
Florida,FL,12,1205,05,2024-08-21,3.45,3.53
Florida,FL,12,1206,06,2025-08-21,3.09,3.09
Florida,FL,12,1206,06,2025-08-14,3,3
Florida,FL,12,1206,06,2025-02-21,3.2,3.22
Florida,FL,12,1206,06,2024-08-21,3.44,3.51
Florida,FL,12,1207,07,2025-08-21,3.17,3.17
Florida,FL,12,1207,07,2025-08-14,3.04,3.04
Florida,FL,12,1207,07,2025-02-21,3.25,3.27
Florida,FL,12,1207,07,2024-08-21,3.47,3.55
Florida,FL,12,1208,08,2025-08-21,3.15,3.15
Florida,FL,12,1208,08,2025-08-14,2.98,2.98
Florida,FL,12,1208,08,2025-02-21,3.2,3.23
Florida,FL,12,1208,08,2024-08-21,3.45,3.53
Florida,FL,12,1209,09,2025-08-21,3.16,3.16
Florida,FL,12,1209,09,2025-08-14,3.05,3.05
Florida,FL,12,1209,09,2025-02-21,3.26,3.29
Florida,FL,12,1209,09,2024-08-21,3.48,3.56
Florida,FL,12,1210,10,2025-08-21,3.16,3.16
Florida,FL,12,1210,10,2025-08-14,3.03,3.03
Florida,FL,12,1210,10,2025-02-21,3.25,3.27
Florida,FL,12,1210,10,2024-08-21,3.47,3.55
Florida,FL,12,1211,11,2025-08-21,3.15,3.15
Florida,FL,12,1211,11,2025-08-14,3,3
Florida,FL,12,1211,11,2025-02-21,3.26,3.29
Florida,FL,12,1211,11,2024-08-21,3.48,3.56
Florida,FL,12,1212,12,2025-08-21,3.17,3.17
Florida,FL,12,1212,12,2025-08-14,3.05,3.05
Florida,FL,12,1212,12,2025-02-21,3.24,3.26
Florida,FL,12,1212,12,2024-08-21,3.49,3.57
Florida,FL,12,1213,13,2025-08-21,3.17,3.17
Florida,FL,12,1213,13,2025-08-14,3.07,3.07
Florida,FL,12,1213,13,2025-02-21,3.25,3.28
Florida,FL,12,1213,13,2024-08-21,3.49,3.57
Florida,FL,12,1214,14,2025-08-21,3.17,3.17
Florida,FL,12,1214,14,2025-08-14,3.09,3.09
Florida,FL,12,1214,14,2025-02-21,3.27,3.3
Florida,FL,12,1214,14,2024-08-21,3.51,3.59
Florida,FL,12,1215,15,2025-08-21,3.17,3.17
Florida,FL,12,1215,15,2025-08-14,3.04,3.04
Florida,FL,12,1215,15,2025-02-21,3.24,3.27
Florida,FL,12,1215,15,2024-08-21,3.48,3.56
Florida,FL,12,1216,16,2025-08-21,3.15,3.15
Florida,FL,12,1216,16,2025-08-14,2.99,2.99
Florida,FL,12,1216,16,2025-02-21,3.23,3.26
Florida,FL,12,1216,16,2024-08-21,3.47,3.55
Florida,FL,12,1217,17,2025-08-21,3.16,3.16
Florida,FL,12,1217,17,2025-08-14,3.01,3.01
Florida,FL,12,1217,17,2025-02-21,3.22,3.24
Florida,FL,12,1217,17,2024-08-21,3.48,3.56
Florida,FL,12,1218,18,2025-08-21,3.13,3.13
Florida,FL,12,1218,18,2025-08-14,3.04,3.04
Florida,FL,12,1218,18,2025-02-21,3.22,3.24
Florida,FL,12,1218,18,2024-08-21,3.45,3.53
Florida,FL,12,1219,19,2025-08-21,3.16,3.16
Florida,FL,12,1219,19,2025-08-14,3.01,3.01
Florida,FL,12,1219,19,2025-02-21,3.22,3.25
Florida,FL,12,1219,19,2024-08-21,3.46,3.54
Florida,FL,12,1220,20,2025-08-21,3.17,3.17
Florida,FL,12,1220,20,2025-08-14,3.06,3.06
Florida,FL,12,1220,20,2025-02-21,3.24,3.26
Florida,FL,12,1220,20,2024-08-21,3.51,3.59
Florida,FL,12,1221,21,2025-08-21,3.23,3.23
Florida,FL,12,1221,21,2025-08-14,3.1,3.1
Florida,FL,12,1221,21,2025-02-21,3.29,3.32
Florida,FL,12,1221,21,2024-08-21,3.54,3.62
Florida,FL,12,1222,22,2025-08-21,3.2,3.2
Florida,FL,12,1222,22,2025-08-14,3.1,3.1
Florida,FL,12,1222,22,2025-02-21,3.29,3.31
Florida,FL,12,1222,22,2024-08-21,3.53,3.61
Florida,FL,12,1223,23,2025-08-21,3.29,3.29
Florida,FL,12,1223,23,2025-08-14,3.16,3.16
Florida,FL,12,1223,23,2025-02-21,3.35,3.38
Florida,FL,12,1223,23,2024-08-21,3.61,3.69
Florida,FL,12,1224,24,2025-08-21,3.2,3.2
Florida,FL,12,1224,24,2025-08-14,3.19,3.19
Florida,FL,12,1224,24,2025-02-21,3.43,3.46
Florida,FL,12,1224,24,2024-08-21,3.66,3.74
Florida,FL,12,1225,25,2025-08-21,3.16,3.16
Florida,FL,12,1225,25,2025-08-14,3.06,3.06
Florida,FL,12,1225,25,2025-02-21,3.21,3.24
Florida,FL,12,1225,25,2024-08-21,3.5,3.58
Florida,FL,12,1226,26,2025-08-21,3.03,3.03
Florida,FL,12,1226,26,2025-08-14,2.99,2.99
Florida,FL,12,1226,26,2025-02-21,3.15,3.17
Florida,FL,12,1226,26,2024-08-21,3.39,3.47
Florida,FL,12,1227,27,2025-08-21,3.2,3.2
Florida,FL,12,1227,27,2025-08-14,3.08,3.08
Florida,FL,12,1227,27,2025-02-21,3.26,3.29
Florida,FL,12,1227,27,2024-08-21,3.39,3.47
Florida,FL,12,1228,28,2025-08-21,3.18,3.18
Florida,FL,12,1228,28,2025-08-14,3.11,3.11
Florida,FL,12,1228,28,2025-02-21,3.28,3.3
Florida,FL,12,1228,28,2024-08-21,3.52,3.6
Georgia,GA,13,1301,01,2025-08-21,3,3
Georgia,GA,13,1301,01,2025-08-14,2.95,2.95
Georgia,GA,13,1301,01,2025-02-21,2.99,3.01
Georgia,GA,13,1301,01,2024-08-21,3.34,3.41
Georgia,GA,13,1302,02,2025-08-21,2.76,2.76
Georgia,GA,13,1302,02,2025-08-14,2.78,2.78
Georgia,GA,13,1302,02,2025-02-21,2.8,2.82
Georgia,GA,13,1302,02,2024-08-21,3.15,3.22
Georgia,GA,13,1303,03,2025-08-21,2.87,2.87
Georgia,GA,13,1303,03,2025-08-14,2.86,2.86
Georgia,GA,13,1303,03,2025-02-21,2.93,2.95
Georgia,GA,13,1303,03,2024-08-21,3.25,3.33
Georgia,GA,13,1304,04,2025-08-21,2.9,2.9
Georgia,GA,13,1304,04,2025-08-14,2.9,2.9
Georgia,GA,13,1304,04,2025-02-21,2.94,2.96
Georgia,GA,13,1304,04,2024-08-21,3.26,3.34
Georgia,GA,13,1305,05,2025-08-21,3.05,3.05
Georgia,GA,13,1305,05,2025-08-14,3.04,3.04
Georgia,GA,13,1305,05,2025-02-21,3.08,3.1
Georgia,GA,13,1305,05,2024-08-21,3.46,3.54
Georgia,GA,13,1306,06,2025-08-21,3,3
Georgia,GA,13,1306,06,2025-08-14,3.01,3.01
Georgia,GA,13,1306,06,2025-02-21,3.03,3.05
Georgia,GA,13,1306,06,2024-08-21,3.41,3.49
Georgia,GA,13,1307,07,2025-08-21,2.96,2.96
Georgia,GA,13,1307,07,2025-08-14,2.97,2.97
Georgia,GA,13,1307,07,2025-02-21,2.99,3.01
Georgia,GA,13,1307,07,2024-08-21,3.32,3.4
Georgia,GA,13,1308,08,2025-08-21,2.73,2.73
Georgia,GA,13,1308,08,2025-08-14,2.82,2.82
Georgia,GA,13,1308,08,2025-02-21,2.86,2.88
Georgia,GA,13,1308,08,2024-08-21,3.17,3.24
Georgia,GA,13,1309,09,2025-08-21,2.85,2.85
Georgia,GA,13,1309,09,2025-08-14,2.86,2.86
Georgia,GA,13,1309,09,2025-02-21,2.88,2.9
Georgia,GA,13,1309,09,2024-08-21,3.19,3.26
Georgia,GA,13,1310,10,2025-08-21,2.86,2.86
Georgia,GA,13,1310,10,2025-08-14,2.86,2.86
Georgia,GA,13,1310,10,2025-02-21,2.92,2.94
Georgia,GA,13,1310,10,2024-08-21,3.21,3.29
Georgia,GA,13,1311,11,2025-08-21,2.91,2.91
Georgia,GA,13,1311,11,2025-08-14,2.92,2.92
Georgia,GA,13,1311,11,2025-02-21,2.93,2.95
Georgia,GA,13,1311,11,2024-08-21,3.27,3.35
Georgia,GA,13,1312,12,2025-08-21,2.85,2.85
Georgia,GA,13,1312,12,2025-08-14,2.85,2.85
Georgia,GA,13,1312,12,2025-02-21,2.89,2.91
Georgia,GA,13,1312,12,2024-08-21,3.12,3.19
Georgia,GA,13,1313,13,2025-08-21,2.88,2.88
Georgia,GA,13,1313,13,2025-08-14,2.89,2.89
Georgia,GA,13,1313,13,2025-02-21,2.9,2.92
Georgia,GA,13,1313,13,2024-08-21,3.21,3.28
Georgia,GA,13,1314,14,2025-08-21,2.87,2.87
Georgia,GA,13,1314,14,2025-08-14,2.85,2.85
Georgia,GA,13,1314,14,2025-02-21,2.92,2.94
Georgia,GA,13,1314,14,2024-08-21,3.18,3.25
Hawaii,HI,15,1501,01,2025-08-21,4.35,4.35
Hawaii,HI,15,1501,01,2025-08-14,4.35,4.35
Hawaii,HI,15,1501,01,2025-02-21,4.45,4.49
Hawaii,HI,15,1501,01,2024-08-21,4.49,4.59
Hawaii,HI,15,1502,02,2025-08-21,4.2,4.2
Hawaii,HI,15,1502,02,2025-08-14,4.34,4.34
Hawaii,HI,15,1502,02,2025-02-21,4.38,4.42
Hawaii,HI,15,1502,02,2024-08-21,4.56,4.66
Idaho,ID,16,1601,01,2025-08-21,3.15,3.15
Idaho,ID,16,1601,01,2025-08-14,3.1,3.1
Idaho,ID,16,1601,01,2025-02-21,3.07,3.1
Idaho,ID,16,1601,01,2024-08-21,3.48,3.56
Idaho,ID,16,1602,02,2025-08-21,3.46,3.46
Idaho,ID,16,1602,02,2025-08-14,3.4,3.4
Idaho,ID,16,1602,02,2025-02-21,3.1,3.13
Idaho,ID,16,1602,02,2024-08-21,3.52,3.6
Illinois,IL,17,1701,01,2025-08-21,3.63,3.63
Illinois,IL,17,1701,01,2025-08-14,3.67,3.67
Illinois,IL,17,1701,01,2025-02-21,3.43,3.46
Illinois,IL,17,1701,01,2024-08-21,4.29,4.39
Illinois,IL,17,1702,02,2025-08-21,3.19,3.19
Illinois,IL,17,1702,02,2025-08-14,3.44,3.44
Illinois,IL,17,1702,02,2025-02-21,3.23,3.26
Illinois,IL,17,1702,02,2024-08-21,4.02,4.11
Illinois,IL,17,1703,03,2025-08-21,3.65,3.65
Illinois,IL,17,1703,03,2025-08-14,3.68,3.68
Illinois,IL,17,1703,03,2025-02-21,3.48,3.5
Illinois,IL,17,1703,03,2024-08-21,4.34,4.44
Illinois,IL,17,1704,04,2025-08-21,3.71,3.71
Illinois,IL,17,1704,04,2025-08-14,3.67,3.67
Illinois,IL,17,1704,04,2025-02-21,3.49,3.52
Illinois,IL,17,1704,04,2024-08-21,4.36,4.46
Illinois,IL,17,1705,05,2025-08-21,3.74,3.74
Illinois,IL,17,1705,05,2025-08-14,3.78,3.78
Illinois,IL,17,1705,05,2025-02-21,3.58,3.61
Illinois,IL,17,1705,05,2024-08-21,4.4,4.5
Illinois,IL,17,1706,06,2025-08-21,3.45,3.45
Illinois,IL,17,1706,06,2025-08-14,3.56,3.56
Illinois,IL,17,1706,06,2025-02-21,3.26,3.28
Illinois,IL,17,1706,06,2024-08-21,4.17,4.26
Illinois,IL,17,1707,07,2025-08-21,3.84,3.84
Illinois,IL,17,1707,07,2025-08-14,3.81,3.81
Illinois,IL,17,1707,07,2025-02-21,3.64,3.67
Illinois,IL,17,1707,07,2024-08-21,4.51,4.61
Illinois,IL,17,1708,08,2025-08-21,3.48,3.48
Illinois,IL,17,1708,08,2025-08-14,3.53,3.53
Illinois,IL,17,1708,08,2025-02-21,3.22,3.24
Illinois,IL,17,1708,08,2024-08-21,4.1,4.19
Illinois,IL,17,1709,09,2025-08-21,3.59,3.59
Illinois,IL,17,1709,09,2025-08-14,3.64,3.64
Illinois,IL,17,1709,09,2025-02-21,3.39,3.42
Illinois,IL,17,1709,09,2024-08-21,4.2,4.3
Illinois,IL,17,1710,10,2025-08-21,3.48,3.48
Illinois,IL,17,1710,10,2025-08-14,3.53,3.53
Illinois,IL,17,1710,10,2025-02-21,3.19,3.22
Illinois,IL,17,1710,10,2024-08-21,4.06,4.16
Illinois,IL,17,1711,11,2025-08-21,3.4,3.4
Illinois,IL,17,1711,11,2025-08-14,3.44,3.44
Illinois,IL,17,1711,11,2025-02-21,3.19,3.22
Illinois,IL,17,1711,11,2024-08-21,4.03,4.12
Illinois,IL,17,1712,12,2025-08-21,2.51,2.51
Illinois,IL,17,1712,12,2025-08-14,2.73,2.73
Illinois,IL,17,1712,12,2025-02-21,2.72,2.74
Illinois,IL,17,1712,12,2024-08-21,3.25,3.33
Illinois,IL,17,1713,13,2025-08-21,3.12,3.12
Illinois,IL,17,1713,13,2025-08-14,3.21,3.21
Illinois,IL,17,1713,13,2025-02-21,3.1,3.12
Illinois,IL,17,1713,13,2024-08-21,3.62,3.7
Illinois,IL,17,1714,14,2025-08-21,3.23,3.23
Illinois,IL,17,1714,14,2025-08-14,3.36,3.36
Illinois,IL,17,1714,14,2025-02-21,3.15,3.18
Illinois,IL,17,1714,14,2024-08-21,3.88,3.97
Illinois,IL,17,1715,15,2025-08-21,2.42,2.42
Illinois,IL,17,1715,15,2025-08-14,2.7,2.7
Illinois,IL,17,1715,15,2025-02-21,2.8,2.82
Illinois,IL,17,1715,15,2024-08-21,3.35,3.43
Illinois,IL,17,1716,16,2025-08-21,2.98,2.98
Illinois,IL,17,1716,16,2025-08-14,3.11,3.11
Illinois,IL,17,1716,16,2025-02-21,3.09,3.12
Illinois,IL,17,1716,16,2024-08-21,3.62,3.7
Illinois,IL,17,1717,17,2025-08-21,2.9,2.9
Illinois,IL,17,1717,17,2025-08-14,3.05,3.05
Illinois,IL,17,1717,17,2025-02-21,3.02,3.04
Illinois,IL,17,1717,17,2024-08-21,3.6,3.68
Indiana,IN,18,1801,01,2025-08-21,3.39,3.39
Indiana,IN,18,1801,01,2025-08-14,3.24,3.24
Indiana,IN,18,1801,01,2025-02-21,3.13,3.15
Indiana,IN,18,1801,01,2024-08-21,3.79,3.88
Indiana,IN,18,1802,02,2025-08-21,3.17,3.17
Indiana,IN,18,1802,02,2025-08-14,3.22,3.22
Indiana,IN,18,1802,02,2025-02-21,2.87,2.89
Indiana,IN,18,1802,02,2024-08-21,3.48,3.56
Indiana,IN,18,1803,03,2025-08-21,3.15,3.15
Indiana,IN,18,1803,03,2025-08-14,3.21,3.21
Indiana,IN,18,1803,03,2025-02-21,2.81,2.83
Indiana,IN,18,1803,03,2024-08-21,3.49,3.57
Indiana,IN,18,1804,04,2025-08-21,3.14,3.14
Indiana,IN,18,1804,04,2025-08-14,3.17,3.17
Indiana,IN,18,1804,04,2025-02-21,2.91,2.94
Indiana,IN,18,1804,04,2024-08-21,3.48,3.56
Indiana,IN,18,1805,05,2025-08-21,3.17,3.17
Indiana,IN,18,1805,05,2025-08-14,3.24,3.24
Indiana,IN,18,1805,05,2025-02-21,2.87,2.89
Indiana,IN,18,1805,05,2024-08-21,3.53,3.61
Indiana,IN,18,1806,06,2025-08-21,3.1,3.1
Indiana,IN,18,1806,06,2025-08-14,3.21,3.21
Indiana,IN,18,1806,06,2025-02-21,2.79,2.81
Indiana,IN,18,1806,06,2024-08-21,3.45,3.53
Indiana,IN,18,1807,07,2025-08-21,3.18,3.18
Indiana,IN,18,1807,07,2025-08-14,3.29,3.29
Indiana,IN,18,1807,07,2025-02-21,2.9,2.92
Indiana,IN,18,1807,07,2024-08-21,3.55,3.64
Indiana,IN,18,1808,08,2025-08-21,2.94,2.94
Indiana,IN,18,1808,08,2025-08-14,2.95,2.95
Indiana,IN,18,1808,08,2025-02-21,2.8,2.83
Indiana,IN,18,1808,08,2024-08-21,3.27,3.34
Indiana,IN,18,1809,09,2025-08-21,3.05,3.05
Indiana,IN,18,1809,09,2025-08-14,3.07,3.07
Indiana,IN,18,1809,09,2025-02-21,2.88,2.9
Indiana,IN,18,1809,09,2024-08-21,3.47,3.55
Iowa,IA,19,1901,01,2025-08-21,2.79,2.79
Iowa,IA,19,1901,01,2025-08-14,2.82,2.82
Iowa,IA,19,1901,01,2025-02-21,2.84,2.86
Iowa,IA,19,1901,01,2024-08-21,3.05,3.12
Iowa,IA,19,1902,02,2025-08-21,2.8,2.8
Iowa,IA,19,1902,02,2025-08-14,2.87,2.87
Iowa,IA,19,1902,02,2025-02-21,2.86,2.88
Iowa,IA,19,1902,02,2024-08-21,3.08,3.15
Iowa,IA,19,1903,03,2025-08-21,2.81,2.81
Iowa,IA,19,1903,03,2025-08-14,2.83,2.83
Iowa,IA,19,1903,03,2025-02-21,2.83,2.86
Iowa,IA,19,1903,03,2024-08-21,3.07,3.14
Iowa,IA,19,1904,04,2025-08-21,2.61,2.61
Iowa,IA,19,1904,04,2025-08-14,2.68,2.68
Iowa,IA,19,1904,04,2025-02-21,2.71,2.74
Iowa,IA,19,1904,04,2024-08-21,2.91,2.98
Kansas,KS,20,2001,01,2025-08-21,2.07,2.07
Kansas,KS,20,2001,01,2025-08-14,2.49,2.49
Kansas,KS,20,2001,01,2025-02-21,2.54,2.56
Kansas,KS,20,2001,01,2024-08-21,2.86,2.93
Kansas,KS,20,2002,02,2025-08-21,2.19,2.19
Kansas,KS,20,2002,02,2025-08-14,2.28,2.28
Kansas,KS,20,2002,02,2025-02-21,2.61,2.64
Kansas,KS,20,2002,02,2024-08-21,2.9,2.97
Kansas,KS,20,2003,03,2025-08-21,2.8,2.8
Kansas,KS,20,2003,03,2025-08-14,2.78,2.78
Kansas,KS,20,2003,03,2025-02-21,2.85,2.87
Kansas,KS,20,2003,03,2024-08-21,3.13,3.21
Kansas,KS,20,2004,04,2025-08-21,2.38,2.38
Kansas,KS,20,2004,04,2025-08-14,2.65,2.65
Kansas,KS,20,2004,04,2025-02-21,2.78,2.8
Kansas,KS,20,2004,04,2024-08-21,3.16,3.24
Kentucky,KY,21,2101,01,2025-08-21,2.67,2.67
Kentucky,KY,21,2101,01,2025-08-14,2.67,2.67
Kentucky,KY,21,2101,01,2025-02-21,2.63,2.65
Kentucky,KY,21,2101,01,2024-08-21,2.93,2.99
Kentucky,KY,21,2102,02,2025-08-21,2.75,2.75
Kentucky,KY,21,2102,02,2025-08-14,2.69,2.69
Kentucky,KY,21,2102,02,2025-02-21,2.62,2.64
Kentucky,KY,21,2102,02,2024-08-21,2.99,3.06
Kentucky,KY,21,2103,03,2025-08-21,3.17,3.17
Kentucky,KY,21,2103,03,2025-08-14,3.06,3.06
Kentucky,KY,21,2103,03,2025-02-21,2.95,2.98
Kentucky,KY,21,2103,03,2024-08-21,3.58,3.67
Kentucky,KY,21,2104,04,2025-08-21,2.92,2.92
Kentucky,KY,21,2104,04,2025-08-14,2.87,2.87
Kentucky,KY,21,2104,04,2025-02-21,2.71,2.73
Kentucky,KY,21,2104,04,2024-08-21,3.18,3.26
Kentucky,KY,21,2105,05,2025-08-21,2.59,2.59
Kentucky,KY,21,2105,05,2025-08-14,2.58,2.58
Kentucky,KY,21,2105,05,2025-02-21,2.58,2.6
Kentucky,KY,21,2105,05,2024-08-21,2.92,2.99
Kentucky,KY,21,2106,06,2025-08-21,3.03,3.03
Kentucky,KY,21,2106,06,2025-08-14,2.86,2.86
Kentucky,KY,21,2106,06,2025-02-21,2.81,2.83
Kentucky,KY,21,2106,06,2024-08-21,3.22,3.3
Louisiana,LA,22,2201,01,2025-08-21,2.76,2.76
Louisiana,LA,22,2201,01,2025-08-14,2.75,2.75
Louisiana,LA,22,2201,01,2025-02-21,2.77,2.79
Louisiana,LA,22,2201,01,2024-08-21,3.03,3.1
Louisiana,LA,22,2202,02,2025-08-21,2.76,2.76
Louisiana,LA,22,2202,02,2025-08-14,2.76,2.76
Louisiana,LA,22,2202,02,2025-02-21,2.75,2.77
Louisiana,LA,22,2202,02,2024-08-21,3.06,3.13
Louisiana,LA,22,2203,03,2025-08-21,2.69,2.69
Louisiana,LA,22,2203,03,2025-08-14,2.68,2.68
Louisiana,LA,22,2203,03,2025-02-21,2.73,2.75
Louisiana,LA,22,2203,03,2024-08-21,2.96,3.03
Louisiana,LA,22,2204,04,2025-08-21,2.57,2.57
Louisiana,LA,22,2204,04,2025-08-14,2.57,2.57
Louisiana,LA,22,2204,04,2025-02-21,2.57,2.59
Louisiana,LA,22,2204,04,2024-08-21,2.83,2.89
Louisiana,LA,22,2205,05,2025-08-21,2.56,2.56
Louisiana,LA,22,2205,05,2025-08-14,2.63,2.63
Louisiana,LA,22,2205,05,2025-02-21,2.65,2.67
Louisiana,LA,22,2205,05,2024-08-21,2.91,2.97
Louisiana,LA,22,2206,06,2025-08-21,2.54,2.54
Louisiana,LA,22,2206,06,2025-08-14,2.52,2.52
Louisiana,LA,22,2206,06,2025-02-21,2.51,2.53
Louisiana,LA,22,2206,06,2024-08-21,2.76,2.83
Maine,ME,23,2301,01,2025-08-21,2.44,2.44
Maine,ME,23,2301,01,2025-08-14,2.72,2.72
Maine,ME,23,2301,01,2025-02-21,2.77,2.79
Maine,ME,23,2301,01,2024-08-21,3.24,3.31
Maine,ME,23,2302,02,2025-08-21,2.49,2.49
Maine,ME,23,2302,02,2025-08-14,2.62,2.62
Maine,ME,23,2302,02,2025-02-21,2.63,2.65
Maine,ME,23,2302,02,2024-08-21,2.91,2.98
Maryland,MD,24,2401,01,2025-08-21,3.04,3.04
Maryland,MD,24,2401,01,2025-08-14,2.93,2.93
Maryland,MD,24,2401,01,2025-02-21,3.04,3.06
Maryland,MD,24,2401,01,2024-08-21,3.2,3.27
Maryland,MD,24,2402,02,2025-08-21,3.13,3.13
Maryland,MD,24,2402,02,2025-08-14,3.02,3.02
Maryland,MD,24,2402,02,2025-02-21,3.13,3.16
Maryland,MD,24,2402,02,2024-08-21,3.32,3.4
Maryland,MD,24,2403,03,2025-08-21,3.24,3.24
Maryland,MD,24,2403,03,2025-08-14,3.16,3.16
Maryland,MD,24,2403,03,2025-02-21,3.21,3.24
Maryland,MD,24,2403,03,2024-08-21,3.46,3.54
Maryland,MD,24,2404,04,2025-08-21,3.2,3.2
Maryland,MD,24,2404,04,2025-08-14,3.16,3.16
Maryland,MD,24,2404,04,2025-02-21,3.18,3.21
Maryland,MD,24,2404,04,2024-08-21,3.45,3.53
Maryland,MD,24,2405,05,2025-08-21,3.13,3.13
Maryland,MD,24,2405,05,2025-08-14,3.03,3.03
Maryland,MD,24,2405,05,2025-02-21,3.15,3.17
Maryland,MD,24,2405,05,2024-08-21,3.34,3.42
Maryland,MD,24,2406,06,2025-08-21,3.02,3.02
Maryland,MD,24,2406,06,2025-08-14,2.93,2.93
Maryland,MD,24,2406,06,2025-02-21,3.11,3.13
Maryland,MD,24,2406,06,2024-08-21,3.31,3.39
Maryland,MD,24,2407,07,2025-08-21,3.17,3.17
Maryland,MD,24,2407,07,2025-08-14,3.07,3.07
Maryland,MD,24,2407,07,2025-02-21,3.19,3.21
Maryland,MD,24,2407,07,2024-08-21,3.39,3.46
Maryland,MD,24,2408,08,2025-08-21,3.3,3.3
Maryland,MD,24,2408,08,2025-08-14,3.29,3.29
Maryland,MD,24,2408,08,2025-02-21,3.31,3.34
Maryland,MD,24,2408,08,2024-08-21,3.62,3.7
Massachusetts,MA,25,2501,01,2025-08-21,2.9,2.9
Massachusetts,MA,25,2501,01,2025-08-14,2.88,2.88
Massachusetts,MA,25,2501,01,2025-02-21,2.9,2.92
Massachusetts,MA,25,2501,01,2024-08-21,3.25,3.32
Massachusetts,MA,25,2502,02,2025-08-21,2.96,2.96
Massachusetts,MA,25,2502,02,2025-08-14,2.95,2.95
Massachusetts,MA,25,2502,02,2025-02-21,2.89,2.91
Massachusetts,MA,25,2502,02,2024-08-21,3.33,3.4
Massachusetts,MA,25,2503,03,2025-08-21,2.87,2.87
Massachusetts,MA,25,2503,03,2025-08-14,3.04,3.04
Massachusetts,MA,25,2503,03,2025-02-21,3.03,3.06
Massachusetts,MA,25,2503,03,2024-08-21,3.41,3.49
Massachusetts,MA,25,2504,04,2025-08-21,3.06,3.06
Massachusetts,MA,25,2504,04,2025-08-14,3.05,3.05
Massachusetts,MA,25,2504,04,2025-02-21,3.02,3.04
Massachusetts,MA,25,2504,04,2024-08-21,3.44,3.52
Massachusetts,MA,25,2505,05,2025-08-21,3.14,3.14
Massachusetts,MA,25,2505,05,2025-08-14,3.12,3.12
Massachusetts,MA,25,2505,05,2025-02-21,3.1,3.12
Massachusetts,MA,25,2505,05,2024-08-21,3.52,3.6
Massachusetts,MA,25,2506,06,2025-08-21,3.04,3.04
Massachusetts,MA,25,2506,06,2025-08-14,3.01,3.01
Massachusetts,MA,25,2506,06,2025-02-21,3,3.02
Massachusetts,MA,25,2506,06,2024-08-21,3.41,3.48
Massachusetts,MA,25,2507,07,2025-08-21,3.28,3.28
Massachusetts,MA,25,2507,07,2025-08-14,3.25,3.25
Massachusetts,MA,25,2507,07,2025-02-21,3.24,3.26
Massachusetts,MA,25,2507,07,2024-08-21,3.64,3.72
Massachusetts,MA,25,2508,08,2025-08-21,3.12,3.12
Massachusetts,MA,25,2508,08,2025-08-14,3.09,3.09
Massachusetts,MA,25,2508,08,2025-02-21,3.08,3.1
Massachusetts,MA,25,2508,08,2024-08-21,3.48,3.56
Massachusetts,MA,25,2509,09,2025-08-21,3.04,3.04
Massachusetts,MA,25,2509,09,2025-08-14,3.06,3.06
Massachusetts,MA,25,2509,09,2025-02-21,3.03,3.05
Massachusetts,MA,25,2509,09,2024-08-21,3.47,3.55
Michigan,MI,26,2601,01,2025-08-21,2.98,2.98
Michigan,MI,26,2601,01,2025-08-14,2.93,2.93
Michigan,MI,26,2601,01,2025-02-21,2.86,2.88
Michigan,MI,26,2601,01,2024-08-21,3.37,3.44
Michigan,MI,26,2602,02,2025-08-21,3.16,3.16
Michigan,MI,26,2602,02,2025-08-14,2.99,2.99
Michigan,MI,26,2602,02,2025-02-21,2.88,2.9
Michigan,MI,26,2602,02,2024-08-21,3.49,3.57
Michigan,MI,26,2603,03,2025-08-21,3.34,3.34
Michigan,MI,26,2603,03,2025-08-14,3.18,3.18
Michigan,MI,26,2603,03,2025-02-21,2.99,3.01
Michigan,MI,26,2603,03,2024-08-21,3.65,3.73
Michigan,MI,26,2604,04,2025-08-21,3.26,3.26
Michigan,MI,26,2604,04,2025-08-14,3.09,3.09
Michigan,MI,26,2604,04,2025-02-21,2.93,2.96
Michigan,MI,26,2604,04,2024-08-21,3.67,3.75
Michigan,MI,26,2605,05,2025-08-21,3.03,3.03
Michigan,MI,26,2605,05,2025-08-14,2.92,2.92
Michigan,MI,26,2605,05,2025-02-21,2.81,2.84
Michigan,MI,26,2605,05,2024-08-21,3.36,3.44
Michigan,MI,26,2606,06,2025-08-21,3.32,3.32
Michigan,MI,26,2606,06,2025-08-14,3.23,3.23
Michigan,MI,26,2606,06,2025-02-21,3.14,3.17
Michigan,MI,26,2606,06,2024-08-21,3.7,3.78
Michigan,MI,26,2607,07,2025-08-21,3.32,3.32
Michigan,MI,26,2607,07,2025-08-14,3.17,3.17
Michigan,MI,26,2607,07,2025-02-21,3.04,3.06
Michigan,MI,26,2607,07,2024-08-21,3.68,3.76
Michigan,MI,26,2608,08,2025-08-21,3.28,3.28
Michigan,MI,26,2608,08,2025-08-14,3.07,3.07
Michigan,MI,26,2608,08,2025-02-21,2.98,3.01
Michigan,MI,26,2608,08,2024-08-21,3.54,3.62
Michigan,MI,26,2609,09,2025-08-21,3.07,3.07
Michigan,MI,26,2609,09,2025-08-14,2.98,2.98
Michigan,MI,26,2609,09,2025-02-21,2.89,2.92
Michigan,MI,26,2609,09,2024-08-21,3.38,3.45
Michigan,MI,26,2610,10,2025-08-21,3.32,3.32
Michigan,MI,26,2610,10,2025-08-14,3.2,3.2
Michigan,MI,26,2610,10,2025-02-21,3.14,3.16
Michigan,MI,26,2610,10,2024-08-21,3.67,3.76
Michigan,MI,26,2611,11,2025-08-21,3.33,3.33
Michigan,MI,26,2611,11,2025-08-14,3.28,3.28
Michigan,MI,26,2611,11,2025-02-21,3.19,3.22
Michigan,MI,26,2611,11,2024-08-21,3.72,3.81
Michigan,MI,26,2612,12,2025-08-21,3.16,3.16
Michigan,MI,26,2612,12,2025-08-14,3.16,3.16
Michigan,MI,26,2612,12,2025-02-21,3.13,3.16
Michigan,MI,26,2612,12,2024-08-21,3.63,3.71
Michigan,MI,26,2613,13,2025-08-21,3.18,3.18
Michigan,MI,26,2613,13,2025-08-14,3.16,3.16
Michigan,MI,26,2613,13,2025-02-21,3.16,3.18
Michigan,MI,26,2613,13,2024-08-21,3.66,3.75
Minnesota,MN,27,2701,01,2025-08-21,2.88,2.88
Minnesota,MN,27,2701,01,2025-08-14,2.91,2.91
Minnesota,MN,27,2701,01,2025-02-21,2.98,3
Minnesota,MN,27,2701,01,2024-08-21,3.17,3.25
Minnesota,MN,27,2702,02,2025-08-21,3.03,3.03
Minnesota,MN,27,2702,02,2025-08-14,3.03,3.03
Minnesota,MN,27,2702,02,2025-02-21,3.08,3.11
Minnesota,MN,27,2702,02,2024-08-21,3.33,3.41
Minnesota,MN,27,2703,03,2025-08-21,3.05,3.05
Minnesota,MN,27,2703,03,2025-08-14,3.07,3.07
Minnesota,MN,27,2703,03,2025-02-21,3.06,3.08
Minnesota,MN,27,2703,03,2024-08-21,3.36,3.44
Minnesota,MN,27,2704,04,2025-08-21,3.02,3.02
Minnesota,MN,27,2704,04,2025-08-14,3.06,3.06
Minnesota,MN,27,2704,04,2025-02-21,3.07,3.09
Minnesota,MN,27,2704,04,2024-08-21,3.36,3.44
Minnesota,MN,27,2705,05,2025-08-21,3.07,3.07
Minnesota,MN,27,2705,05,2025-08-14,3.1,3.1
Minnesota,MN,27,2705,05,2025-02-21,3.09,3.11
Minnesota,MN,27,2705,05,2024-08-21,3.44,3.52
Minnesota,MN,27,2706,06,2025-08-21,2.95,2.95
Minnesota,MN,27,2706,06,2025-08-14,3.01,3.01
Minnesota,MN,27,2706,06,2025-02-21,3.07,3.1
Minnesota,MN,27,2706,06,2024-08-21,3.29,3.36
Minnesota,MN,27,2707,07,2025-08-21,2.7,2.7
Minnesota,MN,27,2707,07,2025-08-14,2.77,2.77
Minnesota,MN,27,2707,07,2025-02-21,2.9,2.93
Minnesota,MN,27,2707,07,2024-08-21,3.14,3.22
Minnesota,MN,27,2708,08,2025-08-21,2.76,2.76
Minnesota,MN,27,2708,08,2025-08-14,2.86,2.86
Minnesota,MN,27,2708,08,2025-02-21,2.9,2.92
Minnesota,MN,27,2708,08,2024-08-21,3.14,3.21
Mississippi,MS,28,2801,01,2025-08-21,2.64,2.64
Mississippi,MS,28,2801,01,2025-08-14,2.65,2.65
Mississippi,MS,28,2801,01,2025-02-21,2.62,2.64
Mississippi,MS,28,2801,01,2024-08-21,2.91,2.97
Mississippi,MS,28,2802,02,2025-08-21,2.5,2.5
Mississippi,MS,28,2802,02,2025-08-14,2.52,2.52
Mississippi,MS,28,2802,02,2025-02-21,2.52,2.54
Mississippi,MS,28,2802,02,2024-08-21,2.77,2.83
Mississippi,MS,28,2803,03,2025-08-21,2.6,2.6
Mississippi,MS,28,2803,03,2025-08-14,2.61,2.61
Mississippi,MS,28,2803,03,2025-02-21,2.58,2.6
Mississippi,MS,28,2803,03,2024-08-21,2.86,2.92
Mississippi,MS,28,2804,04,2025-08-21,2.67,2.67
Mississippi,MS,28,2804,04,2025-08-14,2.67,2.67
Mississippi,MS,28,2804,04,2025-02-21,2.63,2.65
Mississippi,MS,28,2804,04,2024-08-21,2.92,2.99
Missouri,MO,29,2901,01,2025-08-21,2.84,2.84
Missouri,MO,29,2901,01,2025-08-14,2.85,2.85
Missouri,MO,29,2901,01,2025-02-21,2.82,2.85
Missouri,MO,29,2901,01,2024-08-21,3.16,3.23
Missouri,MO,29,2902,02,2025-08-21,2.9,2.9
Missouri,MO,29,2902,02,2025-08-14,2.88,2.88
Missouri,MO,29,2902,02,2025-02-21,2.89,2.92
Missouri,MO,29,2902,02,2024-08-21,3.18,3.25
Missouri,MO,29,2903,03,2025-08-21,2.71,2.71
Missouri,MO,29,2903,03,2025-08-14,2.76,2.76
Missouri,MO,29,2903,03,2025-02-21,2.76,2.78
Missouri,MO,29,2903,03,2024-08-21,3.15,3.22
Missouri,MO,29,2904,04,2025-08-21,2.2,2.2
Missouri,MO,29,2904,04,2025-08-14,2.47,2.47
Missouri,MO,29,2904,04,2025-02-21,2.62,2.64
Missouri,MO,29,2904,04,2024-08-21,2.93,3
Missouri,MO,29,2905,05,2025-08-21,2.89,2.89
Missouri,MO,29,2905,05,2025-08-14,2.87,2.87
Missouri,MO,29,2905,05,2025-02-21,2.86,2.88
Missouri,MO,29,2905,05,2024-08-21,3.17,3.24
Missouri,MO,29,2906,06,2025-08-21,2.38,2.38
Missouri,MO,29,2906,06,2025-08-14,2.51,2.51
Missouri,MO,29,2906,06,2025-02-21,2.55,2.57
Missouri,MO,29,2906,06,2024-08-21,2.88,2.94
Missouri,MO,29,2907,07,2025-08-21,2.64,2.64
Missouri,MO,29,2907,07,2025-08-14,2.58,2.58
Missouri,MO,29,2907,07,2025-02-21,2.65,2.67
Missouri,MO,29,2907,07,2024-08-21,2.99,3.06
Missouri,MO,29,2908,08,2025-08-21,2.37,2.37
Missouri,MO,29,2908,08,2025-08-14,2.49,2.49
Missouri,MO,29,2908,08,2025-02-21,2.53,2.55
Missouri,MO,29,2908,08,2024-08-21,2.97,3.04
Montana,MT,30,3001,01,2025-08-21,2.97,2.97
Montana,MT,30,3001,01,2025-08-14,2.99,2.99
Montana,MT,30,3001,01,2025-02-21,2.81,2.83
Montana,MT,30,3001,01,2024-08-21,3.41,3.49
Montana,MT,30,3002,02,2025-08-21,2.52,2.52
Montana,MT,30,3002,02,2025-08-14,2.85,2.85
Montana,MT,30,3002,02,2025-02-21,2.73,2.75
Montana,MT,30,3002,02,2024-08-21,3.21,3.29
Nebraska,NE,31,3101,01,2025-08-21,2.73,2.73
Nebraska,NE,31,3101,01,2025-08-14,2.73,2.73
Nebraska,NE,31,3101,01,2025-02-21,2.74,2.76
Nebraska,NE,31,3101,01,2024-08-21,3.07,3.14
Nebraska,NE,31,3102,02,2025-08-21,2.93,2.93
Nebraska,NE,31,3102,02,2025-08-14,2.82,2.82
Nebraska,NE,31,3102,02,2025-02-21,2.9,2.93
Nebraska,NE,31,3102,02,2024-08-21,3.19,3.26
Nebraska,NE,31,3103,03,2025-08-21,2.46,2.46
Nebraska,NE,31,3103,03,2025-08-14,2.54,2.54
Nebraska,NE,31,3103,03,2025-02-21,2.6,2.62
Nebraska,NE,31,3103,03,2024-08-21,2.86,2.93
Nevada,NV,32,3201,01,2025-08-21,3.54,3.54
Nevada,NV,32,3201,01,2025-08-14,3.57,3.57
Nevada,NV,32,3201,01,2025-02-21,3.63,3.66
Nevada,NV,32,3201,01,2024-08-21,3.88,3.97
Nevada,NV,32,3202,02,2025-08-21,3.8,3.8
Nevada,NV,32,3202,02,2025-08-14,3.73,3.73
Nevada,NV,32,3202,02,2025-02-21,3.63,3.66
Nevada,NV,32,3202,02,2024-08-21,3.96,4.05
Nevada,NV,32,3203,03,2025-08-21,3.73,3.73
Nevada,NV,32,3203,03,2025-08-14,3.74,3.74
Nevada,NV,32,3203,03,2025-02-21,3.8,3.83
Nevada,NV,32,3203,03,2024-08-21,3.93,4.02
Nevada,NV,32,3204,04,2025-08-21,3.59,3.59
Nevada,NV,32,3204,04,2025-08-14,3.6,3.6
Nevada,NV,32,3204,04,2025-02-21,3.67,3.7
Nevada,NV,32,3204,04,2024-08-21,3.81,3.9
New Hampshire,NH,33,3301,01,2025-08-21,2.86,2.86
New Hampshire,NH,33,3301,01,2025-08-14,2.86,2.86
New Hampshire,NH,33,3301,01,2025-02-21,2.81,2.83
New Hampshire,NH,33,3301,01,2024-08-21,3.26,3.34
New Hampshire,NH,33,3302,02,2025-08-21,2.35,2.35
New Hampshire,NH,33,3302,02,2025-08-14,2.61,2.61
New Hampshire,NH,33,3302,02,2025-02-21,2.66,2.68
New Hampshire,NH,33,3302,02,2024-08-21,3.11,3.18
New Jersey,NJ,34,3401,01,2025-08-21,3.04,3.04
New Jersey,NJ,34,3401,01,2025-08-14,3.02,3.02
New Jersey,NJ,34,3401,01,2025-02-21,3.01,3.04
New Jersey,NJ,34,3401,01,2024-08-21,3.28,3.35
New Jersey,NJ,34,3402,02,2025-08-21,3.02,3.02
New Jersey,NJ,34,3402,02,2025-08-14,2.96,2.96
New Jersey,NJ,34,3402,02,2025-02-21,3.01,3.03
New Jersey,NJ,34,3402,02,2024-08-21,3.25,3.33
New Jersey,NJ,34,3403,03,2025-08-21,2.96,2.96
New Jersey,NJ,34,3403,03,2025-08-14,3.02,3.02
New Jersey,NJ,34,3403,03,2025-02-21,3.04,3.06
New Jersey,NJ,34,3403,03,2024-08-21,3.3,3.38
New Jersey,NJ,34,3404,04,2025-08-21,3.15,3.15
New Jersey,NJ,34,3404,04,2025-08-14,3.08,3.08
New Jersey,NJ,34,3404,04,2025-02-21,3.08,3.1
New Jersey,NJ,34,3404,04,2024-08-21,3.35,3.42
New Jersey,NJ,34,3405,05,2025-08-21,3.05,3.05
New Jersey,NJ,34,3405,05,2025-08-14,3.03,3.03
New Jersey,NJ,34,3405,05,2025-02-21,3.05,3.08
New Jersey,NJ,34,3405,05,2024-08-21,3.36,3.44
New Jersey,NJ,34,3406,06,2025-08-21,3.12,3.12
New Jersey,NJ,34,3406,06,2025-08-14,3.08,3.08
New Jersey,NJ,34,3406,06,2025-02-21,3.05,3.08
New Jersey,NJ,34,3406,06,2024-08-21,3.35,3.43
New Jersey,NJ,34,3407,07,2025-08-21,3.08,3.08
New Jersey,NJ,34,3407,07,2025-08-14,3.03,3.03
New Jersey,NJ,34,3407,07,2025-02-21,3.02,3.05
New Jersey,NJ,34,3407,07,2024-08-21,3.33,3.4
New Jersey,NJ,34,3408,08,2025-08-21,3.11,3.11
New Jersey,NJ,34,3408,08,2025-08-14,3.09,3.09
New Jersey,NJ,34,3408,08,2025-02-21,3.08,3.1
New Jersey,NJ,34,3408,08,2024-08-21,3.44,3.52
New Jersey,NJ,34,3409,09,2025-08-21,3.08,3.08
New Jersey,NJ,34,3409,09,2025-08-14,3.06,3.06
New Jersey,NJ,34,3409,09,2025-02-21,3.06,3.08
New Jersey,NJ,34,3409,09,2024-08-21,3.36,3.43
New Jersey,NJ,34,3410,10,2025-08-21,3.13,3.13
New Jersey,NJ,34,3410,10,2025-08-14,3.12,3.12
New Jersey,NJ,34,3410,10,2025-02-21,3.11,3.13
New Jersey,NJ,34,3410,10,2024-08-21,3.43,3.51
New Jersey,NJ,34,3411,11,2025-08-21,3.05,3.05
New Jersey,NJ,34,3411,11,2025-08-14,3,3
New Jersey,NJ,34,3411,11,2025-02-21,3.01,3.04
New Jersey,NJ,34,3411,11,2024-08-21,3.3,3.37
New Jersey,NJ,34,3412,12,2025-08-21,2.79,2.79
New Jersey,NJ,34,3412,12,2025-08-14,2.96,2.96
New Jersey,NJ,34,3412,12,2025-02-21,2.96,2.98
New Jersey,NJ,34,3412,12,2024-08-21,3.23,3.31
New Mexico,NM,35,3501,01,2025-08-21,2.9,2.9
New Mexico,NM,35,3501,01,2025-08-14,2.97,2.97
New Mexico,NM,35,3501,01,2025-02-21,2.91,2.94
New Mexico,NM,35,3501,01,2024-08-21,3.19,3.27
New Mexico,NM,35,3502,02,2025-08-21,2.7,2.7
New Mexico,NM,35,3502,02,2025-08-14,2.77,2.77
New Mexico,NM,35,3502,02,2025-02-21,2.78,2.81
New Mexico,NM,35,3502,02,2024-08-21,3.02,3.09
New Mexico,NM,35,3503,03,2025-08-21,2.57,2.57
New Mexico,NM,35,3503,03,2025-08-14,2.53,2.53
New Mexico,NM,35,3503,03,2025-02-21,2.61,2.63
New Mexico,NM,35,3503,03,2024-08-21,3.01,3.08
New York,NY,36,3601,01,2025-08-21,3.16,3.16
New York,NY,36,3601,01,2025-08-14,3.16,3.16
New York,NY,36,3601,01,2025-02-21,3.09,3.12
New York,NY,36,3601,01,2024-08-21,3.59,3.67
New York,NY,36,3602,02,2025-08-21,3.09,3.09
New York,NY,36,3602,02,2025-08-14,3.04,3.04
New York,NY,36,3602,02,2025-02-21,3.02,3.04
New York,NY,36,3602,02,2024-08-21,3.42,3.5
New York,NY,36,3603,03,2025-08-21,3.03,3.03
New York,NY,36,3603,03,2025-08-14,3.03,3.03
New York,NY,36,3603,03,2025-02-21,2.99,3.01
New York,NY,36,3603,03,2024-08-21,3.51,3.59
New York,NY,36,3604,04,2025-08-21,2.9,2.9
New York,NY,36,3604,04,2025-08-14,3.05,3.05
New York,NY,36,3604,04,2025-02-21,2.97,3
New York,NY,36,3604,04,2024-08-21,3.44,3.52
New York,NY,36,3605,05,2025-08-21,3.14,3.14
New York,NY,36,3605,05,2025-08-14,3.1,3.1
New York,NY,36,3605,05,2025-02-21,3.12,3.15
New York,NY,36,3605,05,2024-08-21,3.51,3.6
New York,NY,36,3606,06,2025-08-21,3.24,3.24
New York,NY,36,3606,06,2025-08-14,3.21,3.21
New York,NY,36,3606,06,2025-02-21,3.21,3.23
New York,NY,36,3606,06,2024-08-21,3.62,3.7
New York,NY,36,3607,07,2025-08-21,3.19,3.19
New York,NY,36,3607,07,2025-08-14,3.17,3.17
New York,NY,36,3607,07,2025-02-21,3.16,3.19
New York,NY,36,3607,07,2024-08-21,3.57,3.66
New York,NY,36,3608,08,2025-08-21,3.17,3.17
New York,NY,36,3608,08,2025-08-14,3.14,3.14
New York,NY,36,3608,08,2025-02-21,3.13,3.16
New York,NY,36,3608,08,2024-08-21,3.51,3.59
New York,NY,36,3609,09,2025-08-21,3.19,3.19
New York,NY,36,3609,09,2025-08-14,3.14,3.14
New York,NY,36,3609,09,2025-02-21,3.12,3.15
New York,NY,36,3609,09,2024-08-21,3.51,3.59
New York,NY,36,3610,10,2025-08-21,3.22,3.22
New York,NY,36,3610,10,2025-08-14,3.21,3.21
New York,NY,36,3610,10,2025-02-21,3.18,3.2
New York,NY,36,3610,10,2024-08-21,3.64,3.72
New York,NY,36,3611,11,2025-08-21,3.25,3.25
New York,NY,36,3611,11,2025-08-14,3.24,3.24
New York,NY,36,3611,11,2025-02-21,3.2,3.22
New York,NY,36,3611,11,2024-08-21,3.61,3.69
New York,NY,36,3612,12,2025-08-21,3.21,3.21
New York,NY,36,3612,12,2025-08-14,3.17,3.17
New York,NY,36,3612,12,2025-02-21,3.15,3.18
New York,NY,36,3612,12,2024-08-21,3.69,3.77
New York,NY,36,3613,13,2025-08-21,3.2,3.2
New York,NY,36,3613,13,2025-08-14,3.16,3.16
New York,NY,36,3613,13,2025-02-21,3.18,3.2
New York,NY,36,3613,13,2024-08-21,3.67,3.75
New York,NY,36,3614,14,2025-08-21,3.25,3.25
New York,NY,36,3614,14,2025-08-14,3.2,3.2
New York,NY,36,3614,14,2025-02-21,3.24,3.26
New York,NY,36,3614,14,2024-08-21,3.68,3.76
New York,NY,36,3615,15,2025-08-21,3.2,3.2
New York,NY,36,3615,15,2025-08-14,3.16,3.16
New York,NY,36,3615,15,2025-02-21,3.18,3.21
New York,NY,36,3615,15,2024-08-21,3.67,3.76
New York,NY,36,3616,16,2025-08-21,3.34,3.34
New York,NY,36,3616,16,2025-08-14,3.32,3.32
New York,NY,36,3616,16,2025-02-21,3.32,3.34
New York,NY,36,3616,16,2024-08-21,3.77,3.86
New York,NY,36,3617,17,2025-08-21,3.28,3.28
New York,NY,36,3617,17,2025-08-14,3.35,3.35
New York,NY,36,3617,17,2025-02-21,3.36,3.38
New York,NY,36,3617,17,2024-08-21,3.77,3.85
New York,NY,36,3618,18,2025-08-21,3.02,3.02
New York,NY,36,3618,18,2025-08-14,3.08,3.08
New York,NY,36,3618,18,2025-02-21,3.07,3.09
New York,NY,36,3618,18,2024-08-21,3.5,3.59
New York,NY,36,3619,19,2025-08-21,2.83,2.83
New York,NY,36,3619,19,2025-08-14,2.9,2.9
New York,NY,36,3619,19,2025-02-21,2.95,2.98
New York,NY,36,3619,19,2024-08-21,3.34,3.42
New York,NY,36,3620,20,2025-08-21,2.48,2.48
New York,NY,36,3620,20,2025-08-14,3.07,3.07
New York,NY,36,3620,20,2025-02-21,3.17,3.19
New York,NY,36,3620,20,2024-08-21,3.52,3.6
New York,NY,36,3621,21,2025-08-21,2.71,2.71
New York,NY,36,3621,21,2025-08-14,2.79,2.79
New York,NY,36,3621,21,2025-02-21,2.91,2.94
New York,NY,36,3621,21,2024-08-21,3.24,3.32
New York,NY,36,3622,22,2025-08-21,2.71,2.71
New York,NY,36,3622,22,2025-08-14,3.04,3.04
New York,NY,36,3622,22,2025-02-21,3.12,3.14
New York,NY,36,3622,22,2024-08-21,3.45,3.53
New York,NY,36,3623,23,2025-08-21,2.83,2.83
New York,NY,36,3623,23,2025-08-14,2.94,2.94
New York,NY,36,3623,23,2025-02-21,2.9,2.92
New York,NY,36,3623,23,2024-08-21,3.35,3.42
New York,NY,36,3624,24,2025-08-21,2.69,2.69
New York,NY,36,3624,24,2025-08-14,2.85,2.85
New York,NY,36,3624,24,2025-02-21,2.97,3
New York,NY,36,3624,24,2024-08-21,3.39,3.47
New York,NY,36,3625,25,2025-08-21,3.01,3.01
New York,NY,36,3625,25,2025-08-14,3.08,3.08
New York,NY,36,3625,25,2025-02-21,3.12,3.14
New York,NY,36,3625,25,2024-08-21,3.52,3.6
New York,NY,36,3626,26,2025-08-21,3.2,3.2
New York,NY,36,3626,26,2025-08-14,3.18,3.18
New York,NY,36,3626,26,2025-02-21,3.15,3.18
New York,NY,36,3626,26,2024-08-21,3.61,3.69
North Carolina,NC,37,3701,01,2025-08-21,2.7,2.7
North Carolina,NC,37,3701,01,2025-08-14,2.71,2.71
North Carolina,NC,37,3701,01,2025-02-21,2.71,2.74
North Carolina,NC,37,3701,01,2024-08-21,3.03,3.1
North Carolina,NC,37,3702,02,2025-08-21,2.9,2.9
North Carolina,NC,37,3702,02,2025-08-14,2.92,2.92
North Carolina,NC,37,3702,02,2025-02-21,2.95,2.98
North Carolina,NC,37,3702,02,2024-08-21,3.35,3.43
North Carolina,NC,37,3703,03,2025-08-21,2.75,2.75
North Carolina,NC,37,3703,03,2025-08-14,2.76,2.76
North Carolina,NC,37,3703,03,2025-02-21,2.79,2.81
North Carolina,NC,37,3703,03,2024-08-21,3.08,3.15
North Carolina,NC,37,3704,04,2025-08-21,2.88,2.88
North Carolina,NC,37,3704,04,2025-08-14,2.9,2.9
North Carolina,NC,37,3704,04,2025-02-21,2.95,2.98
North Carolina,NC,37,3704,04,2024-08-21,3.38,3.45
North Carolina,NC,37,3705,05,2025-08-21,2.73,2.73
North Carolina,NC,37,3705,05,2025-08-14,2.73,2.73
North Carolina,NC,37,3705,05,2025-02-21,2.75,2.77
North Carolina,NC,37,3705,05,2024-08-21,3.06,3.13
North Carolina,NC,37,3706,06,2025-08-21,2.88,2.88
North Carolina,NC,37,3706,06,2025-08-14,2.87,2.87
North Carolina,NC,37,3706,06,2025-02-21,2.9,2.92
North Carolina,NC,37,3706,06,2024-08-21,3.22,3.29
North Carolina,NC,37,3707,07,2025-08-21,2.79,2.79
North Carolina,NC,37,3707,07,2025-08-14,2.79,2.79
North Carolina,NC,37,3707,07,2025-02-21,2.84,2.86
North Carolina,NC,37,3707,07,2024-08-21,3.13,3.2
North Carolina,NC,37,3708,08,2025-08-21,2.89,2.89
North Carolina,NC,37,3708,08,2025-08-14,2.9,2.9
North Carolina,NC,37,3708,08,2025-02-21,2.91,2.93
North Carolina,NC,37,3708,08,2024-08-21,3.21,3.28
North Carolina,NC,37,3709,09,2025-08-21,2.83,2.83
North Carolina,NC,37,3709,09,2025-08-14,2.83,2.83
North Carolina,NC,37,3709,09,2025-02-21,2.9,2.92
North Carolina,NC,37,3709,09,2024-08-21,3.2,3.27
North Carolina,NC,37,3710,10,2025-08-21,2.85,2.85
North Carolina,NC,37,3710,10,2025-08-14,2.85,2.85
North Carolina,NC,37,3710,10,2025-02-21,2.88,2.9
North Carolina,NC,37,3710,10,2024-08-21,3.18,3.25
North Carolina,NC,37,3711,11,2025-08-21,2.82,2.82
North Carolina,NC,37,3711,11,2025-08-14,2.83,2.83
North Carolina,NC,37,3711,11,2025-02-21,2.86,2.88
North Carolina,NC,37,3711,11,2024-08-21,3.2,3.28
North Carolina,NC,37,3712,12,2025-08-21,2.95,2.95
North Carolina,NC,37,3712,12,2025-08-14,2.95,2.95
North Carolina,NC,37,3712,12,2025-02-21,2.97,3
North Carolina,NC,37,3712,12,2024-08-21,3.27,3.35
North Carolina,NC,37,3713,13,2025-08-21,2.83,2.83
North Carolina,NC,37,3713,13,2025-08-14,2.86,2.86
North Carolina,NC,37,3713,13,2025-02-21,2.88,2.9
North Carolina,NC,37,3713,13,2024-08-21,3.28,3.36
North Carolina,NC,37,3714,14,2025-08-21,2.88,2.88
North Carolina,NC,37,3714,14,2025-08-14,2.88,2.88
North Carolina,NC,37,3714,14,2025-02-21,2.9,2.92
North Carolina,NC,37,3714,14,2024-08-21,3.18,3.25
North Dakota,ND,38,3800,00,2025-08-21,2.48,2.48
North Dakota,ND,38,3800,00,2025-08-14,2.69,2.69
North Dakota,ND,38,3800,00,2025-02-21,2.76,2.78
North Dakota,ND,38,3800,00,2024-08-21,3.18,3.25
Ohio,OH,39,3901,01,2025-08-21,3.1,3.1
Ohio,OH,39,3901,01,2025-08-14,3.05,3.05
Ohio,OH,39,3901,01,2025-02-21,2.89,2.91
Ohio,OH,39,3901,01,2024-08-21,3.44,3.52
Ohio,OH,39,3902,02,2025-08-21,2.88,2.88
Ohio,OH,39,3902,02,2025-08-14,2.87,2.87
Ohio,OH,39,3902,02,2025-02-21,2.81,2.83
Ohio,OH,39,3902,02,2024-08-21,3.27,3.34
Ohio,OH,39,3903,03,2025-08-21,3.13,3.13
Ohio,OH,39,3903,03,2025-08-14,3.07,3.07
Ohio,OH,39,3903,03,2025-02-21,3.01,3.03
Ohio,OH,39,3903,03,2024-08-21,3.44,3.52
Ohio,OH,39,3904,04,2025-08-21,2.88,2.88
Ohio,OH,39,3904,04,2025-08-14,2.86,2.86
Ohio,OH,39,3904,04,2025-02-21,2.84,2.87
Ohio,OH,39,3904,04,2024-08-21,3.24,3.31
Ohio,OH,39,3905,05,2025-08-21,2.91,2.91
Ohio,OH,39,3905,05,2025-08-14,2.87,2.87
Ohio,OH,39,3905,05,2025-02-21,2.9,2.92
Ohio,OH,39,3905,05,2024-08-21,3.25,3.33
Ohio,OH,39,3906,06,2025-08-21,2.97,2.97
Ohio,OH,39,3906,06,2025-08-14,2.94,2.94
Ohio,OH,39,3906,06,2025-02-21,2.94,2.96
Ohio,OH,39,3906,06,2024-08-21,3.31,3.38
Ohio,OH,39,3907,07,2025-08-21,3.07,3.07
Ohio,OH,39,3907,07,2025-08-14,3,3
Ohio,OH,39,3907,07,2025-02-21,3.07,3.09
Ohio,OH,39,3907,07,2024-08-21,3.4,3.48
Ohio,OH,39,3908,08,2025-08-21,3.01,3.01
Ohio,OH,39,3908,08,2025-08-14,2.94,2.94
Ohio,OH,39,3908,08,2025-02-21,2.8,2.82
Ohio,OH,39,3908,08,2024-08-21,3.35,3.43
Ohio,OH,39,3909,09,2025-08-21,2.97,2.97
Ohio,OH,39,3909,09,2025-08-14,2.87,2.87
Ohio,OH,39,3909,09,2025-02-21,2.97,2.99
Ohio,OH,39,3909,09,2024-08-21,3.36,3.44
Ohio,OH,39,3910,10,2025-08-21,2.9,2.9
Ohio,OH,39,3910,10,2025-08-14,2.85,2.85
Ohio,OH,39,3910,10,2025-02-21,2.75,2.77
Ohio,OH,39,3910,10,2024-08-21,3.3,3.38
Ohio,OH,39,3911,11,2025-08-21,3.13,3.13
Ohio,OH,39,3911,11,2025-08-14,3.05,3.05
Ohio,OH,39,3911,11,2025-02-21,3.06,3.08
Ohio,OH,39,3911,11,2024-08-21,3.48,3.56
Ohio,OH,39,3912,12,2025-08-21,2.9,2.9
Ohio,OH,39,3912,12,2025-08-14,2.88,2.88
Ohio,OH,39,3912,12,2025-02-21,2.84,2.87
Ohio,OH,39,3912,12,2024-08-21,3.21,3.29
Ohio,OH,39,3913,13,2025-08-21,3.03,3.03
Ohio,OH,39,3913,13,2025-08-14,3.02,3.02
Ohio,OH,39,3913,13,2025-02-21,3.05,3.08
Ohio,OH,39,3913,13,2024-08-21,3.36,3.44
Ohio,OH,39,3914,14,2025-08-21,2.91,2.91
Ohio,OH,39,3914,14,2025-08-14,2.93,2.93
Ohio,OH,39,3914,14,2025-02-21,2.97,2.99
Ohio,OH,39,3914,14,2024-08-21,3.31,3.38
Ohio,OH,39,3915,15,2025-08-21,3.02,3.02
Ohio,OH,39,3915,15,2025-08-14,2.99,2.99
Ohio,OH,39,3915,15,2025-02-21,2.93,2.95
Ohio,OH,39,3915,15,2024-08-21,3.36,3.44
Oklahoma,OK,40,4001,01,2025-08-21,2.65,2.65
Oklahoma,OK,40,4001,01,2025-08-14,2.75,2.75
Oklahoma,OK,40,4001,01,2025-02-21,2.78,2.8
Oklahoma,OK,40,4001,01,2024-08-21,2.97,3.04
Oklahoma,OK,40,4002,02,2025-08-21,2.57,2.57
Oklahoma,OK,40,4002,02,2025-08-14,2.62,2.62
Oklahoma,OK,40,4002,02,2025-02-21,2.6,2.62
Oklahoma,OK,40,4002,02,2024-08-21,2.91,2.98
Oklahoma,OK,40,4003,03,2025-08-21,2.59,2.59
Oklahoma,OK,40,4003,03,2025-08-14,2.62,2.62
Oklahoma,OK,40,4003,03,2025-02-21,2.65,2.67
Oklahoma,OK,40,4003,03,2024-08-21,2.9,2.97
Oklahoma,OK,40,4004,04,2025-08-21,2.72,2.72
Oklahoma,OK,40,4004,04,2025-08-14,2.69,2.69
Oklahoma,OK,40,4004,04,2025-02-21,2.73,2.75
Oklahoma,OK,40,4004,04,2024-08-21,3.02,3.09
Oklahoma,OK,40,4005,05,2025-08-21,2.67,2.67
Oklahoma,OK,40,4005,05,2025-08-14,2.71,2.71
Oklahoma,OK,40,4005,05,2025-02-21,2.77,2.79
Oklahoma,OK,40,4005,05,2024-08-21,3.05,3.12
Oregon,OR,41,4101,01,2025-08-21,4.07,4.07
Oregon,OR,41,4101,01,2025-08-14,4.06,4.06
Oregon,OR,41,4101,01,2025-02-21,3.74,3.77
Oregon,OR,41,4101,01,2024-08-21,4.02,4.11
Oregon,OR,41,4102,02,2025-08-21,3.59,3.59
Oregon,OR,41,4102,02,2025-08-14,3.59,3.59
Oregon,OR,41,4102,02,2025-02-21,3.3,3.32
Oregon,OR,41,4102,02,2024-08-21,3.57,3.65
Oregon,OR,41,4103,03,2025-08-21,4.02,4.02
Oregon,OR,41,4103,03,2025-08-14,3.99,3.99
Oregon,OR,41,4103,03,2025-02-21,3.7,3.73
Oregon,OR,41,4103,03,2024-08-21,3.98,4.07
Oregon,OR,41,4104,04,2025-08-21,3.76,3.76
Oregon,OR,41,4104,04,2025-08-14,3.74,3.74
Oregon,OR,41,4104,04,2025-02-21,3.36,3.39
Oregon,OR,41,4104,04,2024-08-21,3.61,3.69
Oregon,OR,41,4105,05,2025-08-21,3.93,3.93
Oregon,OR,41,4105,05,2025-08-14,3.92,3.92
Oregon,OR,41,4105,05,2025-02-21,3.64,3.66
Oregon,OR,41,4105,05,2024-08-21,3.81,3.9
Oregon,OR,41,4106,06,2025-08-21,3.88,3.88
Oregon,OR,41,4106,06,2025-08-14,3.91,3.91
Oregon,OR,41,4106,06,2025-02-21,3.55,3.58
Oregon,OR,41,4106,06,2024-08-21,3.84,3.93
Pennsylvania,PA,42,4201,01,2025-08-21,3.18,3.18
Pennsylvania,PA,42,4201,01,2025-08-14,3.15,3.15
Pennsylvania,PA,42,4201,01,2025-02-21,3.19,3.22
Pennsylvania,PA,42,4201,01,2024-08-21,3.44,3.52
Pennsylvania,PA,42,4202,02,2025-08-21,3.25,3.25
Pennsylvania,PA,42,4202,02,2025-08-14,3.21,3.21
Pennsylvania,PA,42,4202,02,2025-02-21,3.23,3.26
Pennsylvania,PA,42,4202,02,2024-08-21,3.51,3.59
Pennsylvania,PA,42,4203,03,2025-08-21,3.29,3.29
Pennsylvania,PA,42,4203,03,2025-08-14,3.25,3.25
Pennsylvania,PA,42,4203,03,2025-02-21,3.25,3.27
Pennsylvania,PA,42,4203,03,2024-08-21,3.58,3.66
Pennsylvania,PA,42,4204,04,2025-08-21,3.22,3.22
Pennsylvania,PA,42,4204,04,2025-08-14,3.18,3.18
Pennsylvania,PA,42,4204,04,2025-02-21,3.23,3.25
Pennsylvania,PA,42,4204,04,2024-08-21,3.47,3.55
Pennsylvania,PA,42,4205,05,2025-08-21,3.23,3.23
Pennsylvania,PA,42,4205,05,2025-08-14,3.2,3.2
Pennsylvania,PA,42,4205,05,2025-02-21,3.2,3.23
Pennsylvania,PA,42,4205,05,2024-08-21,3.47,3.55
Pennsylvania,PA,42,4206,06,2025-08-21,3.2,3.2
Pennsylvania,PA,42,4206,06,2025-08-14,3.16,3.16
Pennsylvania,PA,42,4206,06,2025-02-21,3.23,3.26
Pennsylvania,PA,42,4206,06,2024-08-21,3.46,3.54
Pennsylvania,PA,42,4207,07,2025-08-21,3.18,3.18
Pennsylvania,PA,42,4207,07,2025-08-14,3.1,3.1
Pennsylvania,PA,42,4207,07,2025-02-21,3.24,3.27
Pennsylvania,PA,42,4207,07,2024-08-21,3.41,3.49
Pennsylvania,PA,42,4208,08,2025-08-21,3.12,3.12
Pennsylvania,PA,42,4208,08,2025-08-14,3.1,3.1
Pennsylvania,PA,42,4208,08,2025-02-21,3.23,3.26
Pennsylvania,PA,42,4208,08,2024-08-21,3.45,3.53
Pennsylvania,PA,42,4209,09,2025-08-21,2.98,2.98
Pennsylvania,PA,42,4209,09,2025-08-14,2.95,2.95
Pennsylvania,PA,42,4209,09,2025-02-21,3.12,3.15
Pennsylvania,PA,42,4209,09,2024-08-21,3.36,3.43
Pennsylvania,PA,42,4210,10,2025-08-21,3.16,3.16
Pennsylvania,PA,42,4210,10,2025-08-14,3.12,3.12
Pennsylvania,PA,42,4210,10,2025-02-21,3.3,3.33
Pennsylvania,PA,42,4210,10,2024-08-21,3.55,3.63
Pennsylvania,PA,42,4211,11,2025-08-21,3.04,3.04
Pennsylvania,PA,42,4211,11,2025-08-14,2.97,2.97
Pennsylvania,PA,42,4211,11,2025-02-21,3.2,3.23
Pennsylvania,PA,42,4211,11,2024-08-21,3.39,3.47
Pennsylvania,PA,42,4212,12,2025-08-21,3.39,3.39
Pennsylvania,PA,42,4212,12,2025-08-14,3.36,3.36
Pennsylvania,PA,42,4212,12,2025-02-21,3.54,3.56
Pennsylvania,PA,42,4212,12,2024-08-21,3.75,3.84
Pennsylvania,PA,42,4213,13,2025-08-21,2.99,2.99
Pennsylvania,PA,42,4213,13,2025-08-14,2.96,2.96
Pennsylvania,PA,42,4213,13,2025-02-21,3.15,3.17
Pennsylvania,PA,42,4213,13,2024-08-21,3.32,3.4
Pennsylvania,PA,42,4214,14,2025-08-21,2.93,2.93
Pennsylvania,PA,42,4214,14,2025-08-14,2.97,2.97
Pennsylvania,PA,42,4214,14,2025-02-21,3.19,3.22
Pennsylvania,PA,42,4214,14,2024-08-21,3.39,3.47
Pennsylvania,PA,42,4215,15,2025-08-21,2.95,2.95
Pennsylvania,PA,42,4215,15,2025-08-14,2.98,2.98
Pennsylvania,PA,42,4215,15,2025-02-21,3.1,3.13
Pennsylvania,PA,42,4215,15,2024-08-21,3.27,3.34
Pennsylvania,PA,42,4216,16,2025-08-21,3.12,3.12
Pennsylvania,PA,42,4216,16,2025-08-14,3.11,3.11
Pennsylvania,PA,42,4216,16,2025-02-21,3.25,3.27
Pennsylvania,PA,42,4216,16,2024-08-21,3.43,3.51
Pennsylvania,PA,42,4217,17,2025-08-21,3.37,3.37
Pennsylvania,PA,42,4217,17,2025-08-14,3.35,3.35
Pennsylvania,PA,42,4217,17,2025-02-21,3.5,3.52
Pennsylvania,PA,42,4217,17,2024-08-21,3.73,3.82
Rhode Island,RI,44,4401,01,2025-08-21,3,3
Rhode Island,RI,44,4401,01,2025-08-14,2.97,2.97
Rhode Island,RI,44,4401,01,2025-02-21,2.96,2.99
Rhode Island,RI,44,4401,01,2024-08-21,3.37,3.45
Rhode Island,RI,44,4402,02,2025-08-21,2.95,2.95
Rhode Island,RI,44,4402,02,2025-08-14,2.98,2.98
Rhode Island,RI,44,4402,02,2025-02-21,2.97,3
Rhode Island,RI,44,4402,02,2024-08-21,3.36,3.44
South Carolina,SC,45,4501,01,2025-08-21,2.82,2.82
South Carolina,SC,45,4501,01,2025-08-14,2.78,2.78
South Carolina,SC,45,4501,01,2025-02-21,2.86,2.88
South Carolina,SC,45,4501,01,2024-08-21,3.05,3.12
South Carolina,SC,45,4502,02,2025-08-21,2.84,2.84
South Carolina,SC,45,4502,02,2025-08-14,2.84,2.84
South Carolina,SC,45,4502,02,2025-02-21,2.89,2.92
South Carolina,SC,45,4502,02,2024-08-21,3.16,3.23
South Carolina,SC,45,4503,03,2025-08-21,2.74,2.74
South Carolina,SC,45,4503,03,2025-08-14,2.75,2.75
South Carolina,SC,45,4503,03,2025-02-21,2.78,2.8
South Carolina,SC,45,4503,03,2024-08-21,3.05,3.12
South Carolina,SC,45,4504,04,2025-08-21,2.84,2.84
South Carolina,SC,45,4504,04,2025-08-14,2.84,2.84
South Carolina,SC,45,4504,04,2025-02-21,2.88,2.9
South Carolina,SC,45,4504,04,2024-08-21,3.15,3.23
South Carolina,SC,45,4505,05,2025-08-21,2.77,2.77
South Carolina,SC,45,4505,05,2025-08-14,2.78,2.78
South Carolina,SC,45,4505,05,2025-02-21,2.82,2.85
South Carolina,SC,45,4505,05,2024-08-21,3.04,3.11
South Carolina,SC,45,4506,06,2025-08-21,2.8,2.8
South Carolina,SC,45,4506,06,2025-08-14,2.77,2.77
South Carolina,SC,45,4506,06,2025-02-21,2.84,2.86
South Carolina,SC,45,4506,06,2024-08-21,3.08,3.15
South Carolina,SC,45,4507,07,2025-08-21,2.75,2.75
South Carolina,SC,45,4507,07,2025-08-14,2.73,2.73
South Carolina,SC,45,4507,07,2025-02-21,2.83,2.85
South Carolina,SC,45,4507,07,2024-08-21,3,3.07
South Dakota,SD,46,4600,00,2025-08-21,2.38,2.38
South Dakota,SD,46,4600,00,2025-08-14,2.46,2.46
South Dakota,SD,46,4600,00,2025-02-21,2.58,2.6
South Dakota,SD,46,4600,00,2024-08-21,3.02,3.09
Tennessee,TN,47,4701,01,2025-08-21,2.7,2.7
Tennessee,TN,47,4701,01,2025-08-14,2.69,2.69
Tennessee,TN,47,4701,01,2025-02-21,2.75,2.78
Tennessee,TN,47,4701,01,2024-08-21,2.95,3.02
Tennessee,TN,47,4702,02,2025-08-21,2.72,2.72
Tennessee,TN,47,4702,02,2025-08-14,2.73,2.73
Tennessee,TN,47,4702,02,2025-02-21,2.76,2.78
Tennessee,TN,47,4702,02,2024-08-21,2.92,2.99
Tennessee,TN,47,4703,03,2025-08-21,2.71,2.71
Tennessee,TN,47,4703,03,2025-08-14,2.62,2.62
Tennessee,TN,47,4703,03,2025-02-21,2.66,2.68
Tennessee,TN,47,4703,03,2024-08-21,2.91,2.98
Tennessee,TN,47,4704,04,2025-08-21,2.71,2.71
Tennessee,TN,47,4704,04,2025-08-14,2.63,2.63
Tennessee,TN,47,4704,04,2025-02-21,2.64,2.66
Tennessee,TN,47,4704,04,2024-08-21,2.95,3.02
Tennessee,TN,47,4705,05,2025-08-21,2.89,2.89
Tennessee,TN,47,4705,05,2025-08-14,2.83,2.83
Tennessee,TN,47,4705,05,2025-02-21,2.82,2.84
Tennessee,TN,47,4705,05,2024-08-21,3.15,3.22
Tennessee,TN,47,4706,06,2025-08-21,2.72,2.72
Tennessee,TN,47,4706,06,2025-08-14,2.66,2.66
Tennessee,TN,47,4706,06,2025-02-21,2.64,2.66
Tennessee,TN,47,4706,06,2024-08-21,2.96,3.03
Tennessee,TN,47,4707,07,2025-08-21,2.75,2.75
Tennessee,TN,47,4707,07,2025-08-14,2.72,2.72
Tennessee,TN,47,4707,07,2025-02-21,2.7,2.72
Tennessee,TN,47,4707,07,2024-08-21,3.03,3.1
Tennessee,TN,47,4708,08,2025-08-21,2.66,2.66
Tennessee,TN,47,4708,08,2025-08-14,2.67,2.67
Tennessee,TN,47,4708,08,2025-02-21,2.67,2.69
Tennessee,TN,47,4708,08,2024-08-21,2.93,3
Tennessee,TN,47,4709,09,2025-08-21,2.77,2.77
Tennessee,TN,47,4709,09,2025-08-14,2.77,2.77
Tennessee,TN,47,4709,09,2025-02-21,2.77,2.79
Tennessee,TN,47,4709,09,2024-08-21,3,3.07
Texas,TX,48,4801,01,2025-08-21,2.53,2.53
Texas,TX,48,4801,01,2025-08-14,2.52,2.52
Texas,TX,48,4801,01,2025-02-21,2.61,2.63
Texas,TX,48,4801,01,2024-08-21,2.92,2.99
Texas,TX,48,4802,02,2025-08-21,2.72,2.72
Texas,TX,48,4802,02,2025-08-14,2.72,2.72
Texas,TX,48,4802,02,2025-02-21,2.7,2.72
Texas,TX,48,4802,02,2024-08-21,3.04,3.11
Texas,TX,48,4803,03,2025-08-21,2.69,2.69
Texas,TX,48,4803,03,2025-08-14,2.8,2.8
Texas,TX,48,4803,03,2025-02-21,2.63,2.65
Texas,TX,48,4803,03,2024-08-21,2.99,3.06
Texas,TX,48,4804,04,2025-08-21,2.63,2.63
Texas,TX,48,4804,04,2025-08-14,2.72,2.72
Texas,TX,48,4804,04,2025-02-21,2.58,2.6
Texas,TX,48,4804,04,2024-08-21,2.93,3
Texas,TX,48,4805,05,2025-08-21,2.74,2.74
Texas,TX,48,4805,05,2025-08-14,2.82,2.82
Texas,TX,48,4805,05,2025-02-21,2.69,2.71
Texas,TX,48,4805,05,2024-08-21,3.02,3.09
Texas,TX,48,4806,06,2025-08-21,2.74,2.74
Texas,TX,48,4806,06,2025-08-14,2.81,2.81
Texas,TX,48,4806,06,2025-02-21,2.67,2.69
Texas,TX,48,4806,06,2024-08-21,3,3.07
Texas,TX,48,4807,07,2025-08-21,2.77,2.77
Texas,TX,48,4807,07,2025-08-14,2.79,2.79
Texas,TX,48,4807,07,2025-02-21,2.76,2.78
Texas,TX,48,4807,07,2024-08-21,3.1,3.17
Texas,TX,48,4808,08,2025-08-21,2.7,2.7
Texas,TX,48,4808,08,2025-08-14,2.7,2.7
Texas,TX,48,4808,08,2025-02-21,2.67,2.69
Texas,TX,48,4808,08,2024-08-21,3.05,3.12
Texas,TX,48,4809,09,2025-08-21,2.7,2.7
Texas,TX,48,4809,09,2025-08-14,2.7,2.7
Texas,TX,48,4809,09,2025-02-21,2.67,2.69
Texas,TX,48,4809,09,2024-08-21,3.05,3.12
Texas,TX,48,4810,10,2025-08-21,2.69,2.69
Texas,TX,48,4810,10,2025-08-14,2.72,2.72
Texas,TX,48,4810,10,2025-02-21,2.68,2.7
Texas,TX,48,4810,10,2024-08-21,3.03,3.1
Texas,TX,48,4811,11,2025-08-21,2.75,2.75
Texas,TX,48,4811,11,2025-08-14,2.65,2.65
Texas,TX,48,4811,11,2025-02-21,2.72,2.74
Texas,TX,48,4811,11,2024-08-21,2.96,3.03
Texas,TX,48,4812,12,2025-08-21,2.74,2.74
Texas,TX,48,4812,12,2025-08-14,2.86,2.86
Texas,TX,48,4812,12,2025-02-21,2.71,2.73
Texas,TX,48,4812,12,2024-08-21,3.07,3.14
Texas,TX,48,4813,13,2025-08-21,2.58,2.58
Texas,TX,48,4813,13,2025-08-14,2.6,2.6
Texas,TX,48,4813,13,2025-02-21,2.55,2.57
Texas,TX,48,4813,13,2024-08-21,2.85,2.92
Texas,TX,48,4814,14,2025-08-21,2.74,2.74
Texas,TX,48,4814,14,2025-08-14,2.74,2.74
Texas,TX,48,4814,14,2025-02-21,2.67,2.69
Texas,TX,48,4814,14,2024-08-21,3.05,3.12
Texas,TX,48,4815,15,2025-08-21,2.75,2.75
Texas,TX,48,4815,15,2025-08-14,2.6,2.6
Texas,TX,48,4815,15,2025-02-21,2.76,2.78
Texas,TX,48,4815,15,2024-08-21,2.93,3
Texas,TX,48,4816,16,2025-08-21,2.92,2.92
Texas,TX,48,4816,16,2025-08-14,2.97,2.97
Texas,TX,48,4816,16,2025-02-21,2.94,2.96
Texas,TX,48,4816,16,2024-08-21,3.27,3.34
Texas,TX,48,4817,17,2025-08-21,2.7,2.7
Texas,TX,48,4817,17,2025-08-14,2.74,2.74
Texas,TX,48,4817,17,2025-02-21,2.69,2.71
Texas,TX,48,4817,17,2024-08-21,3.02,3.09
Texas,TX,48,4818,18,2025-08-21,2.76,2.76
Texas,TX,48,4818,18,2025-08-14,2.77,2.77
Texas,TX,48,4818,18,2025-02-21,2.72,2.74
Texas,TX,48,4818,18,2024-08-21,3.08,3.16
Texas,TX,48,4819,19,2025-08-21,2.64,2.64
Texas,TX,48,4819,19,2025-08-14,2.62,2.62
Texas,TX,48,4819,19,2025-02-21,2.64,2.66
Texas,TX,48,4819,19,2024-08-21,2.92,2.99
Texas,TX,48,4820,20,2025-08-21,2.68,2.68
Texas,TX,48,4820,20,2025-08-14,2.82,2.82
Texas,TX,48,4820,20,2025-02-21,2.79,2.81
Texas,TX,48,4820,20,2024-08-21,3.12,3.2
Texas,TX,48,4821,21,2025-08-21,2.68,2.68
Texas,TX,48,4821,21,2025-08-14,2.77,2.77
Texas,TX,48,4821,21,2025-02-21,2.74,2.76
Texas,TX,48,4821,21,2024-08-21,3.08,3.15
Texas,TX,48,4822,22,2025-08-21,2.69,2.69
Texas,TX,48,4822,22,2025-08-14,2.68,2.68
Texas,TX,48,4822,22,2025-02-21,2.64,2.67
Texas,TX,48,4822,22,2024-08-21,3.02,3.09
Texas,TX,48,4823,23,2025-08-21,2.8,2.8
Texas,TX,48,4823,23,2025-08-14,2.79,2.79
Texas,TX,48,4823,23,2025-02-21,2.81,2.83
Texas,TX,48,4823,23,2024-08-21,3.06,3.13
Texas,TX,48,4824,24,2025-08-21,2.76,2.76
Texas,TX,48,4824,24,2025-08-14,2.87,2.87
Texas,TX,48,4824,24,2025-02-21,2.73,2.75
Texas,TX,48,4824,24,2024-08-21,3.09,3.16
Texas,TX,48,4825,25,2025-08-21,2.72,2.72
Texas,TX,48,4825,25,2025-08-14,2.81,2.81
Texas,TX,48,4825,25,2025-02-21,2.68,2.7
Texas,TX,48,4825,25,2024-08-21,3.03,3.1
Texas,TX,48,4826,26,2025-08-21,2.77,2.77
Texas,TX,48,4826,26,2025-08-14,2.85,2.85
Texas,TX,48,4826,26,2025-02-21,2.68,2.7
Texas,TX,48,4826,26,2024-08-21,3.05,3.12
Texas,TX,48,4827,27,2025-08-21,2.78,2.78
Texas,TX,48,4827,27,2025-08-14,2.64,2.64
Texas,TX,48,4827,27,2025-02-21,2.74,2.77
Texas,TX,48,4827,27,2024-08-21,2.96,3.03
Texas,TX,48,4828,28,2025-08-21,2.7,2.7
Texas,TX,48,4828,28,2025-08-14,2.7,2.7
Texas,TX,48,4828,28,2025-02-21,2.73,2.75
Texas,TX,48,4828,28,2024-08-21,3.02,3.09
Texas,TX,48,4829,29,2025-08-21,2.71,2.71
Texas,TX,48,4829,29,2025-08-14,2.71,2.71
Texas,TX,48,4829,29,2025-02-21,2.67,2.69
Texas,TX,48,4829,29,2024-08-21,3.04,3.11
Texas,TX,48,4830,30,2025-08-21,2.77,2.77
Texas,TX,48,4830,30,2025-08-14,2.87,2.87
Texas,TX,48,4830,30,2025-02-21,2.75,2.77
Texas,TX,48,4830,30,2024-08-21,3.09,3.17
Texas,TX,48,4831,31,2025-08-21,2.55,2.55
Texas,TX,48,4831,31,2025-08-14,2.65,2.65
Texas,TX,48,4831,31,2025-02-21,2.61,2.63
Texas,TX,48,4831,31,2024-08-21,2.91,2.98
Texas,TX,48,4832,32,2025-08-21,2.78,2.78
Texas,TX,48,4832,32,2025-08-14,2.88,2.88
Texas,TX,48,4832,32,2025-02-21,2.73,2.76
Texas,TX,48,4832,32,2024-08-21,3.1,3.17
Texas,TX,48,4833,33,2025-08-21,2.78,2.78
Texas,TX,48,4833,33,2025-08-14,2.87,2.87
Texas,TX,48,4833,33,2025-02-21,2.74,2.77
Texas,TX,48,4833,33,2024-08-21,3.11,3.18
Texas,TX,48,4834,34,2025-08-21,2.78,2.78
Texas,TX,48,4834,34,2025-08-14,2.54,2.54
Texas,TX,48,4834,34,2025-02-21,2.78,2.8
Texas,TX,48,4834,34,2024-08-21,2.94,3
Texas,TX,48,4835,35,2025-08-21,2.71,2.71
Texas,TX,48,4835,35,2025-08-14,2.83,2.83
Texas,TX,48,4835,35,2025-02-21,2.8,2.82
Texas,TX,48,4835,35,2024-08-21,3.13,3.2
Texas,TX,48,4836,36,2025-08-21,2.7,2.7
Texas,TX,48,4836,36,2025-08-14,2.7,2.7
Texas,TX,48,4836,36,2025-02-21,2.65,2.67
Texas,TX,48,4836,36,2024-08-21,3.01,3.08
Texas,TX,48,4837,37,2025-08-21,2.75,2.75
Texas,TX,48,4837,37,2025-08-14,2.85,2.85
Texas,TX,48,4837,37,2025-02-21,2.81,2.83
Texas,TX,48,4837,37,2024-08-21,3.15,3.22
Texas,TX,48,4838,38,2025-08-21,2.72,2.72
Texas,TX,48,4838,38,2025-08-14,2.73,2.73
Texas,TX,48,4838,38,2025-02-21,2.69,2.71
Texas,TX,48,4838,38,2024-08-21,3.05,3.12
Utah,UT,49,4901,01,2025-08-21,3.31,3.31
Utah,UT,49,4901,01,2025-08-14,3.29,3.29
Utah,UT,49,4901,01,2025-02-21,3,3.03
Utah,UT,49,4901,01,2024-08-21,3.48,3.56
Utah,UT,49,4902,02,2025-08-21,3.02,3.02
Utah,UT,49,4902,02,2025-08-14,3.02,3.02
Utah,UT,49,4902,02,2025-02-21,2.99,3.01
Utah,UT,49,4902,02,2024-08-21,3.47,3.55
Utah,UT,49,4903,03,2025-08-21,3.19,3.19
Utah,UT,49,4903,03,2025-08-14,3.19,3.19
Utah,UT,49,4903,03,2025-02-21,2.9,2.92
Utah,UT,49,4903,03,2024-08-21,3.52,3.6
Utah,UT,49,4904,04,2025-08-21,3.33,3.33
Utah,UT,49,4904,04,2025-08-14,3.33,3.33
Utah,UT,49,4904,04,2025-02-21,3.01,3.03
Utah,UT,49,4904,04,2024-08-21,3.5,3.58
Vermont,VT,50,5000,00,2025-08-21,2.34,2.34
Vermont,VT,50,5000,00,2025-08-14,2.49,2.49
Vermont,VT,50,5000,00,2025-02-21,2.64,2.66
Vermont,VT,50,5000,00,2024-08-21,2.89,2.96
Virginia,VA,51,5101,01,2025-08-21,3.03,3.03
Virginia,VA,51,5101,01,2025-08-14,2.95,2.95
Virginia,VA,51,5101,01,2025-02-21,2.99,3.01
Virginia,VA,51,5101,01,2024-08-21,3.24,3.32
Virginia,VA,51,5102,02,2025-08-21,3.13,3.13
Virginia,VA,51,5102,02,2025-08-14,3.09,3.09
Virginia,VA,51,5102,02,2025-02-21,2.94,2.96
Virginia,VA,51,5102,02,2024-08-21,3.22,3.3
Virginia,VA,51,5103,03,2025-08-21,3.11,3.11
Virginia,VA,51,5103,03,2025-08-14,3.05,3.05
Virginia,VA,51,5103,03,2025-02-21,2.96,2.98
Virginia,VA,51,5103,03,2024-08-21,3.25,3.33
Virginia,VA,51,5104,04,2025-08-21,3.03,3.03
Virginia,VA,51,5104,04,2025-08-14,2.95,2.95
Virginia,VA,51,5104,04,2025-02-21,3.03,3.05
Virginia,VA,51,5104,04,2024-08-21,3.27,3.35
Virginia,VA,51,5105,05,2025-08-21,2.84,2.84
Virginia,VA,51,5105,05,2025-08-14,2.82,2.82
Virginia,VA,51,5105,05,2025-02-21,2.83,2.85
Virginia,VA,51,5105,05,2024-08-21,3.12,3.2
Virginia,VA,51,5106,06,2025-08-21,2.93,2.93
Virginia,VA,51,5106,06,2025-08-14,2.85,2.85
Virginia,VA,51,5106,06,2025-02-21,2.99,3.01
Virginia,VA,51,5106,06,2024-08-21,3.26,3.34
Virginia,VA,51,5107,07,2025-08-21,3.05,3.05
Virginia,VA,51,5107,07,2025-08-14,2.9,2.9
Virginia,VA,51,5107,07,2025-02-21,3.06,3.09
Virginia,VA,51,5107,07,2024-08-21,3.27,3.34
Virginia,VA,51,5108,08,2025-08-21,3.15,3.15
Virginia,VA,51,5108,08,2025-08-14,3.14,3.14
Virginia,VA,51,5108,08,2025-02-21,3.12,3.14
Virginia,VA,51,5108,08,2024-08-21,3.53,3.62
Virginia,VA,51,5109,09,2025-08-21,2.76,2.76
Virginia,VA,51,5109,09,2025-08-14,2.77,2.77
Virginia,VA,51,5109,09,2025-02-21,2.82,2.84
Virginia,VA,51,5109,09,2024-08-21,3.12,3.19
Virginia,VA,51,5110,10,2025-08-21,3.09,3.09
Virginia,VA,51,5110,10,2025-08-14,2.95,2.95
Virginia,VA,51,5110,10,2025-02-21,3.12,3.15
Virginia,VA,51,5110,10,2024-08-21,3.36,3.43
Virginia,VA,51,5111,11,2025-08-21,3.2,3.2
Virginia,VA,51,5111,11,2025-08-14,3.14,3.14
Virginia,VA,51,5111,11,2025-02-21,3.22,3.25
Virginia,VA,51,5111,11,2024-08-21,3.55,3.63
Washington,WA,53,5301,01,2025-08-21,4.49,4.49
Washington,WA,53,5301,01,2025-08-14,4.47,4.47
Washington,WA,53,5301,01,2025-02-21,4.14,4.18
Washington,WA,53,5301,01,2024-08-21,4.37,4.47
Washington,WA,53,5302,02,2025-08-21,4.3,4.3
Washington,WA,53,5302,02,2025-08-14,4.29,4.29
Washington,WA,53,5302,02,2025-02-21,3.97,4
Washington,WA,53,5302,02,2024-08-21,4.1,4.19
Washington,WA,53,5303,03,2025-08-21,4.34,4.34
Washington,WA,53,5303,03,2025-08-14,4.32,4.32
Washington,WA,53,5303,03,2025-02-21,3.97,4.01
Washington,WA,53,5303,03,2024-08-21,4.2,4.29
Washington,WA,53,5304,04,2025-08-21,4.14,4.14
Washington,WA,53,5304,04,2025-08-14,4.11,4.11
Washington,WA,53,5304,04,2025-02-21,3.72,3.75
Washington,WA,53,5304,04,2024-08-21,3.98,4.07
Washington,WA,53,5305,05,2025-08-21,3.98,3.98
Washington,WA,53,5305,05,2025-08-14,3.93,3.93
Washington,WA,53,5305,05,2025-02-21,3.54,3.57
Washington,WA,53,5305,05,2024-08-21,3.83,3.92
Washington,WA,53,5306,06,2025-08-21,4.37,4.37
Washington,WA,53,5306,06,2025-08-14,4.38,4.38
Washington,WA,53,5306,06,2025-02-21,4.01,4.04
Washington,WA,53,5306,06,2024-08-21,4.22,4.32
Washington,WA,53,5307,07,2025-08-21,4.81,4.81
Washington,WA,53,5307,07,2025-08-14,4.81,4.81
Washington,WA,53,5307,07,2025-02-21,4.45,4.49
Washington,WA,53,5307,07,2024-08-21,4.74,4.85
Washington,WA,53,5308,08,2025-08-21,4.41,4.41
Washington,WA,53,5308,08,2025-08-14,4.4,4.4
Washington,WA,53,5308,08,2025-02-21,4.05,4.08
Washington,WA,53,5308,08,2024-08-21,4.18,4.28
Washington,WA,53,5309,09,2025-08-21,4.69,4.69
Washington,WA,53,5309,09,2025-08-14,4.69,4.69
Washington,WA,53,5309,09,2025-02-21,4.35,4.38
Washington,WA,53,5309,09,2024-08-21,4.56,4.67
Washington,WA,53,5310,10,2025-08-21,4.44,4.44
Washington,WA,53,5310,10,2025-08-14,4.44,4.44
Washington,WA,53,5310,10,2025-02-21,4.09,4.12
Washington,WA,53,5310,10,2024-08-21,4.24,4.34
West Virginia,WV,54,5401,01,2025-08-21,2.71,2.71
West Virginia,WV,54,5401,01,2025-08-14,2.68,2.68
West Virginia,WV,54,5401,01,2025-02-21,2.59,2.61
West Virginia,WV,54,5401,01,2024-08-21,2.97,3.04
West Virginia,WV,54,5402,02,2025-08-21,2.81,2.81
West Virginia,WV,54,5402,02,2025-08-14,2.83,2.83
West Virginia,WV,54,5402,02,2025-02-21,2.73,2.75
West Virginia,WV,54,5402,02,2024-08-21,3.11,3.18
Wisconsin,WI,55,5501,01,2025-08-21,2.89,2.89
Wisconsin,WI,55,5501,01,2025-08-14,2.9,2.9
Wisconsin,WI,55,5501,01,2025-02-21,2.9,2.93
Wisconsin,WI,55,5501,01,2024-08-21,3.56,3.64
Wisconsin,WI,55,5502,02,2025-08-21,2.89,2.89
Wisconsin,WI,55,5502,02,2025-08-14,2.92,2.92
Wisconsin,WI,55,5502,02,2025-02-21,2.94,2.97
Wisconsin,WI,55,5502,02,2024-08-21,3.48,3.56
Wisconsin,WI,55,5503,03,2025-08-21,2.79,2.79
Wisconsin,WI,55,5503,03,2025-08-14,2.85,2.85
Wisconsin,WI,55,5503,03,2025-02-21,2.86,2.89
Wisconsin,WI,55,5503,03,2024-08-21,3.22,3.3
Wisconsin,WI,55,5504,04,2025-08-21,2.98,2.98
Wisconsin,WI,55,5504,04,2025-08-14,2.98,2.98
Wisconsin,WI,55,5504,04,2025-02-21,2.88,2.9
Wisconsin,WI,55,5504,04,2024-08-21,3.67,3.76
Wisconsin,WI,55,5505,05,2025-08-21,2.89,2.89
Wisconsin,WI,55,5505,05,2025-08-14,2.92,2.92
Wisconsin,WI,55,5505,05,2025-02-21,2.89,2.92
Wisconsin,WI,55,5505,05,2024-08-21,3.56,3.65
Wisconsin,WI,55,5506,06,2025-08-21,2.85,2.85
Wisconsin,WI,55,5506,06,2025-08-14,2.87,2.87
Wisconsin,WI,55,5506,06,2025-02-21,2.89,2.91
Wisconsin,WI,55,5506,06,2024-08-21,3.41,3.49
Wisconsin,WI,55,5507,07,2025-08-21,2.78,2.78
Wisconsin,WI,55,5507,07,2025-08-14,2.81,2.81
Wisconsin,WI,55,5507,07,2025-02-21,2.84,2.87
Wisconsin,WI,55,5507,07,2024-08-21,3.26,3.33
Wisconsin,WI,55,5508,08,2025-08-21,2.82,2.82
Wisconsin,WI,55,5508,08,2025-08-14,2.85,2.85
Wisconsin,WI,55,5508,08,2025-02-21,2.91,2.93
Wisconsin,WI,55,5508,08,2024-08-21,3.38,3.46
Wyoming,WY,56,5600,00,2025-08-21,2.63,2.63
Wyoming,WY,56,5600,00,2025-08-14,2.75,2.75
Wyoming,WY,56,5600,00,2025-02-21,2.74,2.76
Wyoming,WY,56,5600,00,2024-08-21,3.16,3.24
Alabama,AL,01,0101,01,2026-02-19,2.42,2.42
Alabama,AL,01,0101,01,2026-02-12,2.42,2.42
Alabama,AL,01,0101,01,2025-08-19,2.67,2.67
Alabama,AL,01,0101,01,2025-02-19,2.72,2.75
Alabama,AL,01,0102,02,2026-02-19,2.42,2.42
Alabama,AL,01,0102,02,2026-02-12,2.44,2.44
Alabama,AL,01,0102,02,2025-08-19,2.73,2.73
Alabama,AL,01,0102,02,2025-02-19,2.69,2.72
Alabama,AL,01,0103,03,2026-02-19,2.35,2.35
Alabama,AL,01,0103,03,2026-02-12,2.35,2.35
Alabama,AL,01,0103,03,2025-08-19,2.59,2.59
Alabama,AL,01,0103,03,2025-02-19,2.74,2.78
Alabama,AL,01,0104,04,2026-02-19,2.45,2.45
Alabama,AL,01,0104,04,2026-02-12,2.41,2.41
Alabama,AL,01,0104,04,2025-08-19,2.68,2.68
Alabama,AL,01,0104,04,2025-02-19,2.72,2.76
Alabama,AL,01,0105,05,2026-02-19,2.5,2.5
Alabama,AL,01,0105,05,2026-02-12,2.51,2.51
Alabama,AL,01,0105,05,2025-08-19,2.71,2.71
Alabama,AL,01,0105,05,2025-02-19,2.78,2.82
Alabama,AL,01,0106,06,2026-02-19,2.47,2.47
Alabama,AL,01,0106,06,2026-02-12,2.48,2.48
Alabama,AL,01,0106,06,2025-08-19,2.75,2.75
Alabama,AL,01,0106,06,2025-02-19,2.79,2.82
Alabama,AL,01,0107,07,2026-02-19,2.47,2.47
Alabama,AL,01,0107,07,2026-02-12,2.46,2.46
Alabama,AL,01,0107,07,2025-08-19,2.71,2.71
Alabama,AL,01,0107,07,2025-02-19,2.72,2.75
Alaska,AK,02,0200,00,2026-02-19,2.8,2.8
Alaska,AK,02,0200,00,2026-02-12,2.74,2.74
Alaska,AK,02,0200,00,2025-08-19,3.26,3.26
Alaska,AK,02,0200,00,2025-02-19,2.95,2.98
Arizona,AZ,04,0401,01,2026-02-19,3.12,3.12
Arizona,AZ,04,0401,01,2026-02-12,3,3
Arizona,AZ,04,0401,01,2025-08-19,3.15,3.15
Arizona,AZ,04,0401,01,2025-02-19,3.4,3.44
Arizona,AZ,04,0402,02,2026-02-19,2.91,2.91
Arizona,AZ,04,0402,02,2026-02-12,2.91,2.91
Arizona,AZ,04,0402,02,2025-08-19,3.01,3.01
Arizona,AZ,04,0402,02,2025-02-19,3.06,3.1
Arizona,AZ,04,0403,03,2026-02-19,3.23,3.23
Arizona,AZ,04,0403,03,2026-02-12,3.12,3.12
Arizona,AZ,04,0403,03,2025-08-19,3.32,3.32
Arizona,AZ,04,0403,03,2025-02-19,3.59,3.64
Arizona,AZ,04,0404,04,2026-02-19,3.32,3.32
Arizona,AZ,04,0404,04,2026-02-12,3.2,3.2
Arizona,AZ,04,0404,04,2025-08-19,3.39,3.39
Arizona,AZ,04,0404,04,2025-02-19,3.64,3.68
Arizona,AZ,04,0405,05,2026-02-19,3.01,3.01
Arizona,AZ,04,0405,05,2026-02-12,3.15,3.15
Arizona,AZ,04,0405,05,2025-08-19,3.33,3.33
Arizona,AZ,04,0405,05,2025-02-19,3.62,3.66
Arizona,AZ,04,0406,06,2026-02-19,2.91,2.91
Arizona,AZ,04,0406,06,2026-02-12,2.9,2.9
Arizona,AZ,04,0406,06,2025-08-19,2.97,2.97
Arizona,AZ,04,0406,06,2025-02-19,3.05,3.08
Arizona,AZ,04,0407,07,2026-02-19,2.95,2.95
Arizona,AZ,04,0407,07,2026-02-12,2.96,2.96
Arizona,AZ,04,0407,07,2025-08-19,3.03,3.03
Arizona,AZ,04,0407,07,2025-02-19,3.14,3.18
Arizona,AZ,04,0408,08,2026-02-19,3.16,3.16
Arizona,AZ,04,0408,08,2026-02-12,3.06,3.06
Arizona,AZ,04,0408,08,2025-08-19,3.31,3.31
Arizona,AZ,04,0408,08,2025-02-19,3.61,3.65
Arizona,AZ,04,0409,09,2026-02-19,2.57,2.57
Arizona,AZ,04,0409,09,2026-02-12,2.54,2.54
Arizona,AZ,04,0409,09,2025-08-19,2.71,2.71
Arizona,AZ,04,0409,09,2025-02-19,3.26,3.3
Arkansas,AR,05,0501,01,2026-02-19,2.21,2.21
Arkansas,AR,05,0501,01,2026-02-12,2.24,2.24
Arkansas,AR,05,0501,01,2025-08-19,2.55,2.55
Arkansas,AR,05,0501,01,2025-02-19,2.62,2.65
Arkansas,AR,05,0502,02,2026-02-19,2.26,2.26
Arkansas,AR,05,0502,02,2026-02-12,2.28,2.28
Arkansas,AR,05,0502,02,2025-08-19,2.67,2.67
Arkansas,AR,05,0502,02,2025-02-19,2.7,2.73
Arkansas,AR,05,0503,03,2026-02-19,2.35,2.35
Arkansas,AR,05,0503,03,2026-02-12,2.36,2.36
Arkansas,AR,05,0503,03,2025-08-19,2.71,2.71
Arkansas,AR,05,0503,03,2025-02-19,2.83,2.86
Arkansas,AR,05,0504,04,2026-02-19,2.14,2.14
Arkansas,AR,05,0504,04,2026-02-12,2.11,2.11
Arkansas,AR,05,0504,04,2025-08-19,2.44,2.44
Arkansas,AR,05,0504,04,2025-02-19,2.59,2.62
California,CA,06,0601,01,2026-02-19,3.97,3.97
California,CA,06,0601,01,2026-02-12,3.85,3.85
California,CA,06,0601,01,2025-08-19,4.03,4.03
California,CA,06,0601,01,2025-02-19,4.4,4.45
California,CA,06,0602,02,2026-02-19,4.18,4.18
California,CA,06,0602,02,2026-02-12,4.03,4.03
California,CA,06,0602,02,2025-08-19,4.28,4.28
California,CA,06,0602,02,2025-02-19,4.86,4.91
California,CA,06,0603,03,2026-02-19,4.46,4.46
California,CA,06,0603,03,2026-02-12,4.34,4.34
California,CA,06,0603,03,2025-08-19,4.5,4.5
California,CA,06,0603,03,2025-02-19,4.82,4.88
California,CA,06,0604,04,2026-02-19,4.6,4.6
California,CA,06,0604,04,2026-02-12,4.45,4.45
California,CA,06,0604,04,2025-08-19,4.61,4.61
California,CA,06,0604,04,2025-02-19,4.92,4.98
California,CA,06,0605,05,2026-02-19,4.35,4.35
California,CA,06,0605,05,2026-02-12,4.19,4.19
California,CA,06,0605,05,2025-08-19,4.31,4.31
California,CA,06,0605,05,2025-02-19,4.59,4.65
California,CA,06,0606,06,2026-02-19,4.22,4.22
California,CA,06,0606,06,2026-02-12,4.04,4.04
California,CA,06,0606,06,2025-08-19,4.41,4.41
California,CA,06,0606,06,2025-02-19,4.79,4.85
California,CA,06,0607,07,2026-02-19,4.53,4.53
California,CA,06,0607,07,2026-02-12,4.35,4.35
California,CA,06,0607,07,2025-08-19,4.42,4.42
California,CA,06,0607,07,2025-02-19,4.81,4.87
California,CA,06,0608,08,2026-02-19,4.63,4.63
California,CA,06,0608,08,2026-02-12,4.44,4.44
California,CA,06,0608,08,2025-08-19,4.47,4.47
California,CA,06,0608,08,2025-02-19,4.86,4.92
California,CA,06,0609,09,2026-02-19,3.98,3.98
California,CA,06,0609,09,2026-02-12,3.75,3.75
California,CA,06,0609,09,2025-08-19,3.81,3.81
California,CA,06,0609,09,2025-02-19,4.73,4.79
California,CA,06,0610,10,2026-02-19,4.74,4.74
California,CA,06,0610,10,2026-02-12,4.58,4.58
California,CA,06,0610,10,2025-08-19,4.66,4.66
California,CA,06,0610,10,2025-02-19,4.97,5.03
California,CA,06,0611,11,2026-02-19,4.81,4.81
California,CA,06,0611,11,2026-02-12,4.65,4.65
California,CA,06,0611,11,2025-08-19,4.67,4.67
California,CA,06,0611,11,2025-02-19,5.02,5.08
California,CA,06,0612,12,2026-02-19,4.36,4.36
California,CA,06,0612,12,2026-02-12,4.16,4.16
California,CA,06,0612,12,2025-08-19,4.28,4.28
California,CA,06,0612,12,2025-02-19,4.92,4.98
California,CA,06,0613,13,2026-02-19,3.92,3.92
California,CA,06,0613,13,2026-02-12,3.91,3.91
California,CA,06,0613,13,2025-08-19,4.29,4.29
California,CA,06,0613,13,2025-02-19,4.63,4.69
California,CA,06,0614,14,2026-02-19,4.66,4.66
California,CA,06,0614,14,2026-02-12,4.46,4.46
California,CA,06,0614,14,2025-08-19,4.55,4.55
California,CA,06,0614,14,2025-02-19,4.87,4.93
California,CA,06,0615,15,2026-02-19,4.79,4.79
California,CA,06,0615,15,2026-02-12,4.63,4.63
California,CA,06,0615,15,2025-08-19,4.66,4.66
California,CA,06,0615,15,2025-02-19,5.02,5.08
California,CA,06,0616,16,2026-02-19,4.53,4.53
California,CA,06,0616,16,2026-02-12,4.38,4.38
California,CA,06,0616,16,2025-08-19,4.55,4.55
California,CA,06,0616,16,2025-02-19,4.93,4.99
California,CA,06,0617,17,2026-02-19,4.64,4.64
California,CA,06,0617,17,2026-02-12,4.42,4.42
California,CA,06,0617,17,2025-08-19,4.51,4.51
California,CA,06,0617,17,2025-02-19,4.92,4.98
California,CA,06,0618,18,2026-02-19,4.59,4.59
California,CA,06,0618,18,2026-02-12,4.4,4.4
California,CA,06,0618,18,2025-08-19,4.57,4.57
California,CA,06,0618,18,2025-02-19,4.87,4.92
California,CA,06,0619,19,2026-02-19,4.42,4.42
California,CA,06,0619,19,2026-02-12,4.54,4.54
California,CA,06,0619,19,2025-08-19,4.65,4.65
California,CA,06,0619,19,2025-02-19,4.91,4.97
California,CA,06,0620,20,2026-02-19,4.42,4.42
California,CA,06,0620,20,2026-02-12,4.27,4.27
California,CA,06,0620,20,2025-08-19,4.4,4.4
California,CA,06,0620,20,2025-02-19,4.55,4.6
California,CA,06,0621,21,2026-02-19,4.22,4.22
California,CA,06,0621,21,2026-02-12,3.97,3.97
California,CA,06,0621,21,2025-08-19,4.5,4.5
California,CA,06,0621,21,2025-02-19,4.63,4.69
California,CA,06,0622,22,2026-02-19,4.43,4.43
California,CA,06,0622,22,2026-02-12,4.23,4.23
California,CA,06,0622,22,2025-08-19,4.37,4.37
California,CA,06,0622,22,2025-02-19,4.54,4.6
California,CA,06,0623,23,2026-02-19,4.24,4.24
California,CA,06,0623,23,2026-02-12,4.2,4.2
California,CA,06,0623,23,2025-08-19,4.27,4.27
California,CA,06,0623,23,2025-02-19,4.49,4.54
California,CA,06,0624,24,2026-02-19,4.47,4.47
California,CA,06,0624,24,2026-02-12,4.35,4.35
California,CA,06,0624,24,2025-08-19,4.4,4.4
California,CA,06,0624,24,2025-02-19,4.72,4.78
California,CA,06,0625,25,2026-02-19,3.94,3.94
California,CA,06,0625,25,2026-02-12,3.82,3.82
California,CA,06,0625,25,2025-08-19,3.86,3.86
California,CA,06,0625,25,2025-02-19,4.48,4.53
California,CA,06,0626,26,2026-02-19,4.53,4.53
California,CA,06,0626,26,2026-02-12,4.4,4.4
California,CA,06,0626,26,2025-08-19,4.52,4.52
California,CA,06,0626,26,2025-02-19,4.71,4.76
California,CA,06,0627,27,2026-02-19,3.86,3.86
California,CA,06,0627,27,2026-02-12,3.82,3.82
California,CA,06,0627,27,2025-08-19,4.56,4.56
California,CA,06,0627,27,2025-02-19,4.72,4.78
California,CA,06,0628,28,2026-02-19,4.61,4.61
California,CA,06,0628,28,2026-02-12,4.49,4.49
California,CA,06,0628,28,2025-08-19,4.47,4.47
California,CA,06,0628,28,2025-02-19,4.76,4.81
California,CA,06,0629,29,2026-02-19,4.65,4.65
California,CA,06,0629,29,2026-02-12,4.56,4.56
California,CA,06,0629,29,2025-08-19,4.51,4.51
California,CA,06,0629,29,2025-02-19,4.77,4.82
California,CA,06,0630,30,2026-02-19,4.72,4.72
California,CA,06,0630,30,2026-02-12,4.64,4.64
California,CA,06,0630,30,2025-08-19,4.63,4.63
California,CA,06,0630,30,2025-02-19,4.83,4.89
California,CA,06,0631,31,2026-02-19,4.48,4.48
California,CA,06,0631,31,2026-02-12,4.37,4.37
California,CA,06,0631,31,2025-08-19,4.37,4.37
California,CA,06,0631,31,2025-02-19,4.67,4.73
California,CA,06,0632,32,2026-02-19,4.6,4.6
California,CA,06,0632,32,2026-02-12,4.5,4.5
California,CA,06,0632,32,2025-08-19,4.46,4.46
California,CA,06,0632,32,2025-02-19,4.7,4.76
California,CA,06,0633,33,2026-02-19,4.4,4.4
California,CA,06,0633,33,2026-02-12,4.29,4.29
California,CA,06,0633,33,2025-08-19,4.33,4.33
California,CA,06,0633,33,2025-02-19,4.59,4.65
California,CA,06,0634,34,2026-02-19,4.66,4.66
California,CA,06,0634,34,2026-02-12,4.56,4.56
California,CA,06,0634,34,2025-08-19,4.5,4.5
California,CA,06,0634,34,2025-02-19,4.77,4.83
California,CA,06,0635,35,2026-02-19,4.42,4.42
California,CA,06,0635,35,2026-02-12,4.29,4.29
California,CA,06,0635,35,2025-08-19,4.27,4.27
California,CA,06,0635,35,2025-02-19,4.59,4.65
California,CA,06,0636,36,2026-02-19,4.72,4.72
California,CA,06,0636,36,2026-02-12,4.6,4.6
California,CA,06,0636,36,2025-08-19,4.54,4.54
California,CA,06,0636,36,2025-02-19,4.79,4.84
California,CA,06,0637,37,2026-02-19,4.61,4.61
California,CA,06,0637,37,2026-02-12,4.49,4.49
California,CA,06,0637,37,2025-08-19,4.46,4.46
California,CA,06,0637,37,2025-02-19,4.69,4.75
California,CA,06,0638,38,2026-02-19,4.46,4.46
California,CA,06,0638,38,2026-02-12,4.34,4.34
California,CA,06,0638,38,2025-08-19,4.33,4.33
California,CA,06,0638,38,2025-02-19,4.66,4.71
California,CA,06,0639,39,2026-02-19,4.49,4.49
California,CA,06,0639,39,2026-02-12,4.34,4.34
California,CA,06,0639,39,2025-08-19,4.4,4.4
California,CA,06,0639,39,2025-02-19,4.62,4.68
California,CA,06,0641,41,2026-02-19,4.38,4.38
California,CA,06,0641,41,2026-02-12,4.26,4.26
California,CA,06,0641,41,2025-08-19,4.26,4.26
California,CA,06,0641,41,2025-02-19,4.63,4.69
California,CA,06,0642,42,2026-02-19,4.55,4.55
California,CA,06,0642,42,2026-02-12,4.42,4.42
California,CA,06,0642,42,2025-08-19,4.38,4.38
California,CA,06,0642,42,2025-02-19,4.68,4.74
California,CA,06,0643,43,2026-02-19,4.53,4.53
California,CA,06,0643,43,2026-02-12,4.39,4.39
California,CA,06,0643,43,2025-08-19,4.36,4.36
California,CA,06,0643,43,2025-02-19,4.62,4.68
California,CA,06,0644,44,2026-02-19,4.52,4.52
California,CA,06,0644,44,2026-02-12,4.37,4.37
California,CA,06,0644,44,2025-08-19,4.37,4.37
California,CA,06,0644,44,2025-02-19,4.67,4.72
California,CA,06,0646,46,2026-02-19,4.46,4.46
California,CA,06,0646,46,2026-02-12,4.32,4.32
California,CA,06,0646,46,2025-08-19,4.35,4.35
California,CA,06,0646,46,2025-02-19,4.68,4.73
California,CA,06,0647,47,2026-02-19,4.57,4.57
California,CA,06,0647,47,2026-02-12,4.45,4.45
California,CA,06,0647,47,2025-08-19,4.49,4.49
California,CA,06,0647,47,2025-02-19,4.77,4.83
California,CA,06,0648,48,2026-02-19,4.51,4.51
California,CA,06,0648,48,2026-02-12,4.42,4.42
California,CA,06,0648,48,2025-08-19,4.42,4.42
California,CA,06,0648,48,2025-02-19,4.63,4.69
California,CA,06,0649,49,2026-02-19,4.63,4.63
California,CA,06,0649,49,2026-02-12,4.53,4.53
California,CA,06,0649,49,2025-08-19,4.54,4.54
California,CA,06,0649,49,2025-02-19,4.8,4.86
California,CA,06,0650,50,2026-02-19,4.69,4.69
California,CA,06,0650,50,2026-02-12,4.61,4.61
California,CA,06,0650,50,2025-08-19,4.67,4.67
California,CA,06,0650,50,2025-02-19,4.82,4.87
California,CA,06,0651,51,2026-02-19,4.63,4.63
California,CA,06,0651,51,2026-02-12,4.57,4.57
California,CA,06,0651,51,2025-08-19,4.55,4.55
California,CA,06,0651,51,2025-02-19,4.74,4.8
California,CA,06,0652,52,2026-02-19,4.58,4.58
California,CA,06,0652,52,2026-02-12,4.51,4.51
California,CA,06,0652,52,2025-08-19,4.55,4.55
California,CA,06,0652,52,2025-02-19,4.72,4.78
Colorado,CO,08,0801,01,2026-02-19,2.78,2.78
Colorado,CO,08,0801,01,2026-02-12,2.67,2.67
Colorado,CO,08,0801,01,2025-08-19,3.08,3.08
Colorado,CO,08,0801,01,2025-02-19,3.07,3.11
Colorado,CO,08,0802,02,2026-02-19,2.75,2.75
Colorado,CO,08,0802,02,2026-02-12,2.66,2.66
Colorado,CO,08,0802,02,2025-08-19,3.07,3.07
Colorado,CO,08,0802,02,2025-02-19,3.1,3.13
Colorado,CO,08,0803,03,2026-02-19,2.69,2.69
Colorado,CO,08,0803,03,2026-02-12,2.68,2.68
Colorado,CO,08,0803,03,2025-08-19,3.04,3.04
Colorado,CO,08,0803,03,2025-02-19,3.08,3.11
Colorado,CO,08,0804,04,2026-02-19,2.63,2.63
Colorado,CO,08,0804,04,2026-02-12,2.57,2.57
Colorado,CO,08,0804,04,2025-08-19,2.89,2.89
Colorado,CO,08,0804,04,2025-02-19,2.9,2.94
Colorado,CO,08,0805,05,2026-02-19,2.68,2.68
Colorado,CO,08,0805,05,2026-02-12,2.55,2.55
Colorado,CO,08,0805,05,2025-08-19,2.92,2.92
Colorado,CO,08,0805,05,2025-02-19,2.98,3.02
Colorado,CO,08,0806,06,2026-02-19,2.74,2.74
Colorado,CO,08,0806,06,2026-02-12,2.64,2.64
Colorado,CO,08,0806,06,2025-08-19,3.03,3.03
Colorado,CO,08,0806,06,2025-02-19,3.07,3.11
Colorado,CO,08,0807,07,2026-02-19,2.73,2.73
Colorado,CO,08,0807,07,2026-02-12,2.68,2.68
Colorado,CO,08,0807,07,2025-08-19,3.05,3.05
Colorado,CO,08,0807,07,2025-02-19,3.02,3.05
Colorado,CO,08,0808,08,2026-02-19,2.73,2.73
Colorado,CO,08,0808,08,2026-02-12,2.59,2.59
Colorado,CO,08,0808,08,2025-08-19,2.93,2.93
Colorado,CO,08,0808,08,2025-02-19,3.03,3.07
Delaware,DE,10,1000,00,2026-02-19,2.86,2.86
Delaware,DE,10,1000,00,2026-02-12,2.87,2.87
Delaware,DE,10,1000,00,2025-08-19,3.08,3.08
Delaware,DE,10,1000,00,2025-02-19,3.04,3.08
District of Columbia,DC,11,1198,98,2026-02-19,3.1,3.1
District of Columbia,DC,11,1198,98,2026-02-12,3.09,3.09
District of Columbia,DC,11,1198,98,2025-08-19,3.34,3.34
District of Columbia,DC,11,1198,98,2025-02-19,3.29,3.33
Florida,FL,12,1201,01,2026-02-19,2.59,2.59
Florida,FL,12,1201,01,2026-02-12,2.57,2.57
Florida,FL,12,1201,01,2025-08-19,2.87,2.87
Florida,FL,12,1201,01,2025-02-19,2.86,2.89
Florida,FL,12,1202,02,2026-02-19,2.68,2.68
Florida,FL,12,1202,02,2026-02-12,2.68,2.68
Florida,FL,12,1202,02,2025-08-19,2.9,2.9
Florida,FL,12,1202,02,2025-02-19,2.93,2.97
Florida,FL,12,1203,03,2026-02-19,2.91,2.91
Florida,FL,12,1203,03,2026-02-12,2.87,2.87
Florida,FL,12,1203,03,2025-08-19,3.05,3.05
Florida,FL,12,1203,03,2025-02-19,3.15,3.18
Florida,FL,12,1204,04,2026-02-19,2.87,2.87
Florida,FL,12,1204,04,2026-02-12,2.82,2.82
Florida,FL,12,1204,04,2025-08-19,2.92,2.92
Florida,FL,12,1204,04,2025-02-19,3.04,3.07
Florida,FL,12,1205,05,2026-02-19,2.86,2.86
Florida,FL,12,1205,05,2026-02-12,2.81,2.81
Florida,FL,12,1205,05,2025-08-19,2.89,2.89
Florida,FL,12,1205,05,2025-02-19,3.01,3.04
Florida,FL,12,1206,06,2026-02-19,2.85,2.85
Florida,FL,12,1206,06,2026-02-12,2.79,2.79
Florida,FL,12,1206,06,2025-08-19,2.91,2.91
Florida,FL,12,1206,06,2025-02-19,3.05,3.08
Florida,FL,12,1207,07,2026-02-19,2.93,2.93
Florida,FL,12,1207,07,2026-02-12,2.88,2.88
Florida,FL,12,1207,07,2025-08-19,2.95,2.95
Florida,FL,12,1207,07,2025-02-19,3.11,3.15
Florida,FL,12,1208,08,2026-02-19,2.91,2.91
Florida,FL,12,1208,08,2026-02-12,2.83,2.83
Florida,FL,12,1208,08,2025-08-19,2.9,2.9
Florida,FL,12,1208,08,2025-02-19,3.02,3.06
Florida,FL,12,1209,09,2026-02-19,2.93,2.93
Florida,FL,12,1209,09,2026-02-12,2.88,2.88
Florida,FL,12,1209,09,2025-08-19,2.94,2.94
Florida,FL,12,1209,09,2025-02-19,3.12,3.16
Florida,FL,12,1210,10,2026-02-19,2.93,2.93
Florida,FL,12,1210,10,2026-02-12,2.88,2.88
Florida,FL,12,1210,10,2025-08-19,2.94,2.94
Florida,FL,12,1210,10,2025-02-19,3.13,3.16
Florida,FL,12,1211,11,2026-02-19,2.9,2.9
Florida,FL,12,1211,11,2026-02-12,2.84,2.84
Florida,FL,12,1211,11,2025-08-19,2.91,2.91
Florida,FL,12,1211,11,2025-02-19,3.15,3.19
Florida,FL,12,1212,12,2026-02-19,2.9,2.9
Florida,FL,12,1212,12,2026-02-12,2.82,2.82
Florida,FL,12,1212,12,2025-08-19,2.96,2.96
Florida,FL,12,1212,12,2025-02-19,3.11,3.15
Florida,FL,12,1213,13,2026-02-19,2.88,2.88
Florida,FL,12,1213,13,2026-02-12,2.83,2.83
Florida,FL,12,1213,13,2025-08-19,2.97,2.97
Florida,FL,12,1213,13,2025-02-19,3.15,3.19
Florida,FL,12,1214,14,2026-02-19,2.9,2.9
Florida,FL,12,1214,14,2026-02-12,2.84,2.84
Florida,FL,12,1214,14,2025-08-19,3,3
Florida,FL,12,1214,14,2025-02-19,3.17,3.21
Florida,FL,12,1215,15,2026-02-19,2.9,2.9
Florida,FL,12,1215,15,2026-02-12,2.83,2.83
Florida,FL,12,1215,15,2025-08-19,2.96,2.96
Florida,FL,12,1215,15,2025-02-19,3.14,3.17
Florida,FL,12,1216,16,2026-02-19,2.88,2.88
Florida,FL,12,1216,16,2026-02-12,2.82,2.82
Florida,FL,12,1216,16,2025-08-19,2.9,2.9
Florida,FL,12,1216,16,2025-02-19,3.09,3.12
Florida,FL,12,1217,17,2026-02-19,2.91,2.91
Florida,FL,12,1217,17,2026-02-12,2.86,2.86
Florida,FL,12,1217,17,2025-08-19,2.91,2.91
Florida,FL,12,1217,17,2025-02-19,3.05,3.08
Florida,FL,12,1218,18,2026-02-19,2.89,2.89
Florida,FL,12,1218,18,2026-02-12,2.83,2.83
Florida,FL,12,1218,18,2025-08-19,2.97,2.97
Florida,FL,12,1218,18,2025-02-19,3.14,3.18
Florida,FL,12,1219,19,2026-02-19,2.92,2.92
Florida,FL,12,1219,19,2026-02-12,2.88,2.88
Florida,FL,12,1219,19,2025-08-19,2.91,2.91
Florida,FL,12,1219,19,2025-02-19,3.09,3.12
Florida,FL,12,1220,20,2026-02-19,2.94,2.94
Florida,FL,12,1220,20,2026-02-12,2.9,2.9
Florida,FL,12,1220,20,2025-08-19,2.97,2.97
Florida,FL,12,1220,20,2025-02-19,3.09,3.12
Florida,FL,12,1221,21,2026-02-19,2.97,2.97
Florida,FL,12,1221,21,2026-02-12,2.95,2.95
Florida,FL,12,1221,21,2025-08-19,3.06,3.06
Florida,FL,12,1221,21,2025-02-19,3.15,3.19
Florida,FL,12,1222,22,2026-02-19,3,3
Florida,FL,12,1222,22,2026-02-12,2.94,2.94
Florida,FL,12,1222,22,2025-08-19,3.02,3.02
Florida,FL,12,1222,22,2025-02-19,3.13,3.17
Florida,FL,12,1223,23,2026-02-19,3.04,3.04
Florida,FL,12,1223,23,2026-02-12,3.01,3.01
Florida,FL,12,1223,23,2025-08-19,3.11,3.11
Florida,FL,12,1223,23,2025-02-19,3.24,3.28
Florida,FL,12,1224,24,2026-02-19,2.78,2.78
Florida,FL,12,1224,24,2026-02-12,2.88,2.88
Florida,FL,12,1224,24,2025-08-19,3.07,3.07
Florida,FL,12,1224,24,2025-02-19,3.23,3.27
Florida,FL,12,1225,25,2026-02-19,2.95,2.95
Florida,FL,12,1225,25,2026-02-12,2.9,2.9
Florida,FL,12,1225,25,2025-08-19,2.99,2.99
Florida,FL,12,1225,25,2025-02-19,3.1,3.13
Florida,FL,12,1226,26,2026-02-19,2.82,2.82
Florida,FL,12,1226,26,2026-02-12,2.8,2.8
Florida,FL,12,1226,26,2025-08-19,2.94,2.94
Florida,FL,12,1226,26,2025-02-19,3.08,3.12
Florida,FL,12,1227,27,2026-02-19,2.79,2.79
Florida,FL,12,1227,27,2026-02-12,2.77,2.77
Florida,FL,12,1227,27,2025-08-19,2.9,2.9
Florida,FL,12,1227,27,2025-02-19,2.99,3.02
Florida,FL,12,1228,28,2026-02-19,2.98,2.98
Florida,FL,12,1228,28,2026-02-12,2.93,2.93
Florida,FL,12,1228,28,2025-08-19,3.03,3.03
Florida,FL,12,1228,28,2025-02-19,3.16,3.19
Georgia,GA,13,1301,01,2026-02-19,2.75,2.75
Georgia,GA,13,1301,01,2026-02-12,2.79,2.79
Georgia,GA,13,1301,01,2025-08-19,2.97,2.97
Georgia,GA,13,1301,01,2025-02-19,2.96,2.99
Georgia,GA,13,1302,02,2026-02-19,2.57,2.57
Georgia,GA,13,1302,02,2026-02-12,2.61,2.61
Georgia,GA,13,1302,02,2025-08-19,2.82,2.82
Georgia,GA,13,1302,02,2025-02-19,2.84,2.87
Georgia,GA,13,1303,03,2026-02-19,2.65,2.65
Georgia,GA,13,1303,03,2026-02-12,2.67,2.67
Georgia,GA,13,1303,03,2025-08-19,2.88,2.88
Georgia,GA,13,1303,03,2025-02-19,2.92,2.95
Georgia,GA,13,1304,04,2026-02-19,2.66,2.66
Georgia,GA,13,1304,04,2026-02-12,2.66,2.66
Georgia,GA,13,1304,04,2025-08-19,2.9,2.9
Georgia,GA,13,1304,04,2025-02-19,2.93,2.96
Georgia,GA,13,1305,05,2026-02-19,2.82,2.82
Georgia,GA,13,1305,05,2026-02-12,2.82,2.82
Georgia,GA,13,1305,05,2025-08-19,3.04,3.04
Georgia,GA,13,1305,05,2025-02-19,3.08,3.12
Georgia,GA,13,1306,06,2026-02-19,2.77,2.77
Georgia,GA,13,1306,06,2026-02-12,2.8,2.8
Georgia,GA,13,1306,06,2025-08-19,3.01,3.01
Georgia,GA,13,1306,06,2025-02-19,3.02,3.06
Georgia,GA,13,1307,07,2026-02-19,2.69,2.69
Georgia,GA,13,1307,07,2026-02-12,2.71,2.71
Georgia,GA,13,1307,07,2025-08-19,2.96,2.96
Georgia,GA,13,1307,07,2025-02-19,2.98,3.01
Georgia,GA,13,1308,08,2026-02-19,2.56,2.56
Georgia,GA,13,1308,08,2026-02-12,2.62,2.62
Georgia,GA,13,1308,08,2025-08-19,2.82,2.82
Georgia,GA,13,1308,08,2025-02-19,2.85,2.89
Georgia,GA,13,1309,09,2026-02-19,2.59,2.59
Georgia,GA,13,1309,09,2026-02-12,2.62,2.62
Georgia,GA,13,1309,09,2025-08-19,2.85,2.85
Georgia,GA,13,1309,09,2025-02-19,2.87,2.9
Georgia,GA,13,1310,10,2026-02-19,2.62,2.62
Georgia,GA,13,1310,10,2026-02-12,2.64,2.64
Georgia,GA,13,1310,10,2025-08-19,2.86,2.86
Georgia,GA,13,1310,10,2025-02-19,2.89,2.93
Georgia,GA,13,1311,11,2026-02-19,2.62,2.62
Georgia,GA,13,1311,11,2026-02-12,2.68,2.68
Georgia,GA,13,1311,11,2025-08-19,2.92,2.92
Georgia,GA,13,1311,11,2025-02-19,2.92,2.95
Georgia,GA,13,1312,12,2026-02-19,2.56,2.56
Georgia,GA,13,1312,12,2026-02-12,2.63,2.63
Georgia,GA,13,1312,12,2025-08-19,2.86,2.86
Georgia,GA,13,1312,12,2025-02-19,2.84,2.87
Georgia,GA,13,1313,13,2026-02-19,2.62,2.62
Georgia,GA,13,1313,13,2026-02-12,2.63,2.63
Georgia,GA,13,1313,13,2025-08-19,2.89,2.89
Georgia,GA,13,1313,13,2025-02-19,2.88,2.92
Georgia,GA,13,1314,14,2026-02-19,2.59,2.59
Georgia,GA,13,1314,14,2026-02-12,2.63,2.63
Georgia,GA,13,1314,14,2025-08-19,2.85,2.85
Georgia,GA,13,1314,14,2025-02-19,2.9,2.93
Hawaii,HI,15,1501,01,2026-02-19,4.3,4.3
Hawaii,HI,15,1501,01,2026-02-12,4.3,4.3
Hawaii,HI,15,1501,01,2025-08-19,4.35,4.35
Hawaii,HI,15,1501,01,2025-02-19,4.46,4.51
Hawaii,HI,15,1502,02,2026-02-19,4.38,4.38
Hawaii,HI,15,1502,02,2026-02-12,4.44,4.44
Hawaii,HI,15,1502,02,2025-08-19,4.38,4.38
Hawaii,HI,15,1502,02,2025-02-19,4.41,4.46
Idaho,ID,16,1601,01,2026-02-19,2.7,2.7
Idaho,ID,16,1601,01,2026-02-12,2.63,2.63
Idaho,ID,16,1601,01,2025-08-19,3.22,3.22
Idaho,ID,16,1601,01,2025-02-19,3.12,3.16
Idaho,ID,16,1602,02,2026-02-19,2.69,2.69
Idaho,ID,16,1602,02,2026-02-12,2.83,2.83
Idaho,ID,16,1602,02,2025-08-19,3.46,3.46
Idaho,ID,16,1602,02,2025-02-19,3.12,3.16
Illinois,IL,17,1701,01,2026-02-19,3.27,3.27
Illinois,IL,17,1701,01,2026-02-12,3.21,3.21
Illinois,IL,17,1701,01,2025-08-19,3.61,3.61
Illinois,IL,17,1701,01,2025-02-19,3.44,3.48
Illinois,IL,17,1702,02,2026-02-19,2.97,2.97
Illinois,IL,17,1702,02,2026-02-12,2.95,2.95
Illinois,IL,17,1702,02,2025-08-19,3.37,3.37
Illinois,IL,17,1702,02,2025-02-19,3.24,3.28
Illinois,IL,17,1703,03,2026-02-19,3.26,3.26
Illinois,IL,17,1703,03,2026-02-12,3.23,3.23
Illinois,IL,17,1703,03,2025-08-19,3.65,3.65
Illinois,IL,17,1703,03,2025-02-19,3.48,3.52
Illinois,IL,17,1704,04,2026-02-19,3.26,3.26
Illinois,IL,17,1704,04,2026-02-12,3.21,3.21
Illinois,IL,17,1704,04,2025-08-19,3.62,3.62
Illinois,IL,17,1704,04,2025-02-19,3.48,3.52
Illinois,IL,17,1705,05,2026-02-19,3.34,3.34
Illinois,IL,17,1705,05,2026-02-12,3.33,3.33
Illinois,IL,17,1705,05,2025-08-19,3.76,3.76
Illinois,IL,17,1705,05,2025-02-19,3.58,3.62
Illinois,IL,17,1706,06,2026-02-19,3.18,3.18
Illinois,IL,17,1706,06,2026-02-12,3.1,3.1
Illinois,IL,17,1706,06,2025-08-19,3.47,3.47
Illinois,IL,17,1706,06,2025-02-19,3.26,3.3
Illinois,IL,17,1707,07,2026-02-19,3.3,3.3
Illinois,IL,17,1707,07,2026-02-12,3.26,3.26
Illinois,IL,17,1707,07,2025-08-19,3.7,3.7
Illinois,IL,17,1707,07,2025-02-19,3.56,3.6
Illinois,IL,17,1708,08,2026-02-19,3.17,3.17
Illinois,IL,17,1708,08,2026-02-12,3.11,3.11
Illinois,IL,17,1708,08,2025-08-19,3.47,3.47
Illinois,IL,17,1708,08,2025-02-19,3.23,3.27
Illinois,IL,17,1709,09,2026-02-19,3.17,3.17
Illinois,IL,17,1709,09,2026-02-12,3.13,3.13
Illinois,IL,17,1709,09,2025-08-19,3.6,3.6
Illinois,IL,17,1709,09,2025-02-19,3.4,3.44
Illinois,IL,17,1710,10,2026-02-19,3.17,3.17
Illinois,IL,17,1710,10,2026-02-12,3.09,3.09
Illinois,IL,17,1710,10,2025-08-19,3.45,3.45
Illinois,IL,17,1710,10,2025-02-19,3.19,3.23
Illinois,IL,17,1711,11,2026-02-19,3.14,3.14
Illinois,IL,17,1711,11,2026-02-12,3.03,3.03
Illinois,IL,17,1711,11,2025-08-19,3.41,3.41
Illinois,IL,17,1711,11,2025-02-19,3.21,3.25
Illinois,IL,17,1712,12,2026-02-19,2.47,2.47
Illinois,IL,17,1712,12,2026-02-12,2.55,2.55
Illinois,IL,17,1712,12,2025-08-19,2.82,2.82
Illinois,IL,17,1712,12,2025-02-19,2.82,2.85
Illinois,IL,17,1713,13,2026-02-19,2.86,2.86
Illinois,IL,17,1713,13,2026-02-12,2.9,2.9
Illinois,IL,17,1713,13,2025-08-19,3.21,3.21
Illinois,IL,17,1713,13,2025-02-19,3.14,3.18
Illinois,IL,17,1714,14,2026-02-19,2.97,2.97
Illinois,IL,17,1714,14,2026-02-12,2.93,2.93
Illinois,IL,17,1714,14,2025-08-19,3.33,3.33
Illinois,IL,17,1714,14,2025-02-19,3.17,3.21
Illinois,IL,17,1715,15,2026-02-19,2.55,2.55
Illinois,IL,17,1715,15,2026-02-12,2.58,2.58
Illinois,IL,17,1715,15,2025-08-19,2.91,2.91
Illinois,IL,17,1715,15,2025-02-19,2.84,2.87
Illinois,IL,17,1716,16,2026-02-19,2.8,2.8
Illinois,IL,17,1716,16,2026-02-12,2.8,2.8
Illinois,IL,17,1716,16,2025-08-19,3.14,3.14
Illinois,IL,17,1716,16,2025-02-19,3.11,3.14
Illinois,IL,17,1717,17,2026-02-19,2.79,2.79
Illinois,IL,17,1717,17,2026-02-12,2.82,2.82
Illinois,IL,17,1717,17,2025-08-19,3.18,3.18
Illinois,IL,17,1717,17,2025-02-19,3.15,3.19
Indiana,IN,18,1801,01,2026-02-19,2.89,2.89
Indiana,IN,18,1801,01,2026-02-12,2.73,2.73
Indiana,IN,18,1801,01,2025-08-19,3.29,3.29
Indiana,IN,18,1801,01,2025-02-19,3.07,3.1
Indiana,IN,18,1802,02,2026-02-19,2.79,2.79
Indiana,IN,18,1802,02,2026-02-12,2.71,2.71
Indiana,IN,18,1802,02,2025-08-19,3.19,3.19
Indiana,IN,18,1802,02,2025-02-19,2.87,2.9
Indiana,IN,18,1803,03,2026-02-19,2.77,2.77
Indiana,IN,18,1803,03,2026-02-12,2.69,2.69
Indiana,IN,18,1803,03,2025-08-19,3.17,3.17
Indiana,IN,18,1803,03,2025-02-19,2.81,2.84
Indiana,IN,18,1804,04,2026-02-19,2.83,2.83
Indiana,IN,18,1804,04,2026-02-12,2.72,2.72
Indiana,IN,18,1804,04,2025-08-19,3.2,3.2
Indiana,IN,18,1804,04,2025-02-19,2.92,2.96
Indiana,IN,18,1805,05,2026-02-19,2.79,2.79
Indiana,IN,18,1805,05,2026-02-12,2.67,2.67
Indiana,IN,18,1805,05,2025-08-19,3.2,3.2
Indiana,IN,18,1805,05,2025-02-19,2.87,2.91
Indiana,IN,18,1806,06,2026-02-19,2.8,2.8
Indiana,IN,18,1806,06,2026-02-12,2.71,2.71
Indiana,IN,18,1806,06,2025-08-19,3.12,3.12
Indiana,IN,18,1806,06,2025-02-19,2.79,2.82
Indiana,IN,18,1807,07,2026-02-19,2.84,2.84
Indiana,IN,18,1807,07,2026-02-12,2.75,2.75
Indiana,IN,18,1807,07,2025-08-19,3.2,3.2
Indiana,IN,18,1807,07,2025-02-19,2.9,2.94
Indiana,IN,18,1809,09,2026-02-19,2.52,2.52
Indiana,IN,18,1809,09,2026-02-12,2.44,2.44
Indiana,IN,18,1809,09,2025-08-19,2.8,2.8
Indiana,IN,18,1809,09,2025-02-19,2.86,2.9
Iowa,IA,19,1901,01,2026-02-19,2.34,2.34
Iowa,IA,19,1901,01,2026-02-12,2.37,2.37
Iowa,IA,19,1901,01,2025-08-19,2.75,2.75
Iowa,IA,19,1901,01,2025-02-19,2.81,2.85
Iowa,IA,19,1902,02,2026-02-19,2.35,2.35
Iowa,IA,19,1902,02,2026-02-12,2.39,2.39
Iowa,IA,19,1902,02,2025-08-19,2.73,2.73
Iowa,IA,19,1902,02,2025-02-19,2.79,2.83
Iowa,IA,19,1903,03,2026-02-19,2.46,2.46
Iowa,IA,19,1903,03,2026-02-12,2.41,2.41
Iowa,IA,19,1903,03,2025-08-19,2.76,2.76
Iowa,IA,19,1903,03,2025-02-19,2.76,2.79
Iowa,IA,19,1904,04,2026-02-19,2.27,2.27
Iowa,IA,19,1904,04,2026-02-12,2.19,2.19
Iowa,IA,19,1904,04,2025-08-19,2.72,2.72
Iowa,IA,19,1904,04,2025-02-19,2.76,2.79
Kansas,KS,20,2001,01,2026-02-19,1.98,1.98
Kansas,KS,20,2001,01,2026-02-12,2.01,2.01
Kansas,KS,20,2001,01,2025-08-19,2.36,2.36
Kansas,KS,20,2001,01,2025-02-19,2.54,2.57
Kansas,KS,20,2002,02,2026-02-19,2.17,2.17
Kansas,KS,20,2002,02,2026-02-12,2.21,2.21
Kansas,KS,20,2002,02,2025-08-19,2.64,2.64
Kansas,KS,20,2002,02,2025-02-19,2.64,2.67
Kansas,KS,20,2003,03,2026-02-19,2.48,2.48
Kansas,KS,20,2003,03,2026-02-12,2.5,2.5
Kansas,KS,20,2003,03,2025-08-19,2.85,2.85
Kansas,KS,20,2003,03,2025-02-19,2.84,2.87
Kansas,KS,20,2004,04,2026-02-19,2.19,2.19
Kansas,KS,20,2004,04,2026-02-12,2.23,2.23
Kansas,KS,20,2004,04,2025-08-19,2.6,2.6
Kansas,KS,20,2004,04,2025-02-19,2.75,2.78
Kentucky,KY,21,2101,01,2026-02-19,2.42,2.42
Kentucky,KY,21,2101,01,2026-02-12,2.42,2.42
Kentucky,KY,21,2101,01,2025-08-19,2.66,2.66
Kentucky,KY,21,2101,01,2025-02-19,2.59,2.62
Kentucky,KY,21,2102,02,2026-02-19,2.38,2.38
Kentucky,KY,21,2102,02,2026-02-12,2.39,2.39
Kentucky,KY,21,2102,02,2025-08-19,2.71,2.71
Kentucky,KY,21,2102,02,2025-02-19,2.58,2.61
Kentucky,KY,21,2103,03,2026-02-19,2.69,2.69
Kentucky,KY,21,2103,03,2026-02-12,2.65,2.65
Kentucky,KY,21,2103,03,2025-08-19,3.1,3.1
Kentucky,KY,21,2103,03,2025-02-19,2.83,2.86
Kentucky,KY,21,2104,04,2026-02-19,2.63,2.63
Kentucky,KY,21,2104,04,2026-02-12,2.59,2.59
Kentucky,KY,21,2104,04,2025-08-19,2.93,2.93
Kentucky,KY,21,2104,04,2025-02-19,2.7,2.73
Kentucky,KY,21,2105,05,2026-02-19,2.37,2.37
Kentucky,KY,21,2105,05,2026-02-12,2.41,2.41
Kentucky,KY,21,2105,05,2025-08-19,2.66,2.66
Kentucky,KY,21,2105,05,2025-02-19,2.58,2.61
Kentucky,KY,21,2106,06,2026-02-19,2.57,2.57
Kentucky,KY,21,2106,06,2026-02-12,2.57,2.57
Kentucky,KY,21,2106,06,2025-08-19,2.92,2.92
Kentucky,KY,21,2106,06,2025-02-19,2.79,2.82
Louisiana,LA,22,2201,01,2026-02-19,2.5,2.5
Louisiana,LA,22,2201,01,2026-02-12,2.49,2.49
Louisiana,LA,22,2201,01,2025-08-19,2.76,2.76
Louisiana,LA,22,2201,01,2025-02-19,2.75,2.78
Louisiana,LA,22,2202,02,2026-02-19,2.51,2.51
Louisiana,LA,22,2202,02,2026-02-12,2.49,2.49
Louisiana,LA,22,2202,02,2025-08-19,2.76,2.76
Louisiana,LA,22,2202,02,2025-02-19,2.75,2.79
Louisiana,LA,22,2203,03,2026-02-19,2.52,2.52
Louisiana,LA,22,2203,03,2026-02-12,2.53,2.53
Louisiana,LA,22,2203,03,2025-08-19,2.77,2.77
Louisiana,LA,22,2203,03,2025-02-19,2.79,2.83
Louisiana,LA,22,2204,04,2026-02-19,2.22,2.22
Louisiana,LA,22,2204,04,2026-02-12,2.22,2.22
Louisiana,LA,22,2204,04,2025-08-19,2.46,2.46
Louisiana,LA,22,2204,04,2025-02-19,2.58,2.61
Louisiana,LA,22,2205,05,2026-02-19,2.39,2.39
Louisiana,LA,22,2205,05,2026-02-12,2.4,2.4
Louisiana,LA,22,2205,05,2025-08-19,2.64,2.64
Louisiana,LA,22,2205,05,2025-02-19,2.64,2.67
Louisiana,LA,22,2206,06,2026-02-19,2.39,2.39
Louisiana,LA,22,2206,06,2026-02-12,2.39,2.39
Louisiana,LA,22,2206,06,2025-08-19,2.65,2.65
Louisiana,LA,22,2206,06,2025-02-19,2.65,2.68
Maine,ME,23,2302,02,2026-02-19,2.63,2.63
Maine,ME,23,2302,02,2026-02-12,2.64,2.64
Maine,ME,23,2302,02,2025-08-19,2.89,2.89
Maine,ME,23,2302,02,2025-02-19,2.87,2.91
Maryland,MD,24,2401,01,2026-02-19,2.86,2.86
Maryland,MD,24,2401,01,2026-02-12,2.84,2.84
Maryland,MD,24,2401,01,2025-08-19,3.04,3.04
Maryland,MD,24,2401,01,2025-02-19,3.04,3.07
Maryland,MD,24,2402,02,2026-02-19,2.93,2.93
Maryland,MD,24,2402,02,2026-02-12,2.94,2.94
Maryland,MD,24,2402,02,2025-08-19,3.13,3.13
Maryland,MD,24,2402,02,2025-02-19,3.14,3.18
Maryland,MD,24,2403,03,2026-02-19,3.02,3.02
Maryland,MD,24,2403,03,2026-02-12,3.03,3.03
Maryland,MD,24,2403,03,2025-08-19,3.23,3.23
Maryland,MD,24,2403,03,2025-02-19,3.24,3.28
Maryland,MD,24,2404,04,2026-02-19,2.98,2.98
Maryland,MD,24,2404,04,2026-02-12,2.99,2.99
Maryland,MD,24,2404,04,2025-08-19,3.2,3.2
Maryland,MD,24,2404,04,2025-02-19,3.2,3.24
Maryland,MD,24,2405,05,2026-02-19,2.93,2.93
Maryland,MD,24,2405,05,2026-02-12,2.94,2.94
Maryland,MD,24,2405,05,2025-08-19,3.12,3.12
Maryland,MD,24,2405,05,2025-02-19,3.16,3.2
Maryland,MD,24,2406,06,2026-02-19,2.88,2.88
Maryland,MD,24,2406,06,2026-02-12,2.84,2.84
Maryland,MD,24,2406,06,2025-08-19,3.03,3.03
Maryland,MD,24,2406,06,2025-02-19,3.08,3.11
Maryland,MD,24,2407,07,2026-02-19,2.98,2.98
Maryland,MD,24,2407,07,2026-02-12,2.99,2.99
Maryland,MD,24,2407,07,2025-08-19,3.17,3.17
Maryland,MD,24,2407,07,2025-02-19,3.2,3.24
Maryland,MD,24,2408,08,2026-02-19,3.04,3.04
Maryland,MD,24,2408,08,2026-02-12,3.05,3.05
Maryland,MD,24,2408,08,2025-08-19,3.3,3.3
Maryland,MD,24,2408,08,2025-02-19,3.31,3.35
Massachusetts,MA,25,2501,01,2026-02-19,2.71,2.71
Massachusetts,MA,25,2501,01,2026-02-12,2.71,2.71
Massachusetts,MA,25,2501,01,2025-08-19,2.88,2.88
Massachusetts,MA,25,2501,01,2025-02-19,2.9,2.94
Massachusetts,MA,25,2502,02,2026-02-19,2.82,2.82
Massachusetts,MA,25,2502,02,2026-02-12,2.81,2.81
Massachusetts,MA,25,2502,02,2025-08-19,2.92,2.92
Massachusetts,MA,25,2502,02,2025-02-19,2.9,2.93
Massachusetts,MA,25,2503,03,2026-02-19,2.85,2.85
Massachusetts,MA,25,2503,03,2026-02-12,2.84,2.84
Massachusetts,MA,25,2503,03,2025-08-19,3.03,3.03
Massachusetts,MA,25,2503,03,2025-02-19,3.04,3.07
Massachusetts,MA,25,2504,04,2026-02-19,2.86,2.86
Massachusetts,MA,25,2504,04,2026-02-12,2.84,2.84
Massachusetts,MA,25,2504,04,2025-08-19,3.01,3.01
Massachusetts,MA,25,2504,04,2025-02-19,3.02,3.05
Massachusetts,MA,25,2505,05,2026-02-19,3,3
Massachusetts,MA,25,2505,05,2026-02-12,2.99,2.99
Massachusetts,MA,25,2505,05,2025-08-19,3.11,3.11
Massachusetts,MA,25,2505,05,2025-02-19,3.1,3.14
Massachusetts,MA,25,2506,06,2026-02-19,2.88,2.88
Massachusetts,MA,25,2506,06,2026-02-12,2.88,2.88
Massachusetts,MA,25,2506,06,2025-08-19,3.01,3.01
Massachusetts,MA,25,2506,06,2025-02-19,3.01,3.04
Massachusetts,MA,25,2507,07,2026-02-19,3.1,3.1
Massachusetts,MA,25,2507,07,2026-02-12,3.08,3.08
Massachusetts,MA,25,2507,07,2025-08-19,3.22,3.22
Massachusetts,MA,25,2507,07,2025-02-19,3.24,3.28
Massachusetts,MA,25,2508,08,2026-02-19,2.91,2.91
Massachusetts,MA,25,2508,08,2026-02-12,2.89,2.89
Massachusetts,MA,25,2508,08,2025-08-19,3.07,3.07
Massachusetts,MA,25,2508,08,2025-02-19,3.08,3.12
Massachusetts,MA,25,2509,09,2026-02-19,2.9,2.9
Massachusetts,MA,25,2509,09,2026-02-12,2.88,2.88
Massachusetts,MA,25,2509,09,2025-08-19,3.06,3.06
Massachusetts,MA,25,2509,09,2025-02-19,3.04,3.07
Michigan,MI,26,2601,01,2026-02-19,2.61,2.61
Michigan,MI,26,2601,01,2026-02-12,2.62,2.62
Michigan,MI,26,2601,01,2025-08-19,2.97,2.97
Michigan,MI,26,2601,01,2025-02-19,2.85,2.89
Michigan,MI,26,2602,02,2026-02-19,2.77,2.77
Michigan,MI,26,2602,02,2026-02-12,2.71,2.71
Michigan,MI,26,2602,02,2025-08-19,3.1,3.1
Michigan,MI,26,2602,02,2025-02-19,2.95,2.98
Michigan,MI,26,2603,03,2026-02-19,2.93,2.93
Michigan,MI,26,2603,03,2026-02-12,2.75,2.75
Michigan,MI,26,2603,03,2025-08-19,3.26,3.26
Michigan,MI,26,2603,03,2025-02-19,3.05,3.08
Michigan,MI,26,2604,04,2026-02-19,2.87,2.87
Michigan,MI,26,2604,04,2026-02-12,2.76,2.76
Michigan,MI,26,2604,04,2025-08-19,3.15,3.15
Michigan,MI,26,2604,04,2025-02-19,3,3.04
Michigan,MI,26,2605,05,2026-02-19,2.9,2.9
Michigan,MI,26,2605,05,2026-02-12,2.78,2.78
Michigan,MI,26,2605,05,2025-08-19,3.1,3.1
Michigan,MI,26,2605,05,2025-02-19,2.94,2.97
Michigan,MI,26,2606,06,2026-02-19,3.1,3.1
Michigan,MI,26,2606,06,2026-02-12,2.98,2.98
Michigan,MI,26,2606,06,2025-08-19,3.26,3.26
Michigan,MI,26,2606,06,2025-02-19,3.15,3.18
Michigan,MI,26,2607,07,2026-02-19,3.06,3.06
Michigan,MI,26,2607,07,2026-02-12,2.9,2.9
Michigan,MI,26,2607,07,2025-08-19,3.27,3.27
Michigan,MI,26,2607,07,2025-02-19,3.07,3.1
Michigan,MI,26,2609,09,2026-02-19,2.89,2.89
Michigan,MI,26,2609,09,2026-02-12,2.74,2.74
Michigan,MI,26,2609,09,2025-08-19,3.11,3.11
Michigan,MI,26,2609,09,2025-02-19,2.92,2.95
Michigan,MI,26,2612,12,2026-02-19,2.95,2.95
Michigan,MI,26,2612,12,2026-02-12,2.88,2.88
Michigan,MI,26,2612,12,2025-08-19,3.15,3.15
Michigan,MI,26,2612,12,2025-02-19,3.13,3.16
Michigan,MI,26,2613,13,2026-02-19,2.99,2.99
Michigan,MI,26,2613,13,2026-02-12,2.92,2.92
Michigan,MI,26,2613,13,2025-08-19,3.15,3.15
Michigan,MI,26,2613,13,2025-02-19,3.16,3.2
Minnesota,MN,27,2701,01,2026-02-19,2.4,2.4
Minnesota,MN,27,2701,01,2026-02-12,2.51,2.51
Minnesota,MN,27,2701,01,2025-08-19,2.85,2.85
Minnesota,MN,27,2701,01,2025-02-19,2.97,3.01
Minnesota,MN,27,2702,02,2026-02-19,2.66,2.66
Minnesota,MN,27,2702,02,2026-02-12,2.7,2.7
Minnesota,MN,27,2702,02,2025-08-19,2.97,2.97
Minnesota,MN,27,2702,02,2025-02-19,3.05,3.09
Minnesota,MN,27,2703,03,2026-02-19,2.7,2.7
Minnesota,MN,27,2703,03,2026-02-12,2.72,2.72
Minnesota,MN,27,2703,03,2025-08-19,3,3
Minnesota,MN,27,2703,03,2025-02-19,3,3.03
Minnesota,MN,27,2704,04,2026-02-19,2.73,2.73
Minnesota,MN,27,2704,04,2026-02-12,2.8,2.8
Minnesota,MN,27,2704,04,2025-08-19,2.96,2.96
Minnesota,MN,27,2704,04,2025-02-19,3.04,3.07
Minnesota,MN,27,2706,06,2026-02-19,2.57,2.57
Minnesota,MN,27,2706,06,2026-02-12,2.64,2.64
Minnesota,MN,27,2706,06,2025-08-19,2.87,2.87
Minnesota,MN,27,2706,06,2025-02-19,3.02,3.05
Minnesota,MN,27,2707,07,2026-02-19,2.41,2.41
Minnesota,MN,27,2707,07,2026-02-12,2.47,2.47
Minnesota,MN,27,2707,07,2025-08-19,2.78,2.78
Minnesota,MN,27,2707,07,2025-02-19,2.89,2.92
Minnesota,MN,27,2708,08,2026-02-19,2.46,2.46
Minnesota,MN,27,2708,08,2026-02-12,2.5,2.5
Minnesota,MN,27,2708,08,2025-08-19,2.84,2.84
Minnesota,MN,27,2708,08,2025-02-19,2.9,2.94
Mississippi,MS,28,2801,01,2026-02-19,2.41,2.41
Mississippi,MS,28,2801,01,2026-02-12,2.32,2.32
Mississippi,MS,28,2801,01,2025-08-19,2.68,2.68
Mississippi,MS,28,2801,01,2025-02-19,2.62,2.65
Mississippi,MS,28,2802,02,2026-02-19,2.29,2.29
Mississippi,MS,28,2802,02,2026-02-12,2.24,2.24
Mississippi,MS,28,2802,02,2025-08-19,2.54,2.54
Mississippi,MS,28,2802,02,2025-02-19,2.54,2.57
Mississippi,MS,28,2803,03,2026-02-19,2.37,2.37
Mississippi,MS,28,2803,03,2026-02-12,2.38,2.38
Mississippi,MS,28,2803,03,2025-08-19,2.6,2.6
Mississippi,MS,28,2803,03,2025-02-19,2.57,2.6
Mississippi,MS,28,2804,04,2026-02-19,2.39,2.39
Mississippi,MS,28,2804,04,2026-02-12,2.38,2.38
Mississippi,MS,28,2804,04,2025-08-19,2.66,2.66
Mississippi,MS,28,2804,04,2025-02-19,2.63,2.66
Missouri,MO,29,2901,01,2026-02-19,2.71,2.71
Missouri,MO,29,2901,01,2026-02-12,2.63,2.63
Missouri,MO,29,2901,01,2025-08-19,2.9,2.9
Missouri,MO,29,2901,01,2025-02-19,2.88,2.92
Missouri,MO,29,2902,02,2026-02-19,2.62,2.62
Missouri,MO,29,2902,02,2026-02-12,2.53,2.53
Missouri,MO,29,2902,02,2025-08-19,2.86,2.86
Missouri,MO,29,2902,02,2025-02-19,2.84,2.87
Missouri,MO,29,2903,03,2026-02-19,2.23,2.23
Missouri,MO,29,2903,03,2026-02-12,2.21,2.21
Missouri,MO,29,2903,03,2025-08-19,2.51,2.51
Missouri,MO,29,2903,03,2025-02-19,2.5,2.53
Missouri,MO,29,2904,04,2026-02-19,2.17,2.17
Missouri,MO,29,2904,04,2026-02-12,2.16,2.16
Missouri,MO,29,2904,04,2025-08-19,2.6,2.6
Missouri,MO,29,2904,04,2025-02-19,2.68,2.71
Missouri,MO,29,2905,05,2026-02-19,2.45,2.45
Missouri,MO,29,2905,05,2026-02-12,2.44,2.44
Missouri,MO,29,2905,05,2025-08-19,2.87,2.87
Missouri,MO,29,2905,05,2025-02-19,2.86,2.89
Missouri,MO,29,2906,06,2026-02-19,2.15,2.15
Missouri,MO,29,2906,06,2026-02-12,2.16,2.16
Missouri,MO,29,2906,06,2025-08-19,2.51,2.51
Missouri,MO,29,2906,06,2025-02-19,2.57,2.6
Missouri,MO,29,2907,07,2026-02-19,2.27,2.27
Missouri,MO,29,2907,07,2026-02-12,2.32,2.32
Missouri,MO,29,2907,07,2025-08-19,2.67,2.67
Missouri,MO,29,2907,07,2025-02-19,2.77,2.8
Missouri,MO,29,2908,08,2026-02-19,2.34,2.34
Missouri,MO,29,2908,08,2026-02-12,2.37,2.37
Missouri,MO,29,2908,08,2025-08-19,2.61,2.61
Missouri,MO,29,2908,08,2025-02-19,2.7,2.74
Montana,MT,30,3001,01,2026-02-19,2.66,2.66
Montana,MT,30,3001,01,2026-02-12,2.65,2.65
Montana,MT,30,3001,01,2025-08-19,3.17,3.17
Montana,MT,30,3001,01,2025-02-19,2.97,3.01
Montana,MT,30,3002,02,2026-02-19,2.4,2.4
Montana,MT,30,3002,02,2026-02-12,2.45,2.45
Montana,MT,30,3002,02,2025-08-19,2.89,2.89
Montana,MT,30,3002,02,2025-02-19,2.81,2.85
Nebraska,NE,31,3101,01,2026-02-19,2.4,2.4
Nebraska,NE,31,3101,01,2026-02-12,2.47,2.47
Nebraska,NE,31,3101,01,2025-08-19,2.74,2.74
Nebraska,NE,31,3101,01,2025-02-19,2.76,2.79
Nebraska,NE,31,3102,02,2026-02-19,2.24,2.24
Nebraska,NE,31,3102,02,2026-02-12,2.59,2.59
Nebraska,NE,31,3102,02,2025-08-19,2.89,2.89
Nebraska,NE,31,3102,02,2025-02-19,2.91,2.95
Nebraska,NE,31,3103,03,2026-02-19,2.19,2.19
Nebraska,NE,31,3103,03,2026-02-12,2.26,2.26
Nebraska,NE,31,3103,03,2025-08-19,2.6,2.6
Nebraska,NE,31,3103,03,2025-02-19,2.64,2.67
Nevada,NV,32,3201,01,2026-02-19,2.49,2.49
Nevada,NV,32,3201,01,2026-02-12,2.4,2.4
Nevada,NV,32,3201,01,2025-08-19,3.34,3.34
Nevada,NV,32,3201,01,2025-02-19,3.47,3.51
Nevada,NV,32,3202,02,2026-02-19,3.43,3.43
Nevada,NV,32,3202,02,2026-02-12,3.29,3.29
Nevada,NV,32,3202,02,2025-08-19,3.7,3.7
Nevada,NV,32,3202,02,2025-02-19,3.7,3.74
Nevada,NV,32,3203,03,2026-02-19,3.57,3.57
Nevada,NV,32,3203,03,2026-02-12,3.47,3.47
Nevada,NV,32,3203,03,2025-08-19,3.74,3.74
Nevada,NV,32,3203,03,2025-02-19,3.89,3.93
Nevada,NV,32,3204,04,2026-02-19,3.39,3.39
Nevada,NV,32,3204,04,2026-02-12,3.3,3.3
Nevada,NV,32,3204,04,2025-08-19,3.59,3.59
Nevada,NV,32,3204,04,2025-02-19,3.69,3.73
New Hampshire,NH,33,3301,01,2026-02-19,2.66,2.66
New Hampshire,NH,33,3301,01,2026-02-12,2.68,2.68
New Hampshire,NH,33,3301,01,2025-08-19,2.87,2.87
New Hampshire,NH,33,3301,01,2025-02-19,2.86,2.9
New Hampshire,NH,33,3302,02,2026-02-19,2.61,2.61
New Hampshire,NH,33,3302,02,2026-02-12,2.6,2.6
New Hampshire,NH,33,3302,02,2025-08-19,2.73,2.73
New Hampshire,NH,33,3302,02,2025-02-19,2.76,2.8
New Jersey,NJ,34,3401,01,2026-02-19,2.85,2.85
New Jersey,NJ,34,3401,01,2026-02-12,2.73,2.73
New Jersey,NJ,34,3401,01,2025-08-19,3.01,3.01
New Jersey,NJ,34,3401,01,2025-02-19,3.02,3.05
New Jersey,NJ,34,3402,02,2026-02-19,2.75,2.75
New Jersey,NJ,34,3402,02,2026-02-12,2.72,2.72
New Jersey,NJ,34,3402,02,2025-08-19,2.96,2.96
New Jersey,NJ,34,3402,02,2025-02-19,3.01,3.04
New Jersey,NJ,34,3403,03,2026-02-19,2.83,2.83
New Jersey,NJ,34,3403,03,2026-02-12,2.72,2.72
New Jersey,NJ,34,3403,03,2025-08-19,3.02,3.02
New Jersey,NJ,34,3403,03,2025-02-19,3.01,3.05
New Jersey,NJ,34,3404,04,2026-02-19,2.87,2.87
New Jersey,NJ,34,3404,04,2026-02-12,2.77,2.77
New Jersey,NJ,34,3404,04,2025-08-19,3.12,3.12
New Jersey,NJ,34,3404,04,2025-02-19,3.11,3.14
New Jersey,NJ,34,3405,05,2026-02-19,2.85,2.85
New Jersey,NJ,34,3405,05,2026-02-12,2.77,2.77
New Jersey,NJ,34,3405,05,2025-08-19,3.06,3.06
New Jersey,NJ,34,3405,05,2025-02-19,3.06,3.1
New Jersey,NJ,34,3406,06,2026-02-19,2.9,2.9
New Jersey,NJ,34,3406,06,2026-02-12,2.81,2.81
New Jersey,NJ,34,3406,06,2025-08-19,3.12,3.12
New Jersey,NJ,34,3406,06,2025-02-19,3.08,3.12
New Jersey,NJ,34,3407,07,2026-02-19,2.9,2.9
New Jersey,NJ,34,3407,07,2026-02-12,2.8,2.8
New Jersey,NJ,34,3407,07,2025-08-19,3.11,3.11
New Jersey,NJ,34,3407,07,2025-02-19,3.09,3.12
New Jersey,NJ,34,3411,11,2026-02-19,2.92,2.92
New Jersey,NJ,34,3411,11,2026-02-12,2.84,2.84
New Jersey,NJ,34,3411,11,2025-08-19,3.15,3.15
New Jersey,NJ,34,3411,11,2025-02-19,3.15,3.18
New Jersey,NJ,34,3412,12,2026-02-19,2.72,2.72
New Jersey,NJ,34,3412,12,2026-02-12,2.65,2.65
New Jersey,NJ,34,3412,12,2025-08-19,2.97,2.97
New Jersey,NJ,34,3412,12,2025-02-19,2.95,2.98
New Mexico,NM,35,3501,01,2026-02-19,2.7,2.7
New Mexico,NM,35,3501,01,2026-02-12,2.54,2.54
New Mexico,NM,35,3501,01,2025-08-19,2.92,2.92
New Mexico,NM,35,3501,01,2025-02-19,2.93,2.96
New Mexico,NM,35,3502,02,2026-02-19,2.38,2.38
New Mexico,NM,35,3502,02,2026-02-12,2.32,2.32
New Mexico,NM,35,3502,02,2025-08-19,2.56,2.56
New Mexico,NM,35,3502,02,2025-02-19,2.85,2.88
New Mexico,NM,35,3503,03,2026-02-19,2.38,2.38
New Mexico,NM,35,3503,03,2026-02-12,2.26,2.26
New Mexico,NM,35,3503,03,2025-08-19,2.58,2.58
New Mexico,NM,35,3503,03,2025-02-19,2.72,2.75
New York,NY,36,3601,01,2026-02-19,2.72,2.72
New York,NY,36,3601,01,2026-02-12,2.67,2.67
New York,NY,36,3601,01,2025-08-19,3.19,3.19
New York,NY,36,3601,01,2025-02-19,3.09,3.13
New York,NY,36,3602,02,2026-02-19,2.81,2.81
New York,NY,36,3602,02,2026-02-12,2.76,2.76
New York,NY,36,3602,02,2025-08-19,3.07,3.07
New York,NY,36,3602,02,2025-02-19,3.02,3.05
New York,NY,36,3603,03,2026-02-19,2.87,2.87
New York,NY,36,3603,03,2026-02-12,2.84,2.84
New York,NY,36,3603,03,2025-08-19,3.1,3.1
New York,NY,36,3603,03,2025-02-19,3.06,3.1
New York,NY,36,3604,04,2026-02-19,2.83,2.83
New York,NY,36,3604,04,2026-02-12,2.79,2.79
New York,NY,36,3604,04,2025-08-19,3.09,3.09
New York,NY,36,3604,04,2025-02-19,3.04,3.07
New York,NY,36,3605,05,2026-02-19,2.9,2.9
New York,NY,36,3605,05,2026-02-12,2.88,2.88
New York,NY,36,3605,05,2025-08-19,3.12,3.12
New York,NY,36,3605,05,2025-02-19,3.12,3.16
New York,NY,36,3606,06,2026-02-19,2.99,2.99
New York,NY,36,3606,06,2026-02-12,2.98,2.98
New York,NY,36,3606,06,2025-08-19,3.22,3.22
New York,NY,36,3606,06,2025-02-19,3.2,3.24
New York,NY,36,3607,07,2026-02-19,2.94,2.94
New York,NY,36,3607,07,2026-02-12,2.91,2.91
New York,NY,36,3607,07,2025-08-19,3.19,3.19
New York,NY,36,3607,07,2025-02-19,3.16,3.2
New York,NY,36,3608,08,2026-02-19,2.9,2.9
New York,NY,36,3608,08,2026-02-12,2.84,2.84
New York,NY,36,3608,08,2025-08-19,3.15,3.15
New York,NY,36,3608,08,2025-02-19,3.14,3.17
New York,NY,36,3609,09,2026-02-19,2.9,2.9
New York,NY,36,3609,09,2026-02-12,2.84,2.84
New York,NY,36,3609,09,2025-08-19,3.15,3.15
New York,NY,36,3609,09,2025-02-19,3.13,3.16
New York,NY,36,3610,10,2026-02-19,2.98,2.98
New York,NY,36,3610,10,2026-02-12,2.93,2.93
New York,NY,36,3610,10,2025-08-19,3.22,3.22
New York,NY,36,3610,10,2025-02-19,3.19,3.23
New York,NY,36,3611,11,2026-02-19,3.02,3.02
New York,NY,36,3611,11,2026-02-12,2.98,2.98
New York,NY,36,3611,11,2025-08-19,3.24,3.24
New York,NY,36,3611,11,2025-02-19,3.19,3.23
New York,NY,36,3612,12,2026-02-19,2.98,2.98
New York,NY,36,3612,12,2026-02-12,2.93,2.93
New York,NY,36,3612,12,2025-08-19,3.2,3.2
New York,NY,36,3612,12,2025-02-19,3.15,3.19
New York,NY,36,3613,13,2026-02-19,2.94,2.94
New York,NY,36,3613,13,2026-02-12,2.92,2.92
New York,NY,36,3613,13,2025-08-19,3.19,3.19
New York,NY,36,3613,13,2025-02-19,3.18,3.21
New York,NY,36,3614,14,2026-02-19,3,3
New York,NY,36,3614,14,2026-02-12,2.96,2.96
New York,NY,36,3614,14,2025-08-19,3.24,3.24
New York,NY,36,3614,14,2025-02-19,3.22,3.26
New York,NY,36,3615,15,2026-02-19,2.95,2.95
New York,NY,36,3615,15,2026-02-12,2.93,2.93
New York,NY,36,3615,15,2025-08-19,3.18,3.18
New York,NY,36,3615,15,2025-02-19,3.18,3.22
New York,NY,36,3616,16,2026-02-19,3.13,3.13
New York,NY,36,3616,16,2026-02-12,3.14,3.14
New York,NY,36,3616,16,2025-08-19,3.32,3.32
New York,NY,36,3616,16,2025-02-19,3.31,3.35
New York,NY,36,3617,17,2026-02-19,3.21,3.21
New York,NY,36,3617,17,2026-02-12,3.2,3.2
New York,NY,36,3617,17,2025-08-19,3.35,3.35
New York,NY,36,3617,17,2025-02-19,3.35,3.38
New York,NY,36,3618,18,2026-02-19,2.88,2.88
New York,NY,36,3618,18,2026-02-12,2.87,2.87
New York,NY,36,3618,18,2025-08-19,3.1,3.1
New York,NY,36,3618,18,2025-02-19,3.07,3.11
New York,NY,36,3619,19,2026-02-19,2.76,2.76
New York,NY,36,3619,19,2026-02-12,2.76,2.76
New York,NY,36,3619,19,2025-08-19,2.94,2.94
New York,NY,36,3619,19,2025-02-19,2.97,3.01
New York,NY,36,3620,20,2026-02-19,2.96,2.96
New York,NY,36,3620,20,2026-02-12,2.93,2.93
New York,NY,36,3620,20,2025-08-19,3.08,3.08
New York,NY,36,3620,20,2025-02-19,3.14,3.17
New York,NY,36,3621,21,2026-02-19,2.72,2.72
New York,NY,36,3621,21,2026-02-12,2.71,2.71
New York,NY,36,3621,21,2025-08-19,2.87,2.87
New York,NY,36,3621,21,2025-02-19,2.93,2.96
New York,NY,36,3622,22,2026-02-19,2.89,2.89
New York,NY,36,3622,22,2026-02-12,2.89,2.89
New York,NY,36,3622,22,2025-08-19,3.05,3.05
New York,NY,36,3622,22,2025-02-19,3.09,3.13
New York,NY,36,3623,23,2026-02-19,2.85,2.85
New York,NY,36,3623,23,2026-02-12,2.86,2.86
New York,NY,36,3623,23,2025-08-19,3,3
New York,NY,36,3623,23,2025-02-19,2.97,3
New York,NY,36,3624,24,2026-02-19,2.81,2.81
New York,NY,36,3624,24,2026-02-12,2.83,2.83
New York,NY,36,3624,24,2025-08-19,2.99,2.99
New York,NY,36,3624,24,2025-02-19,3,3.04
New York,NY,36,3625,25,2026-02-19,3.09,3.09
New York,NY,36,3625,25,2026-02-12,3.07,3.07
New York,NY,36,3625,25,2025-08-19,3.18,3.18
New York,NY,36,3625,25,2025-02-19,3.21,3.25
New York,NY,36,3626,26,2026-02-19,3.09,3.09
New York,NY,36,3626,26,2026-02-12,3.09,3.09
New York,NY,36,3626,26,2025-08-19,3.18,3.18
New York,NY,36,3626,26,2025-02-19,3.15,3.19
North Carolina,NC,37,3701,01,2026-02-19,2.52,2.52
North Carolina,NC,37,3701,01,2026-02-12,2.58,2.58
North Carolina,NC,37,3701,01,2025-08-19,2.72,2.72
North Carolina,NC,37,3701,01,2025-02-19,2.62,2.65
North Carolina,NC,37,3702,02,2026-02-19,2.74,2.74
North Carolina,NC,37,3702,02,2026-02-12,2.78,2.78
North Carolina,NC,37,3702,02,2025-08-19,2.91,2.91
North Carolina,NC,37,3702,02,2025-02-19,2.92,2.95
North Carolina,NC,37,3703,03,2026-02-19,2.54,2.54
North Carolina,NC,37,3703,03,2026-02-12,2.65,2.65
North Carolina,NC,37,3703,03,2025-08-19,2.77,2.77
North Carolina,NC,37,3703,03,2025-02-19,2.69,2.72
North Carolina,NC,37,3704,04,2026-02-19,2.77,2.77
North Carolina,NC,37,3704,04,2026-02-12,2.78,2.78
North Carolina,NC,37,3704,04,2025-08-19,2.9,2.9
North Carolina,NC,37,3704,04,2025-02-19,2.92,2.95
North Carolina,NC,37,3705,05,2026-02-19,2.49,2.49
North Carolina,NC,37,3705,05,2026-02-12,2.54,2.54
North Carolina,NC,37,3705,05,2025-08-19,2.73,2.73
North Carolina,NC,37,3705,05,2025-02-19,2.7,2.73
North Carolina,NC,37,3706,06,2026-02-19,2.66,2.66
North Carolina,NC,37,3706,06,2026-02-12,2.72,2.72
North Carolina,NC,37,3706,06,2025-08-19,2.88,2.88
North Carolina,NC,37,3706,06,2025-02-19,2.81,2.84
North Carolina,NC,37,3707,07,2026-02-19,2.58,2.58
North Carolina,NC,37,3707,07,2026-02-12,2.66,2.66
North Carolina,NC,37,3707,07,2025-08-19,2.77,2.77
North Carolina,NC,37,3707,07,2025-02-19,2.76,2.79
North Carolina,NC,37,3708,08,2026-02-19,2.62,2.62
North Carolina,NC,37,3708,08,2026-02-12,2.66,2.66
North Carolina,NC,37,3708,08,2025-08-19,2.88,2.88
North Carolina,NC,37,3708,08,2025-02-19,2.84,2.88
North Carolina,NC,37,3709,09,2026-02-19,2.65,2.65
North Carolina,NC,37,3709,09,2026-02-12,2.7,2.7
North Carolina,NC,37,3709,09,2025-08-19,2.84,2.84
North Carolina,NC,37,3709,09,2025-02-19,2.84,2.87
North Carolina,NC,37,3710,10,2026-02-19,2.66,2.66
North Carolina,NC,37,3710,10,2026-02-12,2.7,2.7
North Carolina,NC,37,3710,10,2025-08-19,2.86,2.86
North Carolina,NC,37,3710,10,2025-02-19,2.82,2.86
North Carolina,NC,37,3711,11,2026-02-19,2.63,2.63
North Carolina,NC,37,3711,11,2026-02-12,2.62,2.62
North Carolina,NC,37,3711,11,2025-08-19,2.83,2.83
North Carolina,NC,37,3711,11,2025-02-19,2.85,2.89
North Carolina,NC,37,3712,12,2026-02-19,2.71,2.71
North Carolina,NC,37,3712,12,2026-02-12,2.76,2.76
North Carolina,NC,37,3712,12,2025-08-19,2.91,2.91
North Carolina,NC,37,3712,12,2025-02-19,2.9,2.93
North Carolina,NC,37,3713,13,2026-02-19,2.68,2.68
North Carolina,NC,37,3713,13,2026-02-12,2.7,2.7
North Carolina,NC,37,3713,13,2025-08-19,2.85,2.85
North Carolina,NC,37,3713,13,2025-02-19,2.83,2.86
North Carolina,NC,37,3714,14,2026-02-19,2.63,2.63
North Carolina,NC,37,3714,14,2026-02-12,2.66,2.66
North Carolina,NC,37,3714,14,2025-08-19,2.87,2.87
North Carolina,NC,37,3714,14,2025-02-19,2.86,2.89
North Dakota,ND,38,3800,00,2026-02-19,2.35,2.35
North Dakota,ND,38,3800,00,2026-02-12,2.4,2.4
North Dakota,ND,38,3800,00,2025-08-19,2.7,2.7
North Dakota,ND,38,3800,00,2025-02-19,2.8,2.83
Ohio,OH,39,3901,01,2026-02-19,2.87,2.87
Ohio,OH,39,3901,01,2026-02-12,2.69,2.69
Ohio,OH,39,3901,01,2025-08-19,3.12,3.12
Ohio,OH,39,3901,01,2025-02-19,2.83,2.86
Ohio,OH,39,3902,02,2026-02-19,2.68,2.68
Ohio,OH,39,3902,02,2026-02-12,2.64,2.64
Ohio,OH,39,3902,02,2025-08-19,2.94,2.94
Ohio,OH,39,3902,02,2025-02-19,2.77,2.8
Ohio,OH,39,3903,03,2026-02-19,2.8,2.8
Ohio,OH,39,3903,03,2026-02-12,2.73,2.73
Ohio,OH,39,3903,03,2025-08-19,3.05,3.05
Ohio,OH,39,3903,03,2025-02-19,2.81,2.84
Ohio,OH,39,3904,04,2026-02-19,2.73,2.73
Ohio,OH,39,3904,04,2026-02-12,2.63,2.63
Ohio,OH,39,3904,04,2025-08-19,2.95,2.95
Ohio,OH,39,3904,04,2025-02-19,2.78,2.81
Ohio,OH,39,3905,05,2026-02-19,2.69,2.69
Ohio,OH,39,3905,05,2026-02-12,2.62,2.62
Ohio,OH,39,3905,05,2025-08-19,2.94,2.94
Ohio,OH,39,3905,05,2025-02-19,2.81,2.84
Ohio,OH,39,3906,06,2026-02-19,2.77,2.77
Ohio,OH,39,3906,06,2026-02-12,2.68,2.68
Ohio,OH,39,3906,06,2025-08-19,2.99,2.99
Ohio,OH,39,3906,06,2025-02-19,2.87,2.91
Ohio,OH,39,3907,07,2026-02-19,2.87,2.87
Ohio,OH,39,3907,07,2026-02-12,2.76,2.76
Ohio,OH,39,3907,07,2025-08-19,3.1,3.1
Ohio,OH,39,3907,07,2025-02-19,3,3.04
Ohio,OH,39,3908,08,2026-02-19,2.75,2.75
Ohio,OH,39,3908,08,2026-02-12,2.61,2.61
Ohio,OH,39,3908,08,2025-08-19,3.03,3.03
Ohio,OH,39,3908,08,2025-02-19,2.75,2.78
Ohio,OH,39,3909,09,2026-02-19,2.83,2.83
Ohio,OH,39,3909,09,2026-02-12,2.71,2.71
Ohio,OH,39,3909,09,2025-08-19,3.03,3.03
Ohio,OH,39,3909,09,2025-02-19,2.83,2.86
Ohio,OH,39,3910,10,2026-02-19,2.83,2.83
Ohio,OH,39,3910,10,2026-02-12,2.69,2.69
Ohio,OH,39,3910,10,2025-08-19,2.96,2.96
Ohio,OH,39,3910,10,2025-02-19,2.71,2.75
Ohio,OH,39,3911,11,2026-02-19,2.85,2.85
Ohio,OH,39,3911,11,2026-02-12,2.81,2.81
Ohio,OH,39,3911,11,2025-08-19,3.12,3.12
Ohio,OH,39,3911,11,2025-02-19,3.03,3.06
Ohio,OH,39,3912,12,2026-02-19,2.67,2.67
Ohio,OH,39,3912,12,2026-02-12,2.64,2.64
Ohio,OH,39,3912,12,2025-08-19,2.95,2.95
Ohio,OH,39,3912,12,2025-02-19,2.73,2.76
Ohio,OH,39,3913,13,2026-02-19,2.89,2.89
Ohio,OH,39,3913,13,2026-02-12,2.71,2.71
Ohio,OH,39,3913,13,2025-08-19,3.12,3.12
Ohio,OH,39,3913,13,2025-02-19,2.97,3
Ohio,OH,39,3914,14,2026-02-19,2.8,2.8
Ohio,OH,39,3914,14,2026-02-12,2.72,2.72
Ohio,OH,39,3914,14,2025-08-19,3.02,3.02
Ohio,OH,39,3914,14,2025-02-19,2.9,2.93
Ohio,OH,39,3915,15,2026-02-19,2.79,2.79
Ohio,OH,39,3915,15,2026-02-12,2.73,2.73
Ohio,OH,39,3915,15,2025-08-19,2.97,2.97
Ohio,OH,39,3915,15,2025-02-19,2.8,2.83
Oklahoma,OK,40,4001,01,2026-02-19,2.06,2.06
Oklahoma,OK,40,4001,01,2026-02-12,2.13,2.13
Oklahoma,OK,40,4001,01,2025-08-19,2.5,2.5
Oklahoma,OK,40,4001,01,2025-02-19,2.7,2.73
Oklahoma,OK,40,4002,02,2026-02-19,2.09,2.09
Oklahoma,OK,40,4002,02,2026-02-12,2.12,2.12
Oklahoma,OK,40,4002,02,2025-08-19,2.59,2.59
Oklahoma,OK,40,4002,02,2025-02-19,2.58,2.61
Oklahoma,OK,40,4003,03,2026-02-19,2.05,2.05
Oklahoma,OK,40,4003,03,2026-02-12,2.05,2.05
Oklahoma,OK,40,4003,03,2025-08-19,2.54,2.54
Oklahoma,OK,40,4003,03,2025-02-19,2.58,2.61
Oklahoma,OK,40,4004,04,2026-02-19,2.3,2.3
Oklahoma,OK,40,4004,04,2026-02-12,2.29,2.29
Oklahoma,OK,40,4004,04,2025-08-19,2.67,2.67
Oklahoma,OK,40,4004,04,2025-02-19,2.7,2.73
Oklahoma,OK,40,4005,05,2026-02-19,2.35,2.35
Oklahoma,OK,40,4005,05,2026-02-12,2.29,2.29
Oklahoma,OK,40,4005,05,2025-08-19,2.64,2.64
Oklahoma,OK,40,4005,05,2025-02-19,2.72,2.75
Oregon,OR,41,4101,01,2026-02-19,3.56,3.56
Oregon,OR,41,4101,01,2026-02-12,3.57,3.57
Oregon,OR,41,4101,01,2025-08-19,4.09,4.09
Oregon,OR,41,4101,01,2025-02-19,3.79,3.84
Oregon,OR,41,4102,02,2026-02-19,3.37,3.37
Oregon,OR,41,4102,02,2026-02-12,3.29,3.29
Oregon,OR,41,4102,02,2025-08-19,3.73,3.73
Oregon,OR,41,4102,02,2025-02-19,3.52,3.57
Oregon,OR,41,4103,03,2026-02-19,3.68,3.68
Oregon,OR,41,4103,03,2026-02-12,3.55,3.55
Oregon,OR,41,4103,03,2025-08-19,4.01,4.01
Oregon,OR,41,4103,03,2025-02-19,3.78,3.82
Oregon,OR,41,4104,04,2026-02-19,3.28,3.28
Oregon,OR,41,4104,04,2026-02-12,3.22,3.22
Oregon,OR,41,4104,04,2025-08-19,3.66,3.66
Oregon,OR,41,4104,04,2025-02-19,3.45,3.49
Oregon,OR,41,4105,05,2026-02-19,3.5,3.5
Oregon,OR,41,4105,05,2026-02-12,3.4,3.4
Oregon,OR,41,4105,05,2025-08-19,3.93,3.93
Oregon,OR,41,4105,05,2025-02-19,3.71,3.76
Oregon,OR,41,4106,06,2026-02-19,3.54,3.54
Oregon,OR,41,4106,06,2026-02-12,3.41,3.41
Oregon,OR,41,4106,06,2025-08-19,3.88,3.88
Oregon,OR,41,4106,06,2025-02-19,3.6,3.64
Pennsylvania,PA,42,4201,01,2026-02-19,2.88,2.88
Pennsylvania,PA,42,4201,01,2026-02-12,2.85,2.85
Pennsylvania,PA,42,4201,01,2025-08-19,3.17,3.17
Pennsylvania,PA,42,4201,01,2025-02-19,3.2,3.23
Pennsylvania,PA,42,4202,02,2026-02-19,2.95,2.95
Pennsylvania,PA,42,4202,02,2026-02-12,2.93,2.93
Pennsylvania,PA,42,4202,02,2025-08-19,3.24,3.24
Pennsylvania,PA,42,4202,02,2025-02-19,3.23,3.27
Pennsylvania,PA,42,4203,03,2026-02-19,3,3
Pennsylvania,PA,42,4203,03,2026-02-12,2.97,2.97
Pennsylvania,PA,42,4203,03,2025-08-19,3.28,3.28
Pennsylvania,PA,42,4203,03,2025-02-19,3.27,3.3
Pennsylvania,PA,42,4204,04,2026-02-19,2.93,2.93
Pennsylvania,PA,42,4204,04,2026-02-12,2.91,2.91
Pennsylvania,PA,42,4204,04,2025-08-19,3.22,3.22
Pennsylvania,PA,42,4204,04,2025-02-19,3.23,3.27
Pennsylvania,PA,42,4205,05,2026-02-19,2.92,2.92
Pennsylvania,PA,42,4205,05,2026-02-12,2.91,2.91
Pennsylvania,PA,42,4205,05,2025-08-19,3.23,3.23
Pennsylvania,PA,42,4205,05,2025-02-19,3.21,3.25
Pennsylvania,PA,42,4206,06,2026-02-19,2.98,2.98
Pennsylvania,PA,42,4206,06,2026-02-12,2.94,2.94
Pennsylvania,PA,42,4206,06,2025-08-19,3.2,3.2
Pennsylvania,PA,42,4206,06,2025-02-19,3.23,3.26
Pennsylvania,PA,42,4207,07,2026-02-19,3.06,3.06
Pennsylvania,PA,42,4207,07,2026-02-12,2.98,2.98
Pennsylvania,PA,42,4207,07,2025-08-19,3.16,3.16
Pennsylvania,PA,42,4207,07,2025-02-19,3.23,3.26
Pennsylvania,PA,42,4208,08,2026-02-19,2.96,2.96
Pennsylvania,PA,42,4208,08,2026-02-12,2.89,2.89
Pennsylvania,PA,42,4208,08,2025-08-19,3.12,3.12
Pennsylvania,PA,42,4208,08,2025-02-19,3.23,3.27
Pennsylvania,PA,42,4209,09,2026-02-19,2.85,2.85
Pennsylvania,PA,42,4209,09,2026-02-12,2.79,2.79
Pennsylvania,PA,42,4209,09,2025-08-19,2.99,2.99
Pennsylvania,PA,42,4209,09,2025-02-19,3.11,3.15
Pennsylvania,PA,42,4210,10,2026-02-19,3.07,3.07
Pennsylvania,PA,42,4210,10,2026-02-12,3.01,3.01
Pennsylvania,PA,42,4210,10,2025-08-19,3.16,3.16
Pennsylvania,PA,42,4210,10,2025-02-19,3.27,3.31
Pennsylvania,PA,42,4211,11,2026-02-19,2.94,2.94
Pennsylvania,PA,42,4211,11,2026-02-12,2.88,2.88
Pennsylvania,PA,42,4211,11,2025-08-19,3.05,3.05
Pennsylvania,PA,42,4211,11,2025-02-19,3.18,3.21
Pennsylvania,PA,42,4212,12,2026-02-19,3.21,3.21
Pennsylvania,PA,42,4212,12,2026-02-12,3.1,3.1
Pennsylvania,PA,42,4212,12,2025-08-19,3.39,3.39
Pennsylvania,PA,42,4212,12,2025-02-19,3.53,3.57
Pennsylvania,PA,42,4213,13,2026-02-19,2.85,2.85
Pennsylvania,PA,42,4213,13,2026-02-12,2.77,2.77
Pennsylvania,PA,42,4213,13,2025-08-19,2.98,2.98
Pennsylvania,PA,42,4213,13,2025-02-19,3.1,3.14
Pennsylvania,PA,42,4214,14,2026-02-19,2.88,2.88
Pennsylvania,PA,42,4214,14,2026-02-12,2.82,2.82
Pennsylvania,PA,42,4214,14,2025-08-19,3.02,3.02
Pennsylvania,PA,42,4214,14,2025-02-19,3.18,3.22
Pennsylvania,PA,42,4215,15,2026-02-19,2.82,2.82
Pennsylvania,PA,42,4215,15,2026-02-12,2.82,2.82
Pennsylvania,PA,42,4215,15,2025-08-19,2.98,2.98
Pennsylvania,PA,42,4215,15,2025-02-19,3.07,3.1
Pennsylvania,PA,42,4216,16,2026-02-19,2.96,2.96
Pennsylvania,PA,42,4216,16,2026-02-12,2.86,2.86
Pennsylvania,PA,42,4216,16,2025-08-19,3.14,3.14
Pennsylvania,PA,42,4216,16,2025-02-19,3.22,3.25
Pennsylvania,PA,42,4217,17,2026-02-19,3.19,3.19
Pennsylvania,PA,42,4217,17,2026-02-12,3.07,3.07
Pennsylvania,PA,42,4217,17,2025-08-19,3.38,3.38
Pennsylvania,PA,42,4217,17,2025-02-19,3.5,3.54
Rhode Island,RI,44,4401,01,2026-02-19,2.65,2.65
Rhode Island,RI,44,4401,01,2026-02-12,2.61,2.61
Rhode Island,RI,44,4401,01,2025-08-19,2.83,2.83
Rhode Island,RI,44,4401,01,2025-02-19,2.83,2.86
Rhode Island,RI,44,4402,02,2026-02-19,2.82,2.82
Rhode Island,RI,44,4402,02,2026-02-12,2.79,2.79
Rhode Island,RI,44,4402,02,2025-08-19,2.98,2.98
Rhode Island,RI,44,4402,02,2025-02-19,2.96,3
South Carolina,SC,45,4501,01,2026-02-19,2.53,2.53
South Carolina,SC,45,4501,01,2026-02-12,2.58,2.58
South Carolina,SC,45,4501,01,2025-08-19,2.75,2.75
South Carolina,SC,45,4501,01,2025-02-19,2.78,2.82
South Carolina,SC,45,4502,02,2026-02-19,2.56,2.56
South Carolina,SC,45,4502,02,2026-02-12,2.62,2.62
South Carolina,SC,45,4502,02,2025-08-19,2.85,2.85
South Carolina,SC,45,4502,02,2025-02-19,2.8,2.83
South Carolina,SC,45,4503,03,2026-02-19,2.49,2.49
South Carolina,SC,45,4503,03,2026-02-12,2.55,2.55
South Carolina,SC,45,4503,03,2025-08-19,2.71,2.71
South Carolina,SC,45,4503,03,2025-02-19,2.66,2.69
South Carolina,SC,45,4504,04,2026-02-19,2.61,2.61
South Carolina,SC,45,4504,04,2026-02-12,2.65,2.65
South Carolina,SC,45,4504,04,2025-08-19,2.83,2.83
South Carolina,SC,45,4504,04,2025-02-19,2.75,2.79
South Carolina,SC,45,4505,05,2026-02-19,2.5,2.5
South Carolina,SC,45,4505,05,2026-02-12,2.57,2.57
South Carolina,SC,45,4505,05,2025-08-19,2.77,2.77
South Carolina,SC,45,4505,05,2025-02-19,2.75,2.79
South Carolina,SC,45,4506,06,2026-02-19,2.51,2.51
South Carolina,SC,45,4506,06,2026-02-12,2.55,2.55
South Carolina,SC,45,4506,06,2025-08-19,2.8,2.8
South Carolina,SC,45,4506,06,2025-02-19,2.76,2.79
South Carolina,SC,45,4507,07,2026-02-19,2.48,2.48
South Carolina,SC,45,4507,07,2026-02-12,2.54,2.54
South Carolina,SC,45,4507,07,2025-08-19,2.71,2.71
South Carolina,SC,45,4507,07,2025-02-19,2.73,2.76
South Dakota,SD,46,4600,00,2026-02-19,2.19,2.19
South Dakota,SD,46,4600,00,2026-02-12,2.38,2.38
South Dakota,SD,46,4600,00,2025-08-19,2.7,2.7
South Dakota,SD,46,4600,00,2025-02-19,2.71,2.74
Tennessee,TN,47,4701,01,2026-02-19,2.37,2.37
Tennessee,TN,47,4701,01,2026-02-12,2.39,2.39
Tennessee,TN,47,4701,01,2025-08-19,2.69,2.69
Tennessee,TN,47,4701,01,2025-02-19,2.76,2.79
Tennessee,TN,47,4702,02,2026-02-19,2.37,2.37
Tennessee,TN,47,4702,02,2026-02-12,2.37,2.37
Tennessee,TN,47,4702,02,2025-08-19,2.72,2.72
Tennessee,TN,47,4702,02,2025-02-19,2.77,2.81
Tennessee,TN,47,4703,03,2026-02-19,2.41,2.41
Tennessee,TN,47,4703,03,2026-02-12,2.44,2.44
Tennessee,TN,47,4703,03,2025-08-19,2.64,2.64
Tennessee,TN,47,4703,03,2025-02-19,2.68,2.71
Tennessee,TN,47,4704,04,2026-02-19,2.28,2.28
Tennessee,TN,47,4704,04,2026-02-12,2.45,2.45
Tennessee,TN,47,4704,04,2025-08-19,2.67,2.67
Tennessee,TN,47,4704,04,2025-02-19,2.66,2.69
Tennessee,TN,47,4705,05,2026-02-19,2.16,2.16
Tennessee,TN,47,4705,05,2026-02-12,2.18,2.18
Tennessee,TN,47,4705,05,2025-08-19,2.64,2.64
Tennessee,TN,47,4705,05,2025-02-19,2.85,2.88
Tennessee,TN,47,4706,06,2026-02-19,2.21,2.21
Tennessee,TN,47,4706,06,2026-02-12,2.44,2.44
Tennessee,TN,47,4706,06,2025-08-19,2.65,2.65
Tennessee,TN,47,4706,06,2025-02-19,2.67,2.7
Tennessee,TN,47,4707,07,2026-02-19,2.36,2.36
Tennessee,TN,47,4707,07,2026-02-12,2.51,2.51
Tennessee,TN,47,4707,07,2025-08-19,2.72,2.72
Tennessee,TN,47,4707,07,2025-02-19,2.71,2.74
Tennessee,TN,47,4708,08,2026-02-19,2.41,2.41
Tennessee,TN,47,4708,08,2026-02-12,2.35,2.35
Tennessee,TN,47,4708,08,2025-08-19,2.67,2.67
Tennessee,TN,47,4708,08,2025-02-19,2.65,2.69
Tennessee,TN,47,4709,09,2026-02-19,2.48,2.48
Tennessee,TN,47,4709,09,2026-02-12,2.47,2.47
Tennessee,TN,47,4709,09,2025-08-19,2.77,2.77
Tennessee,TN,47,4709,09,2025-02-19,2.76,2.79
Texas,TX,48,4801,01,2026-02-19,2.29,2.29
Texas,TX,48,4801,01,2026-02-12,2.4,2.4
Texas,TX,48,4801,01,2025-08-19,2.68,2.68
Texas,TX,48,4801,01,2025-02-19,2.62,2.65
Texas,TX,48,4802,02,2026-02-19,2.46,2.46
Texas,TX,48,4802,02,2026-02-12,2.45,2.45
Texas,TX,48,4802,02,2025-08-19,2.71,2.71
Texas,TX,48,4802,02,2025-02-19,2.69,2.72
Texas,TX,48,4803,03,2026-02-19,2.43,2.43
Texas,TX,48,4803,03,2026-02-12,2.48,2.48
Texas,TX,48,4803,03,2025-08-19,2.8,2.8
Texas,TX,48,4803,03,2025-02-19,2.78,2.81
Texas,TX,48,4804,04,2026-02-19,2.42,2.42
Texas,TX,48,4804,04,2026-02-12,2.44,2.44
Texas,TX,48,4804,04,2025-08-19,2.7,2.7
Texas,TX,48,4804,04,2025-02-19,2.68,2.71
Texas,TX,48,4805,05,2026-02-19,2.48,2.48
Texas,TX,48,4805,05,2026-02-12,2.49,2.49
Texas,TX,48,4805,05,2025-08-19,2.81,2.81
Texas,TX,48,4805,05,2025-02-19,2.77,2.81
Texas,TX,48,4806,06,2026-02-19,2.25,2.25
Texas,TX,48,4806,06,2026-02-12,2.26,2.26
Texas,TX,48,4806,06,2025-08-19,2.79,2.79
Texas,TX,48,4806,06,2025-02-19,2.74,2.77
Texas,TX,48,4807,07,2026-02-19,2.54,2.54
Texas,TX,48,4807,07,2026-02-12,2.52,2.52
Texas,TX,48,4807,07,2025-08-19,2.77,2.77
Texas,TX,48,4807,07,2025-02-19,2.75,2.79
Texas,TX,48,4808,08,2026-02-19,2.42,2.42
Texas,TX,48,4808,08,2026-02-12,2.41,2.41
Texas,TX,48,4808,08,2025-08-19,2.69,2.69
Texas,TX,48,4808,08,2025-02-19,2.67,2.7
Texas,TX,48,4809,09,2026-02-19,2.45,2.45
Texas,TX,48,4809,09,2026-02-12,2.44,2.44
Texas,TX,48,4809,09,2025-08-19,2.69,2.69
Texas,TX,48,4809,09,2025-02-19,2.67,2.7
Texas,TX,48,4810,10,2026-02-19,2.39,2.39
Texas,TX,48,4810,10,2026-02-12,2.35,2.35
Texas,TX,48,4810,10,2025-08-19,2.64,2.64
Texas,TX,48,4810,10,2025-02-19,2.66,2.69
Texas,TX,48,4811,11,2026-02-19,2.43,2.43
Texas,TX,48,4811,11,2026-02-12,2.36,2.36
Texas,TX,48,4811,11,2025-08-19,2.63,2.63
Texas,TX,48,4811,11,2025-02-19,2.63,2.66
Texas,TX,48,4812,12,2026-02-19,2.56,2.56
Texas,TX,48,4812,12,2026-02-12,2.59,2.59
Texas,TX,48,4812,12,2025-08-19,2.85,2.85
Texas,TX,48,4812,12,2025-02-19,2.83,2.86
Texas,TX,48,4813,13,2026-02-19,2.15,2.15
Texas,TX,48,4813,13,2026-02-12,2.15,2.15
Texas,TX,48,4813,13,2025-08-19,2.48,2.48
Texas,TX,48,4813,13,2025-02-19,2.58,2.61
Texas,TX,48,4814,14,2026-02-19,2.48,2.48
Texas,TX,48,4814,14,2026-02-12,2.46,2.46
Texas,TX,48,4814,14,2025-08-19,2.72,2.72
Texas,TX,48,4814,14,2025-02-19,2.67,2.7
Texas,TX,48,4815,15,2026-02-19,2.61,2.61
Texas,TX,48,4815,15,2026-02-12,2.3,2.3
Texas,TX,48,4815,15,2025-08-19,2.61,2.61
Texas,TX,48,4815,15,2025-02-19,2.67,2.7
Texas,TX,48,4816,16,2026-02-19,2.68,2.68
Texas,TX,48,4816,16,2026-02-12,2.65,2.65
Texas,TX,48,4816,16,2025-08-19,2.91,2.91
Texas,TX,48,4816,16,2025-02-19,2.9,2.93
Texas,TX,48,4817,17,2026-02-19,2.58,2.58
Texas,TX,48,4817,17,2026-02-12,2.43,2.43
Texas,TX,48,4817,17,2025-08-19,2.71,2.71
Texas,TX,48,4817,17,2025-02-19,2.67,2.7
Texas,TX,48,4818,18,2026-02-19,2.5,2.5
Texas,TX,48,4818,18,2026-02-12,2.49,2.49
Texas,TX,48,4818,18,2025-08-19,2.75,2.75
Texas,TX,48,4818,18,2025-02-19,2.73,2.76
Texas,TX,48,4819,19,2026-02-19,2.23,2.23
Texas,TX,48,4819,19,2026-02-12,2.28,2.28
Texas,TX,48,4819,19,2025-08-19,2.62,2.62
Texas,TX,48,4819,19,2025-02-19,2.64,2.67
Texas,TX,48,4820,20,2026-02-19,2.69,2.69
Texas,TX,48,4820,20,2026-02-12,2.4,2.4
Texas,TX,48,4820,20,2025-08-19,2.79,2.79
Texas,TX,48,4820,20,2025-02-19,2.69,2.72
Texas,TX,48,4821,21,2026-02-19,2.51,2.51
Texas,TX,48,4821,21,2026-02-12,2.27,2.27
Texas,TX,48,4821,21,2025-08-19,2.59,2.59
Texas,TX,48,4821,21,2025-02-19,2.66,2.69
Texas,TX,48,4822,22,2026-02-19,2.42,2.42
Texas,TX,48,4822,22,2026-02-12,2.41,2.41
Texas,TX,48,4822,22,2025-08-19,2.66,2.66
Texas,TX,48,4822,22,2025-02-19,2.64,2.67
Texas,TX,48,4823,23,2026-02-19,2.56,2.56
Texas,TX,48,4823,23,2026-02-12,2.38,2.38
Texas,TX,48,4823,23,2025-08-19,2.68,2.68
Texas,TX,48,4823,23,2025-02-19,2.76,2.79
Texas,TX,48,4824,24,2026-02-19,2.54,2.54
Texas,TX,48,4824,24,2026-02-12,2.59,2.59
Texas,TX,48,4824,24,2025-08-19,2.87,2.87
Texas,TX,48,4824,24,2025-02-19,2.84,2.88
Texas,TX,48,4825,25,2026-02-19,2.49,2.49
Texas,TX,48,4825,25,2026-02-12,2.51,2.51
Texas,TX,48,4825,25,2025-08-19,2.76,2.76
Texas,TX,48,4825,25,2025-02-19,2.78,2.81
Texas,TX,48,4826,26,2026-02-19,2.51,2.51
Texas,TX,48,4826,26,2026-02-12,2.55,2.55
Texas,TX,48,4826,26,2025-08-19,2.85,2.85
Texas,TX,48,4826,26,2025-02-19,2.83,2.86
Texas,TX,48,4827,27,2026-02-19,2.62,2.62
Texas,TX,48,4827,27,2026-02-12,2.4,2.4
Texas,TX,48,4827,27,2025-08-19,2.68,2.68
Texas,TX,48,4827,27,2025-02-19,2.68,2.72
Texas,TX,48,4828,28,2026-02-19,2.48,2.48
Texas,TX,48,4828,28,2026-02-12,2.29,2.29
Texas,TX,48,4828,28,2025-08-19,2.58,2.58
Texas,TX,48,4828,28,2025-02-19,2.65,2.68
Texas,TX,48,4829,29,2026-02-19,2.46,2.46
Texas,TX,48,4829,29,2026-02-12,2.44,2.44
Texas,TX,48,4829,29,2025-08-19,2.69,2.69
Texas,TX,48,4829,29,2025-02-19,2.67,2.7
Texas,TX,48,4830,30,2026-02-19,2.5,2.5
Texas,TX,48,4830,30,2026-02-12,2.54,2.54
Texas,TX,48,4830,30,2025-08-19,2.87,2.87
Texas,TX,48,4830,30,2025-02-19,2.84,2.87
Texas,TX,48,4831,31,2026-02-19,2.44,2.44
Texas,TX,48,4831,31,2026-02-12,2.29,2.29
Texas,TX,48,4831,31,2025-08-19,2.6,2.6
Texas,TX,48,4831,31,2025-02-19,2.56,2.59
Texas,TX,48,4832,32,2026-02-19,2.55,2.55
Texas,TX,48,4832,32,2026-02-12,2.59,2.59
Texas,TX,48,4832,32,2025-08-19,2.88,2.88
Texas,TX,48,4832,32,2025-02-19,2.85,2.89
Texas,TX,48,4833,33,2026-02-19,2.57,2.57
Texas,TX,48,4833,33,2026-02-12,2.6,2.6
Texas,TX,48,4833,33,2025-08-19,2.87,2.87
Texas,TX,48,4833,33,2025-02-19,2.85,2.88
Texas,TX,48,4834,34,2026-02-19,2.61,2.61
Texas,TX,48,4834,34,2026-02-12,2.32,2.32
Texas,TX,48,4834,34,2025-08-19,2.61,2.61
Texas,TX,48,4834,34,2025-02-19,2.65,2.68
Texas,TX,48,4835,35,2026-02-19,2.56,2.56
Texas,TX,48,4835,35,2026-02-12,2.33,2.33
Texas,TX,48,4835,35,2025-08-19,2.67,2.67
Texas,TX,48,4835,35,2025-02-19,2.71,2.75
Texas,TX,48,4836,36,2026-02-19,2.46,2.46
Texas,TX,48,4836,36,2026-02-12,2.44,2.44
Texas,TX,48,4836,36,2025-08-19,2.59,2.59
Texas,TX,48,4836,36,2025-02-19,2.65,2.68
Texas,TX,48,4837,37,2026-02-19,2.7,2.7
Texas,TX,48,4837,37,2026-02-12,2.48,2.48
Texas,TX,48,4837,37,2025-08-19,2.81,2.81
Texas,TX,48,4837,37,2025-02-19,2.74,2.77
Texas,TX,48,4838,38,2026-02-19,2.45,2.45
Texas,TX,48,4838,38,2026-02-12,2.44,2.44
Texas,TX,48,4838,38,2025-08-19,2.71,2.71
Texas,TX,48,4838,38,2025-02-19,2.68,2.71
Utah,UT,49,4901,01,2026-02-19,2.68,2.68
Utah,UT,49,4901,01,2026-02-12,2.69,2.69
Utah,UT,49,4901,01,2025-08-19,3.29,3.29
Utah,UT,49,4901,01,2025-02-19,3.01,3.04
Utah,UT,49,4902,02,2026-02-19,2.48,2.48
Utah,UT,49,4902,02,2026-02-12,2.63,2.63
Utah,UT,49,4902,02,2025-08-19,3.29,3.29
Utah,UT,49,4902,02,2025-02-19,3.02,3.05
Utah,UT,49,4903,03,2026-02-19,2.63,2.63
Utah,UT,49,4903,03,2026-02-12,2.62,2.62
Utah,UT,49,4903,03,2025-08-19,3.21,3.21
Utah,UT,49,4903,03,2025-02-19,3.05,3.09
Utah,UT,49,4904,04,2026-02-19,2.73,2.73
Utah,UT,49,4904,04,2026-02-12,2.71,2.71
Utah,UT,49,4904,04,2025-08-19,3.35,3.35
Utah,UT,49,4904,04,2025-02-19,3.03,3.06
Virginia,VA,51,5101,01,2026-02-19,2.86,2.86
Virginia,VA,51,5101,01,2026-02-12,2.85,2.85
Virginia,VA,51,5101,01,2025-08-19,3.05,3.05
Virginia,VA,51,5101,01,2025-02-19,2.96,2.99
Virginia,VA,51,5102,02,2026-02-19,2.86,2.86
Virginia,VA,51,5102,02,2026-02-12,2.91,2.91
Virginia,VA,51,5102,02,2025-08-19,3.14,3.14
Virginia,VA,51,5102,02,2025-02-19,2.96,3
Virginia,VA,51,5103,03,2026-02-19,2.88,2.88
Virginia,VA,51,5103,03,2026-02-12,2.91,2.91
Virginia,VA,51,5103,03,2025-08-19,3.12,3.12
Virginia,VA,51,5103,03,2025-02-19,2.97,3
Virginia,VA,51,5104,04,2026-02-19,2.9,2.9
Virginia,VA,51,5104,04,2026-02-12,2.86,2.86
Virginia,VA,51,5104,04,2025-08-19,3.04,3.04
Virginia,VA,51,5104,04,2025-02-19,3,3.03
Virginia,VA,51,5105,05,2026-02-19,2.6,2.6
Virginia,VA,51,5105,05,2026-02-12,2.6,2.6
Virginia,VA,51,5105,05,2025-08-19,2.87,2.87
Virginia,VA,51,5105,05,2025-02-19,2.81,2.84
Virginia,VA,51,5106,06,2026-02-19,2.76,2.76
Virginia,VA,51,5106,06,2026-02-12,2.76,2.76
Virginia,VA,51,5106,06,2025-08-19,2.94,2.94
Virginia,VA,51,5106,06,2025-02-19,2.98,3.01
Virginia,VA,51,5107,07,2026-02-19,2.93,2.93
Virginia,VA,51,5107,07,2026-02-12,2.88,2.88
Virginia,VA,51,5107,07,2025-08-19,3.06,3.06
Virginia,VA,51,5107,07,2025-02-19,3.03,3.06
Virginia,VA,51,5108,08,2026-02-19,2.93,2.93
Virginia,VA,51,5108,08,2026-02-12,2.91,2.91
Virginia,VA,51,5108,08,2025-08-19,3.15,3.15
Virginia,VA,51,5108,08,2025-02-19,3.11,3.15
Virginia,VA,51,5109,09,2026-02-19,2.51,2.51
Virginia,VA,51,5109,09,2026-02-12,2.53,2.53
Virginia,VA,51,5109,09,2025-08-19,2.76,2.76
Virginia,VA,51,5109,09,2025-02-19,2.78,2.81
Virginia,VA,51,5110,10,2026-02-19,2.94,2.94
Virginia,VA,51,5110,10,2026-02-12,2.88,2.88
Virginia,VA,51,5110,10,2025-08-19,3.07,3.07
Virginia,VA,51,5110,10,2025-02-19,3.12,3.16
Virginia,VA,51,5111,11,2026-02-19,3.02,3.02
Virginia,VA,51,5111,11,2026-02-12,3,3
Virginia,VA,51,5111,11,2025-08-19,3.2,3.2
Virginia,VA,51,5111,11,2025-02-19,3.22,3.26
Washington,WA,53,5301,01,2026-02-19,4.25,4.25
Washington,WA,53,5301,01,2026-02-12,4.1,4.1
Washington,WA,53,5301,01,2025-08-19,4.48,4.48
Washington,WA,53,5301,01,2025-02-19,4.2,4.25
Washington,WA,53,5302,02,2026-02-19,3.86,3.86
Washington,WA,53,5302,02,2026-02-12,3.75,3.75
Washington,WA,53,5302,02,2025-08-19,4.31,4.31
Washington,WA,53,5302,02,2025-02-19,4.04,4.09
Washington,WA,53,5303,03,2026-02-19,4.04,4.04
Washington,WA,53,5303,03,2026-02-12,3.87,3.87
Washington,WA,53,5303,03,2025-08-19,4.29,4.29
Washington,WA,53,5303,03,2025-02-19,3.99,4.04
Washington,WA,53,5304,04,2026-02-19,3.76,3.76
Washington,WA,53,5304,04,2026-02-12,3.66,3.66
Washington,WA,53,5304,04,2025-08-19,4.13,4.13
Washington,WA,53,5304,04,2025-02-19,3.78,3.82
Washington,WA,53,5305,05,2026-02-19,3.5,3.5
Washington,WA,53,5305,05,2026-02-12,3.51,3.51
Washington,WA,53,5305,05,2025-08-19,4.01,4.01
Washington,WA,53,5305,05,2025-02-19,3.63,3.68
Washington,WA,53,5306,06,2026-02-19,4.03,4.03
Washington,WA,53,5306,06,2026-02-12,3.91,3.91
Washington,WA,53,5306,06,2025-08-19,4.42,4.42
Washington,WA,53,5306,06,2025-02-19,4.08,4.13
Washington,WA,53,5307,07,2026-02-19,4.49,4.49
Washington,WA,53,5307,07,2026-02-12,4.41,4.41
Washington,WA,53,5307,07,2025-08-19,4.82,4.82
Washington,WA,53,5307,07,2025-02-19,4.49,4.54
Washington,WA,53,5308,08,2026-02-19,3.91,3.91
Washington,WA,53,5308,08,2026-02-12,3.8,3.8
Washington,WA,53,5308,08,2025-08-19,4.18,4.18
Washington,WA,53,5308,08,2025-02-19,4.12,4.17
Washington,WA,53,5309,09,2026-02-19,4.44,4.44
Washington,WA,53,5309,09,2026-02-12,4.33,4.33
Washington,WA,53,5309,09,2025-08-19,4.68,4.68
Washington,WA,53,5309,09,2025-02-19,4.4,4.45
Washington,WA,53,5310,10,2026-02-19,4.16,4.16
Washington,WA,53,5310,10,2026-02-12,4.05,4.05
Washington,WA,53,5310,10,2025-08-19,4.47,4.47
Washington,WA,53,5310,10,2025-02-19,4.18,4.23
West Virginia,WV,54,5401,01,2026-02-19,2.46,2.46
West Virginia,WV,54,5401,01,2026-02-12,2.41,2.41
West Virginia,WV,54,5401,01,2025-08-19,2.67,2.67
West Virginia,WV,54,5401,01,2025-02-19,2.57,2.6
West Virginia,WV,54,5402,02,2026-02-19,2.61,2.61
West Virginia,WV,54,5402,02,2026-02-12,2.55,2.55
West Virginia,WV,54,5402,02,2025-08-19,2.81,2.81
West Virginia,WV,54,5402,02,2025-02-19,2.73,2.76
Wisconsin,WI,55,5501,01,2026-02-19,2.59,2.59
Wisconsin,WI,55,5501,01,2026-02-12,2.49,2.49
Wisconsin,WI,55,5501,01,2025-08-19,2.86,2.86
Wisconsin,WI,55,5501,01,2025-02-19,2.89,2.92
Wisconsin,WI,55,5502,02,2026-02-19,2.64,2.64
Wisconsin,WI,55,5502,02,2026-02-12,2.52,2.52
Wisconsin,WI,55,5502,02,2025-08-19,2.87,2.87
Wisconsin,WI,55,5502,02,2025-02-19,2.91,2.95
Wisconsin,WI,55,5503,03,2026-02-19,2.4,2.4
Wisconsin,WI,55,5503,03,2026-02-12,2.46,2.46
Wisconsin,WI,55,5503,03,2025-08-19,2.81,2.81
Wisconsin,WI,55,5503,03,2025-02-19,2.86,2.9
Wisconsin,WI,55,5504,04,2026-02-19,2.6,2.6
Wisconsin,WI,55,5504,04,2026-02-12,2.55,2.55
Wisconsin,WI,55,5504,04,2025-08-19,2.95,2.95
Wisconsin,WI,55,5504,04,2025-02-19,2.88,2.92
Wisconsin,WI,55,5505,05,2026-02-19,2.6,2.6
Wisconsin,WI,55,5505,05,2026-02-12,2.52,2.52
Wisconsin,WI,55,5505,05,2025-08-19,2.85,2.85
Wisconsin,WI,55,5505,05,2025-02-19,2.88,2.92
Wisconsin,WI,55,5506,06,2026-02-19,2.62,2.62
Wisconsin,WI,55,5506,06,2026-02-12,2.53,2.53
Wisconsin,WI,55,5506,06,2025-08-19,2.82,2.82
Wisconsin,WI,55,5506,06,2025-02-19,2.87,2.9
Wisconsin,WI,55,5507,07,2026-02-19,2.49,2.49
Wisconsin,WI,55,5507,07,2026-02-12,2.5,2.5
Wisconsin,WI,55,5507,07,2025-08-19,2.78,2.78
Wisconsin,WI,55,5507,07,2025-02-19,2.85,2.88
Wisconsin,WI,55,5508,08,2026-02-19,2.64,2.64
Wisconsin,WI,55,5508,08,2026-02-12,2.57,2.57
Wisconsin,WI,55,5508,08,2025-08-19,2.79,2.79
Wisconsin,WI,55,5508,08,2025-02-19,2.88,2.92
Wyoming,WY,56,5600,00,2026-02-19,2.59,2.59
Wyoming,WY,56,5600,00,2026-02-12,2.53,2.53
Wyoming,WY,56,5600,00,2025-08-19,2.89,2.89
Wyoming,WY,56,5600,00,2025-02-19,2.85,2.88
Alabama,AL,01,0101,01,2026-03-15,3.27,3.27
Alabama,AL,01,0101,01,2026-03-10,2.98,2.98
Alabama,AL,01,0101,01,2025-09-17,2.72,2.72
Alabama,AL,01,0101,01,2025-03-17,2.68,2.74
Alabama,AL,01,0102,02,2026-03-15,3.17,3.17
Alabama,AL,01,0102,02,2026-03-10,2.92,2.92
Alabama,AL,01,0102,02,2025-09-17,2.7,2.7
Alabama,AL,01,0102,02,2025-03-17,2.62,2.68
Alabama,AL,01,0103,03,2026-03-15,3.31,3.31
Alabama,AL,01,0103,03,2026-03-10,2.99,2.99
Alabama,AL,01,0103,03,2025-09-17,2.72,2.72
Alabama,AL,01,0103,03,2025-03-17,2.65,2.7
Alabama,AL,01,0104,04,2026-03-15,3.25,3.25
Alabama,AL,01,0104,04,2026-03-10,2.95,2.95
Alabama,AL,01,0104,04,2025-09-17,2.68,2.68
Alabama,AL,01,0104,04,2025-03-17,2.63,2.69
Alabama,AL,01,0105,05,2026-03-15,3.34,3.34
Alabama,AL,01,0105,05,2026-03-10,3.03,3.03
Alabama,AL,01,0105,05,2025-09-17,2.74,2.74
Alabama,AL,01,0105,05,2025-03-17,2.69,2.75
Alabama,AL,01,0106,06,2026-03-15,3.31,3.31
Alabama,AL,01,0106,06,2026-03-10,3,3
Alabama,AL,01,0106,06,2025-09-17,2.81,2.81
Alabama,AL,01,0106,06,2025-03-17,2.73,2.79
Alabama,AL,01,0107,07,2026-03-15,3.29,3.29
Alabama,AL,01,0107,07,2026-03-10,2.98,2.98
Alabama,AL,01,0107,07,2025-09-17,2.8,2.8
Alabama,AL,01,0107,07,2025-03-17,2.71,2.77
Alaska,AK,02,0200,00,2026-03-15,3.53,3.53
Alaska,AK,02,0200,00,2026-03-10,3.38,3.38
Alaska,AK,02,0200,00,2025-09-17,3.39,3.39
Alaska,AK,02,0200,00,2025-03-17,2.95,3.01
Arizona,AZ,04,0401,01,2026-03-15,4.64,4.64
Arizona,AZ,04,0401,01,2026-03-10,4.17,4.17
Arizona,AZ,04,0401,01,2025-09-17,3.92,3.92
Arizona,AZ,04,0401,01,2025-03-17,3.63,3.71
Arizona,AZ,04,0402,02,2026-03-15,3.9,3.9
Arizona,AZ,04,0402,02,2026-03-10,3.54,3.54
Arizona,AZ,04,0402,02,2025-09-17,3.16,3.16
Arizona,AZ,04,0402,02,2025-03-17,2.98,3.05
Arizona,AZ,04,0403,03,2026-03-15,4.62,4.62
Arizona,AZ,04,0403,03,2026-03-10,4.15,4.15
Arizona,AZ,04,0403,03,2025-09-17,3.85,3.85
Arizona,AZ,04,0403,03,2025-03-17,3.48,3.56
Arizona,AZ,04,0404,04,2026-03-15,4.66,4.66
Arizona,AZ,04,0404,04,2026-03-10,4.17,4.17
Arizona,AZ,04,0404,04,2025-09-17,3.87,3.87
Arizona,AZ,04,0404,04,2025-03-17,3.59,3.67
Arizona,AZ,04,0405,05,2026-03-15,4.62,4.62
Arizona,AZ,04,0405,05,2026-03-10,4.15,4.15
Arizona,AZ,04,0405,05,2025-09-17,3.85,3.85
Arizona,AZ,04,0405,05,2025-03-17,3.56,3.64
Arizona,AZ,04,0406,06,2026-03-15,3.96,3.96
Arizona,AZ,04,0406,06,2026-03-10,3.56,3.56
Arizona,AZ,04,0406,06,2025-09-17,3.2,3.2
Arizona,AZ,04,0406,06,2025-03-17,3,3.07
Arizona,AZ,04,0407,07,2026-03-15,4.07,4.07
Arizona,AZ,04,0407,07,2026-03-10,3.64,3.64
Arizona,AZ,04,0407,07,2025-09-17,3.3,3.3
Arizona,AZ,04,0407,07,2025-03-17,3.12,3.19
Arizona,AZ,04,0408,08,2026-03-15,4.63,4.63
Arizona,AZ,04,0408,08,2026-03-10,4.16,4.16
Arizona,AZ,04,0408,08,2025-09-17,3.86,3.86
Arizona,AZ,04,0408,08,2025-03-17,3.54,3.62
Arizona,AZ,04,0409,09,2026-03-15,4.22,4.22
Arizona,AZ,04,0409,09,2026-03-10,3.81,3.81
Arizona,AZ,04,0409,09,2025-09-17,3.54,3.54
Arizona,AZ,04,0409,09,2025-03-17,3.2,3.27
Arkansas,AR,05,0501,01,2026-03-15,3.01,3.01
Arkansas,AR,05,0501,01,2026-03-10,2.78,2.78
Arkansas,AR,05,0501,01,2025-09-17,2.59,2.59
Arkansas,AR,05,0501,01,2025-03-17,2.52,2.58
Arkansas,AR,05,0502,02,2026-03-15,3.13,3.13
Arkansas,AR,05,0502,02,2026-03-10,2.9,2.9
Arkansas,AR,05,0502,02,2025-09-17,2.65,2.65
Arkansas,AR,05,0502,02,2025-03-17,2.58,2.64
Arkansas,AR,05,0503,03,2026-03-15,3.03,3.03
Arkansas,AR,05,0503,03,2026-03-10,2.93,2.93
Arkansas,AR,05,0503,03,2025-09-17,2.73,2.73
Arkansas,AR,05,0503,03,2025-03-17,2.67,2.73
Arkansas,AR,05,0504,04,2026-03-15,2.98,2.98
Arkansas,AR,05,0504,04,2026-03-10,2.77,2.77
Arkansas,AR,05,0504,04,2025-09-17,2.57,2.57
Arkansas,AR,05,0504,04,2025-03-17,2.55,2.6
California,CA,06,0601,01,2026-03-15,5,5
California,CA,06,0601,01,2026-03-10,4.71,4.71
California,CA,06,0601,01,2025-09-17,4.24,4.24
California,CA,06,0601,01,2025-03-17,4.35,4.45
California,CA,06,0602,02,2026-03-15,5.38,5.38
California,CA,06,0602,02,2026-03-10,5.2,5.2
California,CA,06,0602,02,2025-09-17,4.62,4.62
California,CA,06,0602,02,2025-03-17,4.67,4.77
California,CA,06,0603,03,2026-03-15,5.36,5.36
California,CA,06,0603,03,2026-03-10,5.12,5.12
California,CA,06,0603,03,2025-09-17,4.59,4.59
California,CA,06,0603,03,2025-03-17,4.72,4.83
California,CA,06,0604,04,2026-03-15,5.51,5.51
California,CA,06,0604,04,2026-03-10,5.21,5.21
California,CA,06,0604,04,2025-09-17,4.66,4.66
California,CA,06,0604,04,2025-03-17,4.72,4.82
California,CA,06,0605,05,2026-03-15,5.18,5.18
California,CA,06,0605,05,2026-03-10,4.92,4.92
California,CA,06,0605,05,2025-09-17,4.42,4.42
California,CA,06,0605,05,2025-03-17,4.45,4.55
California,CA,06,0606,06,2026-03-15,5.35,5.35
California,CA,06,0606,06,2026-03-10,5.13,5.13
California,CA,06,0606,06,2025-09-17,4.48,4.48
California,CA,06,0606,06,2025-03-17,4.55,4.65
California,CA,06,0607,07,2026-03-15,5.4,5.4
California,CA,06,0607,07,2026-03-10,5.16,5.16
California,CA,06,0607,07,2025-09-17,4.53,4.53
California,CA,06,0607,07,2025-03-17,4.62,4.72
California,CA,06,0608,08,2026-03-15,5.51,5.51
California,CA,06,0608,08,2026-03-10,5.25,5.25
California,CA,06,0608,08,2025-09-17,4.53,4.53
California,CA,06,0608,08,2025-03-17,4.72,4.83
California,CA,06,0609,09,2026-03-15,5.39,5.39
California,CA,06,0609,09,2026-03-10,5.14,5.14
California,CA,06,0609,09,2025-09-17,4.45,4.45
California,CA,06,0609,09,2025-03-17,4.43,4.53
California,CA,06,0610,10,2026-03-15,5.62,5.62
California,CA,06,0610,10,2026-03-10,5.35,5.35
California,CA,06,0610,10,2025-09-17,4.74,4.74
California,CA,06,0610,10,2025-03-17,4.82,4.93
California,CA,06,0611,11,2026-03-15,5.7,5.7
California,CA,06,0611,11,2026-03-10,5.48,5.48
California,CA,06,0611,11,2025-09-17,4.72,4.72
California,CA,06,0611,11,2025-03-17,4.81,4.92
California,CA,06,0612,12,2026-03-15,5.6,5.6
California,CA,06,0612,12,2026-03-10,5.34,5.34
California,CA,06,0612,12,2025-09-17,4.66,4.66
California,CA,06,0612,12,2025-03-17,4.8,4.9
California,CA,06,0613,13,2026-03-15,5.25,5.25
California,CA,06,0613,13,2026-03-10,4.92,4.92
California,CA,06,0613,13,2025-09-17,4.47,4.47
California,CA,06,0613,13,2025-03-17,4.57,4.67
California,CA,06,0614,14,2026-03-15,5.56,5.56
California,CA,06,0614,14,2026-03-10,5.28,5.28
California,CA,06,0614,14,2025-09-17,4.65,4.65
California,CA,06,0614,14,2025-03-17,4.72,4.82
California,CA,06,0615,15,2026-03-15,5.63,5.63
California,CA,06,0615,15,2026-03-10,5.4,5.4
California,CA,06,0615,15,2025-09-17,4.72,4.72
California,CA,06,0615,15,2025-03-17,4.77,4.88
California,CA,06,0616,16,2026-03-15,5.56,5.56
California,CA,06,0616,16,2026-03-10,5.31,5.31
California,CA,06,0616,16,2025-09-17,4.63,4.63
California,CA,06,0616,16,2025-03-17,4.73,4.83
California,CA,06,0617,17,2026-03-15,5.53,5.53
California,CA,06,0617,17,2026-03-10,5.28,5.28
California,CA,06,0617,17,2025-09-17,4.58,4.58
California,CA,06,0617,17,2025-03-17,4.72,4.83
California,CA,06,0618,18,2026-03-15,5.51,5.51
California,CA,06,0618,18,2026-03-10,5.24,5.24
California,CA,06,0618,18,2025-09-17,4.62,4.62
California,CA,06,0618,18,2025-03-17,4.72,4.82
California,CA,06,0619,19,2026-03-15,5.52,5.52
California,CA,06,0619,19,2026-03-10,5.25,5.25
California,CA,06,0619,19,2025-09-17,4.7,4.7
California,CA,06,0619,19,2025-03-17,4.84,4.95
California,CA,06,0620,20,2026-03-15,5.36,5.36
California,CA,06,0620,20,2026-03-10,5,5
California,CA,06,0620,20,2025-09-17,4.47,4.47
California,CA,06,0620,20,2025-03-17,4.51,4.61
California,CA,06,0621,21,2026-03-15,5.44,5.44
California,CA,06,0621,21,2026-03-10,5.13,5.13
California,CA,06,0621,21,2025-09-17,4.56,4.56
California,CA,06,0621,21,2025-03-17,4.62,4.72
California,CA,06,0622,22,2026-03-15,5.37,5.37
California,CA,06,0622,22,2026-03-10,5.05,5.05
California,CA,06,0622,22,2025-09-17,4.44,4.44
California,CA,06,0622,22,2025-03-17,4.5,4.6
California,CA,06,0623,23,2026-03-15,5.32,5.32
California,CA,06,0623,23,2026-03-10,4.98,4.98
California,CA,06,0623,23,2025-09-17,4.47,4.47
California,CA,06,0623,23,2025-03-17,4.36,4.45
California,CA,06,0624,24,2026-03-15,5.47,5.47
California,CA,06,0624,24,2026-03-10,5.15,5.15
California,CA,06,0624,24,2025-09-17,4.66,4.66
California,CA,06,0624,24,2025-03-17,4.67,4.77
California,CA,06,0625,25,2026-03-15,5.35,5.35
California,CA,06,0625,25,2026-03-10,5.06,5.06
California,CA,06,0625,25,2025-09-17,4.46,4.46
California,CA,06,0625,25,2025-03-17,4.39,4.48
California,CA,06,0626,26,2026-03-15,5.52,5.52
California,CA,06,0626,26,2026-03-10,5.18,5.18
California,CA,06,0626,26,2025-09-17,4.68,4.68
California,CA,06,0626,26,2025-03-17,4.64,4.74
California,CA,06,0627,27,2026-03-15,5.67,5.67
California,CA,06,0627,27,2026-03-10,5.28,5.28
California,CA,06,0627,27,2025-09-17,4.72,4.72
California,CA,06,0627,27,2025-03-17,4.67,4.77
California,CA,06,0628,28,2026-03-15,5.64,5.64
California,CA,06,0628,28,2026-03-10,5.25,5.25
California,CA,06,0628,28,2025-09-17,4.73,4.73
California,CA,06,0628,28,2025-03-17,4.7,4.81
California,CA,06,0629,29,2026-03-15,5.63,5.63
California,CA,06,0629,29,2026-03-10,5.3,5.3
California,CA,06,0629,29,2025-09-17,4.71,4.71
California,CA,06,0629,29,2025-03-17,4.7,4.81
California,CA,06,0630,30,2026-03-15,5.7,5.7
California,CA,06,0630,30,2026-03-10,5.38,5.38
California,CA,06,0630,30,2025-09-17,4.83,4.83
California,CA,06,0630,30,2025-03-17,4.8,4.9
California,CA,06,0631,31,2026-03-15,5.57,5.57
California,CA,06,0631,31,2026-03-10,5.22,5.22
California,CA,06,0631,31,2025-09-17,4.63,4.63
California,CA,06,0631,31,2025-03-17,4.59,4.69
California,CA,06,0632,32,2026-03-15,5.59,5.59
California,CA,06,0632,32,2026-03-10,5.25,5.25
California,CA,06,0632,32,2025-09-17,4.68,4.68
California,CA,06,0632,32,2025-03-17,4.65,4.75
California,CA,06,0633,33,2026-03-15,5.49,5.49
California,CA,06,0633,33,2026-03-10,5.15,5.15
California,CA,06,0633,33,2025-09-17,4.58,4.58
California,CA,06,0633,33,2025-03-17,4.47,4.57
California,CA,06,0634,34,2026-03-15,5.67,5.67
California,CA,06,0634,34,2026-03-10,5.32,5.32
California,CA,06,0634,34,2025-09-17,4.76,4.76
California,CA,06,0634,34,2025-03-17,4.7,4.81
California,CA,06,0635,35,2026-03-15,5.47,5.47
California,CA,06,0635,35,2026-03-10,5.16,5.16
California,CA,06,0635,35,2025-09-17,4.56,4.56
California,CA,06,0635,35,2025-03-17,4.45,4.55
California,CA,06,0636,36,2026-03-15,5.7,5.7
California,CA,06,0636,36,2026-03-10,5.38,5.38
California,CA,06,0636,36,2025-09-17,4.79,4.79
California,CA,06,0636,36,2025-03-17,4.78,4.88
California,CA,06,0637,37,2026-03-15,5.6,5.6
California,CA,06,0637,37,2026-03-10,5.24,5.24
California,CA,06,0637,37,2025-09-17,4.7,4.7
California,CA,06,0637,37,2025-03-17,4.64,4.74
California,CA,06,0638,38,2026-03-15,5.52,5.52
California,CA,06,0638,38,2026-03-10,5.2,5.2
California,CA,06,0638,38,2025-09-17,4.66,4.66
California,CA,06,0638,38,2025-03-17,4.55,4.65
California,CA,06,0639,39,2026-03-15,5.57,5.57
California,CA,06,0639,39,2026-03-10,5.2,5.2
California,CA,06,0639,39,2025-09-17,4.59,4.59
California,CA,06,0639,39,2025-03-17,4.52,4.62
California,CA,06,0641,41,2026-03-15,5.53,5.53
California,CA,06,0641,41,2026-03-10,5.21,5.21
California,CA,06,0641,41,2025-09-17,4.62,4.62
California,CA,06,0641,41,2025-03-17,4.55,4.65
California,CA,06,0642,42,2026-03-15,5.56,5.56
California,CA,06,0642,42,2026-03-10,5.18,5.18
California,CA,06,0642,42,2025-09-17,4.65,4.65
California,CA,06,0642,42,2025-03-17,4.55,4.65
California,CA,06,0643,43,2026-03-15,5.55,5.55
California,CA,06,0643,43,2026-03-10,5.21,5.21
California,CA,06,0643,43,2025-09-17,4.65,4.65
California,CA,06,0643,43,2025-03-17,4.54,4.64
California,CA,06,0644,44,2026-03-15,5.56,5.56
California,CA,06,0644,44,2026-03-10,5.21,5.21
California,CA,06,0644,44,2025-09-17,4.67,4.67
California,CA,06,0644,44,2025-03-17,4.59,4.69
California,CA,06,0646,46,2026-03-15,5.48,5.48
California,CA,06,0646,46,2026-03-10,5.18,5.18
California,CA,06,0646,46,2025-09-17,4.65,4.65
California,CA,06,0646,46,2025-03-17,4.58,4.68
California,CA,06,0647,47,2026-03-15,5.62,5.62
California,CA,06,0647,47,2026-03-10,5.31,5.31
California,CA,06,0647,47,2025-09-17,4.76,4.76
California,CA,06,0647,47,2025-03-17,4.68,4.79
California,CA,06,0648,48,2026-03-15,5.41,5.41
California,CA,06,0648,48,2026-03-10,5.14,5.14
California,CA,06,0648,48,2025-09-17,4.64,4.64
California,CA,06,0648,48,2025-03-17,4.55,4.66
California,CA,06,0649,49,2026-03-15,5.69,5.69
California,CA,06,0649,49,2026-03-10,5.34,5.34
California,CA,06,0649,49,2025-09-17,4.79,4.79
California,CA,06,0649,49,2025-03-17,4.73,4.84
California,CA,06,0650,50,2026-03-15,5.67,5.67
California,CA,06,0650,50,2026-03-10,5.33,5.33
California,CA,06,0650,50,2025-09-17,4.85,4.85
California,CA,06,0650,50,2025-03-17,4.76,4.86
California,CA,06,0651,51,2026-03-15,5.61,5.61
California,CA,06,0651,51,2026-03-10,5.26,5.26
California,CA,06,0651,51,2025-09-17,4.76,4.76
California,CA,06,0651,51,2025-03-17,4.69,4.79
California,CA,06,0652,52,2026-03-15,5.57,5.57
California,CA,06,0652,52,2026-03-10,5.26,5.26
California,CA,06,0652,52,2025-09-17,4.78,4.78
California,CA,06,0652,52,2025-03-17,4.67,4.77
Colorado,CO,08,0801,01,2026-03-15,3.87,3.87
Colorado,CO,08,0801,01,2026-03-10,3.48,3.48
Colorado,CO,08,0801,01,2025-09-17,3.17,3.17
Colorado,CO,08,0801,01,2025-03-17,2.88,2.95
Colorado,CO,08,0802,02,2026-03-15,3.76,3.76
Colorado,CO,08,0802,02,2026-03-10,3.39,3.39
Colorado,CO,08,0802,02,2025-09-17,3.18,3.18
Colorado,CO,08,0802,02,2025-03-17,2.95,3.02
Colorado,CO,08,0803,03,2026-03-15,3.56,3.56
Colorado,CO,08,0803,03,2026-03-10,3.34,3.34
Colorado,CO,08,0803,03,2025-09-17,3.18,3.18
Colorado,CO,08,0803,03,2025-03-17,3.01,3.08
Colorado,CO,08,0804,04,2026-03-15,3.6,3.6
Colorado,CO,08,0804,04,2026-03-10,3.27,3.27
Colorado,CO,08,0804,04,2025-09-17,3.02,3.02
Colorado,CO,08,0804,04,2025-03-17,2.79,2.85
Colorado,CO,08,0805,05,2026-03-15,3.68,3.68
Colorado,CO,08,0805,05,2026-03-10,3.4,3.4
Colorado,CO,08,0805,05,2025-09-17,3.02,3.02
Colorado,CO,08,0805,05,2025-03-17,2.76,2.82
Colorado,CO,08,0806,06,2026-03-15,3.86,3.86
Colorado,CO,08,0806,06,2026-03-10,3.49,3.49
Colorado,CO,08,0806,06,2025-09-17,3.12,3.12
Colorado,CO,08,0806,06,2025-03-17,2.84,2.9
Colorado,CO,08,0807,07,2026-03-15,3.76,3.76
Colorado,CO,08,0807,07,2026-03-10,3.36,3.36
Colorado,CO,08,0807,07,2025-09-17,3.13,3.13
Colorado,CO,08,0807,07,2025-03-17,2.88,2.95
Colorado,CO,08,0808,08,2026-03-15,3.84,3.84
Colorado,CO,08,0808,08,2026-03-10,3.46,3.46
Colorado,CO,08,0808,08,2025-09-17,3.08,3.08
Colorado,CO,08,0808,08,2025-03-17,2.8,2.86
Connecticut,CT,09,0901,01,2026-03-15,3.52,3.52
Connecticut,CT,09,0901,01,2026-03-10,3.28,3.28
Connecticut,CT,09,0901,01,2025-09-17,3.09,3.09
Connecticut,CT,09,0901,01,2025-03-17,2.9,2.96
Connecticut,CT,09,0902,02,2026-03-15,3.16,3.16
Connecticut,CT,09,0902,02,2026-03-10,2.98,2.98
Connecticut,CT,09,0902,02,2025-09-17,2.81,2.81
Connecticut,CT,09,0902,02,2025-03-17,2.62,2.67
Connecticut,CT,09,0903,03,2026-03-15,3.49,3.49
Connecticut,CT,09,0903,03,2026-03-10,3.28,3.28
Connecticut,CT,09,0903,03,2025-09-17,3.06,3.06
Connecticut,CT,09,0903,03,2025-03-17,2.89,2.96
Connecticut,CT,09,0904,04,2026-03-15,3.44,3.44
Connecticut,CT,09,0904,04,2026-03-10,3.21,3.21
Connecticut,CT,09,0904,04,2025-09-17,3.09,3.09
Connecticut,CT,09,0904,04,2025-03-17,2.9,2.97
Connecticut,CT,09,0905,05,2026-03-15,3.25,3.25
Connecticut,CT,09,0905,05,2026-03-10,3.06,3.06
Connecticut,CT,09,0905,05,2025-09-17,3.03,3.03
Connecticut,CT,09,0905,05,2025-03-17,2.86,2.93
Delaware,DE,10,1000,00,2026-03-15,3.32,3.32
Delaware,DE,10,1000,00,2026-03-10,3.25,3.25
Delaware,DE,10,1000,00,2025-09-17,3.02,3.02
Delaware,DE,10,1000,00,2025-03-17,2.77,2.83
District of Columbia,DC,11,1198,98,2026-03-15,3.73,3.73
District of Columbia,DC,11,1198,98,2026-03-10,3.42,3.42
District of Columbia,DC,11,1198,98,2025-09-17,3.24,3.24
District of Columbia,DC,11,1198,98,2025-03-17,3.21,3.28
Florida,FL,12,1201,01,2026-03-15,3.37,3.37
Florida,FL,12,1201,01,2026-03-10,2.99,2.99
Florida,FL,12,1201,01,2025-09-17,2.84,2.84
Florida,FL,12,1201,01,2025-03-17,2.8,2.86
Florida,FL,12,1202,02,2026-03-15,3.42,3.42
Florida,FL,12,1202,02,2026-03-10,3.08,3.08
Florida,FL,12,1202,02,2025-09-17,2.93,2.93
Florida,FL,12,1202,02,2025-03-17,2.89,2.96
Florida,FL,12,1203,03,2026-03-15,3.76,3.76
Florida,FL,12,1203,03,2026-03-10,3.44,3.44
Florida,FL,12,1203,03,2025-09-17,3.02,3.02
Florida,FL,12,1203,03,2025-03-17,3.07,3.14
Florida,FL,12,1204,04,2026-03-15,3.7,3.7
Florida,FL,12,1204,04,2026-03-10,3.4,3.4
Florida,FL,12,1204,04,2025-09-17,2.97,2.97
Florida,FL,12,1204,04,2025-03-17,3.01,3.07
Florida,FL,12,1205,05,2026-03-15,3.73,3.73
Florida,FL,12,1205,05,2026-03-10,3.42,3.42
Florida,FL,12,1205,05,2025-09-17,2.95,2.95
Florida,FL,12,1205,05,2025-03-17,3.01,3.07
Florida,FL,12,1206,06,2026-03-15,3.71,3.71
Florida,FL,12,1206,06,2026-03-10,3.41,3.41
Florida,FL,12,1206,06,2025-09-17,2.91,2.91
Florida,FL,12,1206,06,2025-03-17,3.01,3.08
Florida,FL,12,1207,07,2026-03-15,3.75,3.75
Florida,FL,12,1207,07,2026-03-10,3.46,3.46
Florida,FL,12,1207,07,2025-09-17,2.97,2.97
Florida,FL,12,1207,07,2025-03-17,3.09,3.16
Florida,FL,12,1208,08,2026-03-15,3.75,3.75
Florida,FL,12,1208,08,2026-03-10,3.44,3.44
Florida,FL,12,1208,08,2025-09-17,2.94,2.94
Florida,FL,12,1208,08,2025-03-17,3,3.07
Florida,FL,12,1209,09,2026-03-15,3.76,3.76
Florida,FL,12,1209,09,2026-03-10,3.48,3.48
Florida,FL,12,1209,09,2025-09-17,2.96,2.96
Florida,FL,12,1209,09,2025-03-17,3.09,3.16
Florida,FL,12,1210,10,2026-03-15,3.72,3.72
Florida,FL,12,1210,10,2026-03-10,3.46,3.46
Florida,FL,12,1210,10,2025-09-17,2.97,2.97
Florida,FL,12,1210,10,2025-03-17,3.09,3.16
Florida,FL,12,1211,11,2026-03-15,3.75,3.75
Florida,FL,12,1211,11,2026-03-10,3.47,3.47
Florida,FL,12,1211,11,2025-09-17,2.93,2.93
Florida,FL,12,1211,11,2025-03-17,3.09,3.16
Florida,FL,12,1212,12,2026-03-15,3.75,3.75
Florida,FL,12,1212,12,2026-03-10,3.46,3.46
Florida,FL,12,1212,12,2025-09-17,2.94,2.94
Florida,FL,12,1212,12,2025-03-17,3.06,3.13
Florida,FL,12,1213,13,2026-03-15,3.75,3.75
Florida,FL,12,1213,13,2026-03-10,3.46,3.46
Florida,FL,12,1213,13,2025-09-17,2.97,2.97
Florida,FL,12,1213,13,2025-03-17,3.11,3.18
Florida,FL,12,1214,14,2026-03-15,3.75,3.75
Florida,FL,12,1214,14,2026-03-10,3.47,3.47
Florida,FL,12,1214,14,2025-09-17,2.98,2.98
Florida,FL,12,1214,14,2025-03-17,3.13,3.2
Florida,FL,12,1215,15,2026-03-15,3.75,3.75
Florida,FL,12,1215,15,2026-03-10,3.44,3.44
Florida,FL,12,1215,15,2025-09-17,2.97,2.97
Florida,FL,12,1215,15,2025-03-17,3.08,3.15
Florida,FL,12,1216,16,2026-03-15,3.74,3.74
Florida,FL,12,1216,16,2026-03-10,3.45,3.45
Florida,FL,12,1216,16,2025-09-17,2.9,2.9
Florida,FL,12,1216,16,2025-03-17,3.07,3.14
Florida,FL,12,1217,17,2026-03-15,3.75,3.75
Florida,FL,12,1217,17,2026-03-10,3.45,3.45
Florida,FL,12,1217,17,2025-09-17,2.92,2.92
Florida,FL,12,1217,17,2025-03-17,3.05,3.12
Florida,FL,12,1218,18,2026-03-15,3.71,3.71
Florida,FL,12,1218,18,2026-03-10,3.41,3.41
Florida,FL,12,1218,18,2025-09-17,2.96,2.96
Florida,FL,12,1218,18,2025-03-17,3.07,3.14
Florida,FL,12,1219,19,2026-03-15,3.75,3.75
Florida,FL,12,1219,19,2026-03-10,3.46,3.46
Florida,FL,12,1219,19,2025-09-17,2.94,2.94
Florida,FL,12,1219,19,2025-03-17,3.06,3.13
Florida,FL,12,1220,20,2026-03-15,3.77,3.77
Florida,FL,12,1220,20,2026-03-10,3.43,3.43
Florida,FL,12,1220,20,2025-09-17,3,3
Florida,FL,12,1220,20,2025-03-17,3.05,3.11
Florida,FL,12,1221,21,2026-03-15,3.82,3.82
Florida,FL,12,1221,21,2026-03-10,3.48,3.48
Florida,FL,12,1221,21,2025-09-17,3.09,3.09
Florida,FL,12,1221,21,2025-03-17,3.12,3.19
Florida,FL,12,1222,22,2026-03-15,3.83,3.83
Florida,FL,12,1222,22,2026-03-10,3.51,3.51
Florida,FL,12,1222,22,2025-09-17,3.08,3.08
Florida,FL,12,1222,22,2025-03-17,3.12,3.19
Florida,FL,12,1223,23,2026-03-15,3.88,3.88
Florida,FL,12,1223,23,2026-03-10,3.54,3.54
Florida,FL,12,1223,23,2025-09-17,3.15,3.15
Florida,FL,12,1223,23,2025-03-17,3.17,3.24
Florida,FL,12,1224,24,2026-03-15,3.8,3.8
Florida,FL,12,1224,24,2026-03-10,3.46,3.46
Florida,FL,12,1224,24,2025-09-17,3,3
Florida,FL,12,1224,24,2025-03-17,3.17,3.24
Florida,FL,12,1225,25,2026-03-15,3.78,3.78
Florida,FL,12,1225,25,2026-03-10,3.45,3.45
Florida,FL,12,1225,25,2025-09-17,3.02,3.02
Florida,FL,12,1225,25,2025-03-17,3.05,3.11
Florida,FL,12,1226,26,2026-03-15,3.68,3.68
Florida,FL,12,1226,26,2026-03-10,3.35,3.35
Florida,FL,12,1226,26,2025-09-17,2.93,2.93
Florida,FL,12,1226,26,2025-03-17,2.99,3.06
Florida,FL,12,1227,27,2026-03-15,3.79,3.79
Florida,FL,12,1227,27,2026-03-10,3.3,3.3
Florida,FL,12,1227,27,2025-09-17,2.89,2.89
Florida,FL,12,1227,27,2025-03-17,2.91,2.97
Florida,FL,12,1228,28,2026-03-15,3.81,3.81
Florida,FL,12,1228,28,2026-03-10,3.47,3.47
Florida,FL,12,1228,28,2025-09-17,2.98,2.98
Florida,FL,12,1228,28,2025-03-17,3.09,3.16
Georgia,GA,13,1301,01,2026-03-15,3.46,3.46
Georgia,GA,13,1301,01,2026-03-10,3.18,3.18
Georgia,GA,13,1301,01,2025-09-17,2.99,2.99
Georgia,GA,13,1301,01,2025-03-17,2.92,2.98
Georgia,GA,13,1302,02,2026-03-15,3.15,3.15
Georgia,GA,13,1302,02,2026-03-10,2.93,2.93
Georgia,GA,13,1302,02,2025-09-17,2.73,2.73
Georgia,GA,13,1302,02,2025-03-17,2.6,2.66
Georgia,GA,13,1303,03,2026-03-15,3.34,3.34
Georgia,GA,13,1303,03,2026-03-10,3.09,3.09
Georgia,GA,13,1303,03,2025-09-17,2.77,2.77
Georgia,GA,13,1303,03,2025-03-17,2.8,2.86
Georgia,GA,13,1304,04,2026-03-15,3.52,3.52
Georgia,GA,13,1304,04,2026-03-10,3.3,3.3
Georgia,GA,13,1304,04,2025-09-17,2.92,2.92
Georgia,GA,13,1304,04,2025-03-17,3,3.06
Georgia,GA,13,1305,05,2026-03-15,3.56,3.56
Georgia,GA,13,1305,05,2026-03-10,3.32,3.32
Georgia,GA,13,1305,05,2025-09-17,2.86,2.86
Georgia,GA,13,1305,05,2025-03-17,2.91,2.97
Georgia,GA,13,1306,06,2026-03-15,3.51,3.51
Georgia,GA,13,1306,06,2026-03-10,3.28,3.28
Georgia,GA,13,1306,06,2025-09-17,2.94,2.94
Georgia,GA,13,1306,06,2025-03-17,2.99,3.06
Georgia,GA,13,1307,07,2026-03-15,3.36,3.36
Georgia,GA,13,1307,07,2026-03-10,3.13,3.13
Georgia,GA,13,1307,07,2025-09-17,2.79,2.79
Georgia,GA,13,1307,07,2025-03-17,2.84,2.91
Georgia,GA,13,1308,08,2026-03-15,3.34,3.34
Georgia,GA,13,1308,08,2026-03-10,3.07,3.07
Georgia,GA,13,1308,08,2025-09-17,2.81,2.81
Georgia,GA,13,1308,08,2025-03-17,2.76,2.82
Georgia,GA,13,1309,09,2026-03-15,3.35,3.35
Georgia,GA,13,1309,09,2026-03-10,3.11,3.11
Georgia,GA,13,1309,09,2025-09-17,2.77,2.77
Georgia,GA,13,1309,09,2025-03-17,2.8,2.86
Georgia,GA,13,1310,10,2026-03-15,3.37,3.37
Georgia,GA,13,1310,10,2026-03-10,3.11,3.11
Georgia,GA,13,1310,10,2025-09-17,2.79,2.79
Georgia,GA,13,1310,10,2025-03-17,2.82,2.88
Georgia,GA,13,1311,11,2026-03-15,3.5,3.5
Georgia,GA,13,1311,11,2026-03-10,3.23,3.23
Georgia,GA,13,1311,11,2025-09-17,2.84,2.84
Georgia,GA,13,1311,11,2025-03-17,2.89,2.96
Georgia,GA,13,1312,12,2026-03-15,3.42,3.42
Georgia,GA,13,1312,12,2026-03-10,3.08,3.08
Georgia,GA,13,1312,12,2025-09-17,2.84,2.84
Georgia,GA,13,1312,12,2025-03-17,2.76,2.82
Georgia,GA,13,1313,13,2026-03-15,3.5,3.5
Georgia,GA,13,1313,13,2026-03-10,3.26,3.26
Georgia,GA,13,1313,13,2025-09-17,2.86,2.86
Georgia,GA,13,1313,13,2025-03-17,2.92,2.99
Georgia,GA,13,1314,14,2026-03-15,3.36,3.36
Georgia,GA,13,1314,14,2026-03-10,3.02,3.02
Georgia,GA,13,1314,14,2025-09-17,2.73,2.73
Georgia,GA,13,1314,14,2025-03-17,2.72,2.78
Hawaii,HI,15,1501,01,2026-03-15,4.8,4.8
Hawaii,HI,15,1501,01,2026-03-10,4.42,4.42
Hawaii,HI,15,1501,01,2025-09-17,4.35,4.35
Hawaii,HI,15,1501,01,2025-03-17,4.45,4.55
Hawaii,HI,15,1502,02,2026-03-15,4.62,4.62
Hawaii,HI,15,1502,02,2026-03-10,4.33,4.33
Hawaii,HI,15,1502,02,2025-09-17,4.32,4.32
Hawaii,HI,15,1502,02,2025-03-17,4.37,4.46
Idaho,ID,16,1601,01,2026-03-15,3.59,3.59
Idaho,ID,16,1601,01,2026-03-10,3.25,3.25
Idaho,ID,16,1601,01,2025-09-17,3.47,3.47
Idaho,ID,16,1601,01,2025-03-17,3.05,3.12
Idaho,ID,16,1602,02,2026-03-15,3.57,3.57
Idaho,ID,16,1602,02,2026-03-10,3.17,3.17
Idaho,ID,16,1602,02,2025-09-17,3.37,3.37
Idaho,ID,16,1602,02,2025-03-17,3.11,3.18
Illinois,IL,17,1701,01,2026-03-15,3.69,3.69
Illinois,IL,17,1701,01,2026-03-10,3.6,3.6
Illinois,IL,17,1701,01,2025-09-17,3.54,3.54
Illinois,IL,17,1701,01,2025-03-17,3.27,3.34
Illinois,IL,17,1702,02,2026-03-15,3.72,3.72
Illinois,IL,17,1702,02,2026-03-10,3.54,3.54
Illinois,IL,17,1702,02,2025-09-17,3.54,3.54
Illinois,IL,17,1702,02,2025-03-17,3.25,3.32
Illinois,IL,17,1703,03,2026-03-15,3.69,3.69
Illinois,IL,17,1703,03,2026-03-10,3.59,3.59
Illinois,IL,17,1703,03,2025-09-17,3.52,3.52
Illinois,IL,17,1703,03,2025-03-17,3.27,3.34
Illinois,IL,17,1704,04,2026-03-15,3.79,3.79
Illinois,IL,17,1704,04,2026-03-10,3.59,3.59
Illinois,IL,17,1704,04,2025-09-17,3.64,3.64
Illinois,IL,17,1704,04,2025-03-17,3.33,3.4
Illinois,IL,17,1706,06,2026-03-15,3.7,3.7
Illinois,IL,17,1706,06,2026-03-10,3.61,3.61
Illinois,IL,17,1706,06,2025-09-17,3.55,3.55
Illinois,IL,17,1706,06,2025-03-17,3.28,3.35
Illinois,IL,17,1708,08,2026-03-15,3.68,3.68
Illinois,IL,17,1708,08,2026-03-10,3.58,3.58
Illinois,IL,17,1708,08,2025-09-17,3.56,3.56
Illinois,IL,17,1708,08,2025-03-17,3.26,3.33
Illinois,IL,17,1709,09,2026-03-15,3.69,3.69
Illinois,IL,17,1709,09,2026-03-10,3.55,3.55
Illinois,IL,17,1709,09,2025-09-17,3.62,3.62
Illinois,IL,17,1709,09,2025-03-17,3.31,3.38
Illinois,IL,17,1710,10,2026-03-15,3.62,3.62
Illinois,IL,17,1710,10,2026-03-10,3.51,3.51
Illinois,IL,17,1710,10,2025-09-17,3.55,3.55
Illinois,IL,17,1710,10,2025-03-17,3.25,3.32
Illinois,IL,17,1711,11,2026-03-15,3.65,3.65
Illinois,IL,17,1711,11,2026-03-10,3.51,3.51
Illinois,IL,17,1711,11,2025-09-17,3.54,3.54
Illinois,IL,17,1711,11,2025-03-17,3.24,3.31
Illinois,IL,17,1712,12,2026-03-15,3.23,3.23
Illinois,IL,17,1712,12,2026-03-10,2.91,2.91
Illinois,IL,17,1712,12,2025-09-17,2.8,2.8
Illinois,IL,17,1712,12,2025-03-17,2.7,2.76
Illinois,IL,17,1713,13,2026-03-15,3.51,3.51
Illinois,IL,17,1713,13,2026-03-10,3.25,3.25
Illinois,IL,17,1713,13,2025-09-17,3.18,3.18
Illinois,IL,17,1713,13,2025-03-17,2.99,3.06
Illinois,IL,17,1714,14,2026-03-15,3.65,3.65
Illinois,IL,17,1714,14,2026-03-10,3.45,3.45
Illinois,IL,17,1714,14,2025-09-17,3.47,3.47
Illinois,IL,17,1714,14,2025-03-17,3.26,3.33
Illinois,IL,17,1715,15,2026-03-15,3.23,3.23
Illinois,IL,17,1715,15,2026-03-10,3,3
Illinois,IL,17,1715,15,2025-09-17,2.98,2.98
Illinois,IL,17,1715,15,2025-03-17,2.85,2.92
Illinois,IL,17,1716,16,2026-03-15,3.53,3.53
Illinois,IL,17,1716,16,2026-03-10,3.29,3.29
Illinois,IL,17,1716,16,2025-09-17,3.24,3.24
Illinois,IL,17,1716,16,2025-03-17,3.1,3.17
Indiana,IN,18,1801,01,2026-03-15,3.35,3.35
Indiana,IN,18,1801,01,2026-03-10,3.27,3.27
Indiana,IN,18,1801,01,2025-09-17,3.11,3.11
Indiana,IN,18,1801,01,2025-03-17,2.86,2.93
Indiana,IN,18,1802,02,2026-03-15,3.11,3.11
Indiana,IN,18,1802,02,2026-03-10,3.06,3.06
Indiana,IN,18,1802,02,2025-09-17,2.85,2.85
Indiana,IN,18,1802,02,2025-03-17,2.67,2.72
Indiana,IN,18,1803,03,2026-03-15,2.75,2.75
Indiana,IN,18,1803,03,2026-03-10,2.72,2.72
Indiana,IN,18,1803,03,2025-09-17,2.51,2.51
Indiana,IN,18,1803,03,2025-03-17,2.33,2.38
Indiana,IN,18,1804,04,2026-03-15,2.62,2.62
Indiana,IN,18,1804,04,2026-03-10,2.59,2.59
Indiana,IN,18,1804,04,2025-09-17,2.48,2.48
Indiana,IN,18,1804,04,2025-03-17,2.26,2.32
Indiana,IN,18,1805,05,2026-03-15,2.92,2.92
Indiana,IN,18,1805,05,2026-03-10,2.92,2.92
Indiana,IN,18,1805,05,2025-09-17,2.64,2.64
Indiana,IN,18,1805,05,2025-03-17,2.44,2.5
Indiana,IN,18,1806,06,2026-03-15,3.02,3.02
Indiana,IN,18,1806,06,2026-03-10,2.98,2.98
Indiana,IN,18,1806,06,2025-09-17,2.8,2.8
Indiana,IN,18,1806,06,2025-03-17,2.59,2.65
Indiana,IN,18,1807,07,2026-03-15,3.46,3.46
Indiana,IN,18,1807,07,2026-03-10,3.43,3.43
Indiana,IN,18,1807,07,2025-09-17,3.15,3.15
Indiana,IN,18,1807,07,2025-03-17,2.93,3
Indiana,IN,18,1808,08,2026-03-15,2.97,2.97
Indiana,IN,18,1808,08,2026-03-10,2.72,2.72
Indiana,IN,18,1808,08,2025-09-17,2.71,2.71
Indiana,IN,18,1808,08,2025-03-17,2.5,2.56
Indiana,IN,18,1809,09,2026-03-15,2.73,2.73
Indiana,IN,18,1809,09,2026-03-10,2.6,2.6
Indiana,IN,18,1809,09,2025-09-17,2.48,2.48
Indiana,IN,18,1809,09,2025-03-17,2.35,2.4
Iowa,IA,19,1901,01,2026-03-15,3.08,3.08
Iowa,IA,19,1901,01,2026-03-10,2.94,2.94
Iowa,IA,19,1901,01,2025-09-17,2.8,2.8
Iowa,IA,19,1901,01,2025-03-17,2.78,2.84
Iowa,IA,19,1902,02,2026-03-15,3.13,3.13
Iowa,IA,19,1902,02,2026-03-10,2.96,2.96
Iowa,IA,19,1902,02,2025-09-17,2.83,2.83
Iowa,IA,19,1902,02,2025-03-17,2.85,2.92
Iowa,IA,19,1903,03,2026-03-15,3.23,3.23
Iowa,IA,19,1903,03,2026-03-10,2.97,2.97
Iowa,IA,19,1903,03,2025-09-17,2.81,2.81
Iowa,IA,19,1903,03,2025-03-17,2.66,2.72
Iowa,IA,19,1904,04,2026-03-15,2.93,2.93
Iowa,IA,19,1904,04,2026-03-10,2.75,2.75
Iowa,IA,19,1904,04,2025-09-17,2.69,2.69
Iowa,IA,19,1904,04,2025-03-17,2.65,2.7
Kansas,KS,20,2001,01,2026-03-15,2.72,2.72
Kansas,KS,20,2001,01,2026-03-10,2.62,2.62
Kansas,KS,20,2001,01,2025-09-17,2.6,2.6
Kansas,KS,20,2001,01,2025-03-17,2.53,2.59
Kansas,KS,20,2002,02,2026-03-15,2.85,2.85
Kansas,KS,20,2002,02,2026-03-10,2.67,2.67
Kansas,KS,20,2002,02,2025-09-17,2.65,2.65
Kansas,KS,20,2002,02,2025-03-17,2.57,2.63
Kansas,KS,20,2003,03,2026-03-15,3.23,3.23
Kansas,KS,20,2003,03,2026-03-10,2.96,2.96
Kansas,KS,20,2003,03,2025-09-17,2.9,2.9
Kansas,KS,20,2003,03,2025-03-17,2.8,2.86
Kansas,KS,20,2004,04,2026-03-15,3.05,3.05
Kansas,KS,20,2004,04,2026-03-10,2.87,2.87
Kansas,KS,20,2004,04,2025-09-17,2.82,2.82
Kansas,KS,20,2004,04,2025-03-17,2.73,2.79
Kentucky,KY,21,2101,01,2026-03-15,2.67,2.67
Kentucky,KY,21,2101,01,2026-03-10,2.45,2.45
Kentucky,KY,21,2101,01,2025-09-17,2.17,2.17
Kentucky,KY,21,2101,01,2025-03-17,2,2.05
Kentucky,KY,21,2102,02,2026-03-15,2.77,2.77
Kentucky,KY,21,2102,02,2026-03-10,2.59,2.59
Kentucky,KY,21,2102,02,2025-09-17,2.5,2.5
Kentucky,KY,21,2102,02,2025-03-17,2.38,2.43
Kentucky,KY,21,2103,03,2026-03-15,3.01,3.01
Kentucky,KY,21,2103,03,2026-03-10,2.91,2.91
Kentucky,KY,21,2103,03,2025-09-17,2.8,2.8
Kentucky,KY,21,2103,03,2025-03-17,2.55,2.61
Kentucky,KY,21,2104,04,2026-03-15,2.79,2.79
Kentucky,KY,21,2104,04,2026-03-10,2.51,2.51
Kentucky,KY,21,2104,04,2025-09-17,2.32,2.32
Kentucky,KY,21,2104,04,2025-03-17,2.31,2.36
Kentucky,KY,21,2105,05,2026-03-15,2.27,2.27
Kentucky,KY,21,2105,05,2026-03-10,2.33,2.33
Kentucky,KY,21,2105,05,2025-09-17,2.14,2.14
Kentucky,KY,21,2105,05,2025-03-17,1.96,2
Kentucky,KY,21,2106,06,2026-03-15,2.7,2.7
Kentucky,KY,21,2106,06,2026-03-10,2.54,2.54
Kentucky,KY,21,2106,06,2025-09-17,2.35,2.35
Kentucky,KY,21,2106,06,2025-03-17,2.24,2.29
Louisiana,LA,22,2201,01,2026-03-15,3.39,3.39
Louisiana,LA,22,2201,01,2026-03-10,3.05,3.05
Louisiana,LA,22,2201,01,2025-09-17,2.74,2.74
Louisiana,LA,22,2201,01,2025-03-17,2.7,2.76
Louisiana,LA,22,2202,02,2026-03-15,3.4,3.4
Louisiana,LA,22,2202,02,2026-03-10,3.04,3.04
Louisiana,LA,22,2202,02,2025-09-17,2.74,2.74
Louisiana,LA,22,2202,02,2025-03-17,2.71,2.77
Louisiana,LA,22,2203,03,2026-03-15,3.37,3.37
Louisiana,LA,22,2203,03,2026-03-10,3.05,3.05
Louisiana,LA,22,2203,03,2025-09-17,2.77,2.77
Louisiana,LA,22,2203,03,2025-03-17,2.72,2.78
Louisiana,LA,22,2204,04,2026-03-15,3.19,3.19
Louisiana,LA,22,2204,04,2026-03-10,2.88,2.88
Louisiana,LA,22,2204,04,2025-09-17,2.6,2.6
Louisiana,LA,22,2204,04,2025-03-17,2.53,2.58
Louisiana,LA,22,2205,05,2026-03-15,3.24,3.24
Louisiana,LA,22,2205,05,2026-03-10,2.93,2.93
Louisiana,LA,22,2205,05,2025-09-17,2.65,2.65
Louisiana,LA,22,2205,05,2025-03-17,2.6,2.65
Louisiana,LA,22,2206,06,2026-03-15,3.24,3.24
Louisiana,LA,22,2206,06,2026-03-10,2.97,2.97
Louisiana,LA,22,2206,06,2025-09-17,2.66,2.66
Louisiana,LA,22,2206,06,2025-03-17,2.6,2.66
Maine,ME,23,2301,01,2026-03-15,2.61,2.61
Maine,ME,23,2301,01,2026-03-10,2.52,2.52
Maine,ME,23,2301,01,2025-09-17,2.35,2.35
Maine,ME,23,2301,01,2025-03-17,2.27,2.32
Maine,ME,23,2302,02,2026-03-15,2.55,2.55
Maine,ME,23,2302,02,2026-03-10,2.48,2.48
Maine,ME,23,2302,02,2025-09-17,2.4,2.4
Maine,ME,23,2302,02,2025-03-17,2.22,2.27
Maryland,MD,24,2401,01,2026-03-15,3.37,3.37
Maryland,MD,24,2401,01,2026-03-10,3.29,3.29
Maryland,MD,24,2401,01,2025-09-17,2.92,2.92
Maryland,MD,24,2401,01,2025-03-17,2.78,2.85
Maryland,MD,24,2402,02,2026-03-15,3.46,3.46
Maryland,MD,24,2402,02,2026-03-10,3.39,3.39
Maryland,MD,24,2402,02,2025-09-17,2.98,2.98
Maryland,MD,24,2402,02,2025-03-17,2.87,2.93
Maryland,MD,24,2403,03,2026-03-15,3.61,3.61
Maryland,MD,24,2403,03,2026-03-10,3.47,3.47
Maryland,MD,24,2403,03,2025-09-17,3.11,3.11
Maryland,MD,24,2403,03,2025-03-17,2.97,3.04
Maryland,MD,24,2404,04,2026-03-15,3.61,3.61
Maryland,MD,24,2404,04,2026-03-10,3.41,3.41
Maryland,MD,24,2404,04,2025-09-17,3.1,3.1
Maryland,MD,24,2404,04,2025-03-17,2.99,3.06
Maryland,MD,24,2405,05,2026-03-15,3.49,3.49
Maryland,MD,24,2405,05,2026-03-10,3.35,3.35
Maryland,MD,24,2405,05,2025-09-17,3.01,3.01
Maryland,MD,24,2405,05,2025-03-17,2.88,2.95
Maryland,MD,24,2406,06,2026-03-15,3.38,3.38
Maryland,MD,24,2406,06,2026-03-10,3.26,3.26
Maryland,MD,24,2406,06,2025-09-17,2.99,2.99
Maryland,MD,24,2406,06,2025-03-17,2.85,2.91
Maryland,MD,24,2407,07,2026-03-15,3.52,3.52
Maryland,MD,24,2407,07,2026-03-10,3.45,3.45
Maryland,MD,24,2407,07,2025-09-17,3.04,3.04
Maryland,MD,24,2407,07,2025-03-17,2.92,2.99
Maryland,MD,24,2408,08,2026-03-15,3.75,3.75
Maryland,MD,24,2408,08,2026-03-10,3.5,3.5
Maryland,MD,24,2408,08,2025-09-17,3.24,3.24
Maryland,MD,24,2408,08,2025-03-17,3.18,3.25
Massachusetts,MA,25,2501,01,2026-03-15,3.3,3.3
Massachusetts,MA,25,2501,01,2026-03-10,3.03,3.03
Massachusetts,MA,25,2501,01,2025-09-17,2.99,2.99
Massachusetts,MA,25,2501,01,2025-03-17,2.86,2.93
Massachusetts,MA,25,2502,02,2026-03-15,3.33,3.33
Massachusetts,MA,25,2502,02,2026-03-10,3.07,3.07
Massachusetts,MA,25,2502,02,2025-09-17,3.02,3.02
Massachusetts,MA,25,2502,02,2025-03-17,2.85,2.92
Massachusetts,MA,25,2503,03,2026-03-15,3.2,3.2
Massachusetts,MA,25,2503,03,2026-03-10,2.91,2.91
Massachusetts,MA,25,2503,03,2025-09-17,2.92,2.92
Massachusetts,MA,25,2503,03,2025-03-17,2.81,2.88
Massachusetts,MA,25,2504,04,2026-03-15,3.42,3.42
Massachusetts,MA,25,2504,04,2026-03-10,3.13,3.13
Massachusetts,MA,25,2504,04,2025-09-17,3.08,3.08
Massachusetts,MA,25,2504,04,2025-03-17,2.91,2.98
Massachusetts,MA,25,2505,05,2026-03-15,3.53,3.53
Massachusetts,MA,25,2505,05,2026-03-10,3.24,3.24
Massachusetts,MA,25,2505,05,2025-09-17,3.19,3.19
Massachusetts,MA,25,2505,05,2025-03-17,3.05,3.12
Massachusetts,MA,25,2506,06,2026-03-15,3.43,3.43
Massachusetts,MA,25,2506,06,2026-03-10,3.12,3.12
Massachusetts,MA,25,2506,06,2025-09-17,3.06,3.06
Massachusetts,MA,25,2506,06,2025-03-17,2.95,3.02
Massachusetts,MA,25,2507,07,2026-03-15,3.62,3.62
Massachusetts,MA,25,2507,07,2026-03-10,3.38,3.38
Massachusetts,MA,25,2507,07,2025-09-17,3.34,3.34
Massachusetts,MA,25,2507,07,2025-03-17,3.21,3.28
Massachusetts,MA,25,2508,08,2026-03-15,3.38,3.38
Massachusetts,MA,25,2508,08,2026-03-10,3.09,3.09
Massachusetts,MA,25,2508,08,2025-09-17,3.06,3.06
Massachusetts,MA,25,2508,08,2025-03-17,2.92,2.99
Massachusetts,MA,25,2509,09,2026-03-15,3.47,3.47
Massachusetts,MA,25,2509,09,2026-03-10,3.18,3.18
Massachusetts,MA,25,2509,09,2025-09-17,3.19,3.19
Massachusetts,MA,25,2509,09,2025-03-17,3,3.07
Michigan,MI,26,2601,01,2026-03-15,3.32,3.32
Michigan,MI,26,2601,01,2026-03-10,3.16,3.16
Michigan,MI,26,2601,01,2025-09-17,2.85,2.85
Michigan,MI,26,2601,01,2025-03-17,2.8,2.87
Michigan,MI,26,2602,02,2026-03-15,3.43,3.43
Michigan,MI,26,2602,02,2026-03-10,3.33,3.33
Michigan,MI,26,2602,02,2025-09-17,2.85,2.85
Michigan,MI,26,2602,02,2025-03-17,2.92,2.98
Michigan,MI,26,2603,03,2026-03-15,3.6,3.6
Michigan,MI,26,2603,03,2026-03-10,3.47,3.47
Michigan,MI,26,2603,03,2025-09-17,2.85,2.85
Michigan,MI,26,2603,03,2025-03-17,3.02,3.09
Michigan,MI,26,2604,04,2026-03-15,3.55,3.55
Michigan,MI,26,2604,04,2026-03-10,3.42,3.42
Michigan,MI,26,2604,04,2025-09-17,2.9,2.9
Michigan,MI,26,2604,04,2025-03-17,2.97,3.04
Michigan,MI,26,2605,05,2026-03-15,3.47,3.47
Michigan,MI,26,2605,05,2026-03-10,3.36,3.36
Michigan,MI,26,2605,05,2025-09-17,2.93,2.93
Michigan,MI,26,2605,05,2025-03-17,2.89,2.96
Michigan,MI,26,2606,06,2026-03-15,3.65,3.65
Michigan,MI,26,2606,06,2026-03-10,3.48,3.48
Michigan,MI,26,2606,06,2025-09-17,3.2,3.2
Michigan,MI,26,2606,06,2025-03-17,3.05,3.12
Michigan,MI,26,2607,07,2026-03-15,3.61,3.61
Michigan,MI,26,2607,07,2026-03-10,3.5,3.5
Michigan,MI,26,2607,07,2025-09-17,3,3
Michigan,MI,26,2607,07,2025-03-17,3.03,3.1
Michigan,MI,26,2608,08,2026-03-15,3.51,3.51
Michigan,MI,26,2608,08,2026-03-10,3.45,3.45
Michigan,MI,26,2608,08,2025-09-17,2.87,2.87
Michigan,MI,26,2608,08,2025-03-17,2.96,3.03
Michigan,MI,26,2609,09,2026-03-15,3.37,3.37
Michigan,MI,26,2609,09,2026-03-10,3.27,3.27
Michigan,MI,26,2609,09,2025-09-17,2.92,2.92
Michigan,MI,26,2609,09,2025-03-17,2.86,2.92
Michigan,MI,26,2611,11,2026-03-15,3.67,3.67
Michigan,MI,26,2611,11,2026-03-10,3.47,3.47
Michigan,MI,26,2611,11,2025-09-17,3.27,3.27
Michigan,MI,26,2611,11,2025-03-17,3.09,3.16
Michigan,MI,26,2612,12,2026-03-15,3.59,3.59
Michigan,MI,26,2612,12,2026-03-10,3.32,3.32
Michigan,MI,26,2612,12,2025-09-17,3.14,3.14
Michigan,MI,26,2612,12,2025-03-17,2.99,3.05
Michigan,MI,26,2613,13,2026-03-15,3.59,3.59
Michigan,MI,26,2613,13,2026-03-10,3.29,3.29
Michigan,MI,26,2613,13,2025-09-17,3.15,3.15
Michigan,MI,26,2613,13,2025-03-17,3.01,3.08
Minnesota,MN,27,2701,01,2026-03-15,2.82,2.82
Minnesota,MN,27,2701,01,2026-03-10,2.83,2.83
Minnesota,MN,27,2701,01,2025-09-17,2.72,2.72
Minnesota,MN,27,2701,01,2025-03-17,2.67,2.73
Minnesota,MN,27,2702,02,2026-03-15,3.44,3.44
Minnesota,MN,27,2702,02,2026-03-10,3.28,3.28
Minnesota,MN,27,2702,02,2025-09-17,3.08,3.08
Minnesota,MN,27,2702,02,2025-03-17,2.93,3
Minnesota,MN,27,2703,03,2026-03-15,3.42,3.42
Minnesota,MN,27,2703,03,2026-03-10,3.26,3.26
Minnesota,MN,27,2703,03,2025-09-17,3.02,3.02
Minnesota,MN,27,2703,03,2025-03-17,2.88,2.95
Minnesota,MN,27,2704,04,2026-03-15,3.53,3.53
Minnesota,MN,27,2704,04,2026-03-10,3.34,3.34
Minnesota,MN,27,2704,04,2025-09-17,3.1,3.1
Minnesota,MN,27,2704,04,2025-03-17,2.97,3.04
Minnesota,MN,27,2705,05,2026-03-15,3.56,3.56
Minnesota,MN,27,2705,05,2026-03-10,3.37,3.37
Minnesota,MN,27,2705,05,2025-09-17,3.16,3.16
Minnesota,MN,27,2705,05,2025-03-17,3.05,3.12
Minnesota,MN,27,2706,06,2026-03-15,3.48,3.48
Minnesota,MN,27,2706,06,2026-03-10,3.31,3.31
Minnesota,MN,27,2706,06,2025-09-17,3.05,3.05
Minnesota,MN,27,2706,06,2025-03-17,2.95,3.01
Minnesota,MN,27,2707,07,2026-03-15,2.91,2.91
Minnesota,MN,27,2707,07,2026-03-10,2.86,2.86
Minnesota,MN,27,2707,07,2025-09-17,2.7,2.7
Minnesota,MN,27,2707,07,2025-03-17,2.71,2.77
Minnesota,MN,27,2708,08,2026-03-15,2.71,2.71
Minnesota,MN,27,2708,08,2026-03-10,2.61,2.61
Minnesota,MN,27,2708,08,2025-09-17,2.48,2.48
Minnesota,MN,27,2708,08,2025-03-17,2.45,2.51
Mississippi,MS,28,2801,01,2026-03-15,3.09,3.09
Mississippi,MS,28,2801,01,2026-03-10,2.82,2.82
Mississippi,MS,28,2801,01,2025-09-17,2.63,2.63
Mississippi,MS,28,2801,01,2025-03-17,2.59,2.65
Mississippi,MS,28,2802,02,2026-03-15,2.5,2.5
Mississippi,MS,28,2802,02,2026-03-10,2.22,2.22
Mississippi,MS,28,2802,02,2025-09-17,2.06,2.06
Mississippi,MS,28,2802,02,2025-03-17,2.07,2.11
Mississippi,MS,28,2803,03,2026-03-15,2.36,2.36
Mississippi,MS,28,2803,03,2026-03-10,2.3,2.3
Mississippi,MS,28,2803,03,2025-09-17,2.06,2.06
Mississippi,MS,28,2803,03,2025-03-17,2.02,2.06
Mississippi,MS,28,2804,04,2026-03-15,3.02,3.02
Mississippi,MS,28,2804,04,2026-03-10,2.77,2.77
Mississippi,MS,28,2804,04,2025-09-17,2.51,2.51
Mississippi,MS,28,2804,04,2025-03-17,2.35,2.4
Missouri,MO,29,2901,01,2026-03-15,3.33,3.33
Missouri,MO,29,2901,01,2026-03-10,3.02,3.02
Missouri,MO,29,2901,01,2025-09-17,2.86,2.86
Missouri,MO,29,2901,01,2025-03-17,2.88,2.95
Missouri,MO,29,2902,02,2026-03-15,3.27,3.27
Missouri,MO,29,2902,02,2026-03-10,2.99,2.99
Missouri,MO,29,2902,02,2025-09-17,2.81,2.81
Missouri,MO,29,2902,02,2025-03-17,2.81,2.87
Missouri,MO,29,2903,03,2026-03-15,3.26,3.26
Missouri,MO,29,2903,03,2026-03-10,2.98,2.98
Missouri,MO,29,2903,03,2025-09-17,2.81,2.81
Missouri,MO,29,2903,03,2025-03-17,2.82,2.89
Missouri,MO,29,2908,08,2026-03-15,3.16,3.16
Missouri,MO,29,2908,08,2026-03-10,2.91,2.91
Missouri,MO,29,2908,08,2025-09-17,2.68,2.68
Missouri,MO,29,2908,08,2025-03-17,2.68,2.74
Montana,MT,30,3001,01,2026-03-15,3.24,3.24
Montana,MT,30,3001,01,2026-03-10,2.98,2.98
Montana,MT,30,3001,01,2025-09-17,3.16,3.16
Montana,MT,30,3001,01,2025-03-17,3.05,3.12
Montana,MT,30,3002,02,2026-03-15,3.08,3.08
Montana,MT,30,3002,02,2026-03-10,2.91,2.91
Montana,MT,30,3002,02,2025-09-17,2.99,2.99
Montana,MT,30,3002,02,2025-03-17,2.89,2.96
Nebraska,NE,31,3101,01,2026-03-15,3.03,3.03
Nebraska,NE,31,3101,01,2026-03-10,2.85,2.85
Nebraska,NE,31,3101,01,2025-09-17,2.8,2.8
Nebraska,NE,31,3101,01,2025-03-17,2.77,2.83
Nebraska,NE,31,3102,02,2026-03-15,3.34,3.34
Nebraska,NE,31,3102,02,2026-03-10,3.01,3.01
Nebraska,NE,31,3102,02,2025-09-17,2.89,2.89
Nebraska,NE,31,3102,02,2025-03-17,2.88,2.94
Nebraska,NE,31,3103,03,2026-03-15,2.67,2.67
Nebraska,NE,31,3103,03,2026-03-10,2.62,2.62
Nebraska,NE,31,3103,03,2025-09-17,2.64,2.64
Nebraska,NE,31,3103,03,2025-03-17,2.6,2.66
Nevada,NV,32,3201,01,2026-03-15,4.65,4.65
Nevada,NV,32,3201,01,2026-03-10,4.29,4.29
Nevada,NV,32,3201,01,2025-09-17,3.96,3.96
Nevada,NV,32,3201,01,2025-03-17,3.69,3.77
Nevada,NV,32,3202,02,2026-03-15,4.41,4.41
Nevada,NV,32,3202,02,2026-03-10,4.11,4.11
Nevada,NV,32,3202,02,2025-09-17,3.77,3.77
Nevada,NV,32,3202,02,2025-03-17,3.81,3.89
Nevada,NV,32,3203,03,2026-03-15,4.66,4.66
Nevada,NV,32,3203,03,2026-03-10,4.28,4.28
Nevada,NV,32,3203,03,2025-09-17,3.96,3.96
Nevada,NV,32,3203,03,2025-03-17,3.72,3.8
Nevada,NV,32,3204,04,2026-03-15,4.53,4.53
Nevada,NV,32,3204,04,2026-03-10,4.19,4.19
Nevada,NV,32,3204,04,2025-09-17,3.83,3.83
Nevada,NV,32,3204,04,2025-03-17,3.54,3.62
New Hampshire,NH,33,3301,01,2026-03-15,3.05,3.05
New Hampshire,NH,33,3301,01,2026-03-10,2.79,2.79
New Hampshire,NH,33,3301,01,2025-09-17,2.69,2.69
New Hampshire,NH,33,3301,01,2025-03-17,2.55,2.61
New Hampshire,NH,33,3302,02,2026-03-15,2.49,2.49
New Hampshire,NH,33,3302,02,2026-03-10,2.28,2.28
New Hampshire,NH,33,3302,02,2025-09-17,2.24,2.24
New Hampshire,NH,33,3302,02,2025-03-17,2.25,2.3
New Jersey,NJ,34,3401,01,2026-03-15,3.52,3.52
New Jersey,NJ,34,3401,01,2026-03-10,3.18,3.18
New Jersey,NJ,34,3401,01,2025-09-17,3.11,3.11
New Jersey,NJ,34,3401,01,2025-03-17,2.88,2.95
New Jersey,NJ,34,3402,02,2026-03-15,3.44,3.44
New Jersey,NJ,34,3402,02,2026-03-10,3.11,3.11
New Jersey,NJ,34,3402,02,2025-09-17,3.08,3.08
New Jersey,NJ,34,3402,02,2025-03-17,2.88,2.94
New Jersey,NJ,34,3403,03,2026-03-15,3.57,3.57
New Jersey,NJ,34,3403,03,2026-03-10,3.29,3.29
New Jersey,NJ,34,3403,03,2025-09-17,3.15,3.15
New Jersey,NJ,34,3403,03,2025-03-17,2.9,2.96
New Jersey,NJ,34,3404,04,2026-03-15,3.45,3.45
New Jersey,NJ,34,3404,04,2026-03-10,3.23,3.23
New Jersey,NJ,34,3404,04,2025-09-17,2.99,2.99
New Jersey,NJ,34,3404,04,2025-03-17,2.78,2.85
New Jersey,NJ,34,3405,05,2026-03-15,3.54,3.54
New Jersey,NJ,34,3405,05,2026-03-10,3.31,3.31
New Jersey,NJ,34,3405,05,2025-09-17,3.09,3.09
New Jersey,NJ,34,3405,05,2025-03-17,2.87,2.94
New Jersey,NJ,34,3406,06,2026-03-15,3.63,3.63
New Jersey,NJ,34,3406,06,2026-03-10,3.39,3.39
New Jersey,NJ,34,3406,06,2025-09-17,3.18,3.18
New Jersey,NJ,34,3406,06,2025-03-17,2.93,3
New Jersey,NJ,34,3407,07,2026-03-15,3.39,3.39
New Jersey,NJ,34,3407,07,2026-03-10,3.25,3.25
New Jersey,NJ,34,3407,07,2025-09-17,3.12,3.12
New Jersey,NJ,34,3407,07,2025-03-17,2.91,2.97
New Jersey,NJ,34,3408,08,2026-03-15,3.62,3.62
New Jersey,NJ,34,3408,08,2026-03-10,3.4,3.4
New Jersey,NJ,34,3408,08,2025-09-17,3.17,3.17
New Jersey,NJ,34,3408,08,2025-03-17,2.93,2.99
New Jersey,NJ,34,3409,09,2026-03-15,3.6,3.6
New Jersey,NJ,34,3409,09,2026-03-10,3.4,3.4
New Jersey,NJ,34,3409,09,2025-09-17,3.16,3.16
New Jersey,NJ,34,3409,09,2025-03-17,2.93,2.99
New Jersey,NJ,34,3410,10,2026-03-15,3.63,3.63
New Jersey,NJ,34,3410,10,2026-03-10,3.4,3.4
New Jersey,NJ,34,3410,10,2025-09-17,3.19,3.19
New Jersey,NJ,34,3410,10,2025-03-17,2.96,3.02
New Jersey,NJ,34,3411,11,2026-03-15,3.61,3.61
New Jersey,NJ,34,3411,11,2026-03-10,3.37,3.37
New Jersey,NJ,34,3411,11,2025-09-17,3.19,3.19
New Jersey,NJ,34,3411,11,2025-03-17,2.95,3.02
New Jersey,NJ,34,3412,12,2026-03-15,3.22,3.22
New Jersey,NJ,34,3412,12,2026-03-10,3.15,3.15
New Jersey,NJ,34,3412,12,2025-09-17,2.94,2.94
New Jersey,NJ,34,3412,12,2025-03-17,2.71,2.77
New Mexico,NM,35,3501,01,2026-03-15,3.78,3.78
New Mexico,NM,35,3501,01,2026-03-10,3.35,3.35
New Mexico,NM,35,3501,01,2025-09-17,3.09,3.09
New Mexico,NM,35,3501,01,2025-03-17,2.79,2.85
New Mexico,NM,35,3502,02,2026-03-15,3.6,3.6
New Mexico,NM,35,3502,02,2026-03-10,3.2,3.2
New Mexico,NM,35,3502,02,2025-09-17,2.96,2.96
New Mexico,NM,35,3502,02,2025-03-17,2.72,2.78
New Mexico,NM,35,3503,03,2026-03-15,3.55,3.55
New Mexico,NM,35,3503,03,2026-03-10,3.11,3.11
New Mexico,NM,35,3503,03,2025-09-17,2.83,2.83
New Mexico,NM,35,3503,03,2025-03-17,2.59,2.64
New York,NY,36,3601,01,2026-03-15,3.6,3.6
New York,NY,36,3601,01,2026-03-10,3.39,3.39
New York,NY,36,3601,01,2025-09-17,3.26,3.26
New York,NY,36,3601,01,2025-03-17,3.02,3.09
New York,NY,36,3602,02,2026-03-15,3.53,3.53
New York,NY,36,3602,02,2026-03-10,3.33,3.33
New York,NY,36,3602,02,2025-09-17,3.15,3.15
New York,NY,36,3602,02,2025-03-17,2.94,3.01
New York,NY,36,3603,03,2026-03-15,3.55,3.55
New York,NY,36,3603,03,2026-03-10,3.35,3.35
New York,NY,36,3603,03,2025-09-17,3.21,3.21
New York,NY,36,3603,03,2025-03-17,3.01,3.07
New York,NY,36,3604,04,2026-03-15,3.56,3.56
New York,NY,36,3604,04,2026-03-10,3.36,3.36
New York,NY,36,3604,04,2025-09-17,3.23,3.23
New York,NY,36,3604,04,2025-03-17,3.01,3.07
New York,NY,36,3605,05,2026-03-15,3.58,3.58
New York,NY,36,3605,05,2026-03-10,3.42,3.42
New York,NY,36,3605,05,2025-09-17,3.25,3.25
New York,NY,36,3605,05,2025-03-17,3.06,3.12
New York,NY,36,3606,06,2026-03-15,3.67,3.67
New York,NY,36,3606,06,2026-03-10,3.5,3.5
New York,NY,36,3606,06,2025-09-17,3.34,3.34
New York,NY,36,3606,06,2025-03-17,3.12,3.18
New York,NY,36,3607,07,2026-03-15,3.61,3.61
New York,NY,36,3607,07,2026-03-10,3.46,3.46
New York,NY,36,3607,07,2025-09-17,3.3,3.3
New York,NY,36,3607,07,2025-03-17,3.07,3.14
New York,NY,36,3608,08,2026-03-15,3.6,3.6
New York,NY,36,3608,08,2026-03-10,3.45,3.45
New York,NY,36,3608,08,2025-09-17,3.31,3.31
New York,NY,36,3608,08,2025-03-17,3.08,3.15
New York,NY,36,3609,09,2026-03-15,3.6,3.6
New York,NY,36,3609,09,2026-03-10,3.45,3.45
New York,NY,36,3609,09,2025-09-17,3.3,3.3
New York,NY,36,3609,09,2025-03-17,3.08,3.15
New York,NY,36,3610,10,2026-03-15,3.64,3.64
New York,NY,36,3610,10,2026-03-10,3.52,3.52
New York,NY,36,3610,10,2025-09-17,3.3,3.3
New York,NY,36,3610,10,2025-03-17,3.07,3.14
New York,NY,36,3611,11,2026-03-15,3.63,3.63
New York,NY,36,3611,11,2026-03-10,3.46,3.46
New York,NY,36,3611,11,2025-09-17,3.31,3.31
New York,NY,36,3611,11,2025-03-17,3.11,3.18
New York,NY,36,3612,12,2026-03-15,3.68,3.68
New York,NY,36,3612,12,2026-03-10,3.58,3.58
New York,NY,36,3612,12,2025-09-17,3.29,3.29
New York,NY,36,3612,12,2025-03-17,3.06,3.13
New York,NY,36,3613,13,2026-03-15,3.66,3.66
New York,NY,36,3613,13,2026-03-10,3.49,3.49
New York,NY,36,3613,13,2025-09-17,3.31,3.31
New York,NY,36,3613,13,2025-03-17,3.09,3.16
New York,NY,36,3614,14,2026-03-15,3.67,3.67
New York,NY,36,3614,14,2026-03-10,3.51,3.51
New York,NY,36,3614,14,2025-09-17,3.34,3.34
New York,NY,36,3614,14,2025-03-17,3.13,3.2
New York,NY,36,3615,15,2026-03-15,3.64,3.64
New York,NY,36,3615,15,2026-03-10,3.47,3.47
New York,NY,36,3615,15,2025-09-17,3.31,3.31
New York,NY,36,3615,15,2025-03-17,3.11,3.18
New York,NY,36,3616,16,2026-03-15,3.77,3.77
New York,NY,36,3616,16,2026-03-10,3.59,3.59
New York,NY,36,3616,16,2025-09-17,3.43,3.43
New York,NY,36,3616,16,2025-03-17,3.3,3.37
New York,NY,36,3617,17,2026-03-15,3.52,3.52
New York,NY,36,3617,17,2026-03-10,3.33,3.33
New York,NY,36,3617,17,2025-09-17,3.19,3.19
New York,NY,36,3617,17,2025-03-17,3.04,3.11
New York,NY,36,3618,18,2026-03-15,2.9,2.9
New York,NY,36,3618,18,2026-03-10,2.73,2.73
New York,NY,36,3618,18,2025-09-17,2.59,2.59
New York,NY,36,3618,18,2025-03-17,2.51,2.57
New York,NY,36,3619,19,2026-03-15,2.03,2.03
New York,NY,36,3619,19,2026-03-10,2.44,2.44
New York,NY,36,3619,19,2025-09-17,2.39,2.39
New York,NY,36,3619,19,2025-03-17,2.36,2.41
New York,NY,36,3621,21,2026-03-15,2.45,2.45
New York,NY,36,3621,21,2026-03-10,2.24,2.24
New York,NY,36,3621,21,2025-09-17,2.22,2.22
New York,NY,36,3621,21,2025-03-17,2.27,2.32
New York,NY,36,3622,22,2026-03-15,2.51,2.51
New York,NY,36,3622,22,2026-03-10,2.46,2.46
New York,NY,36,3622,22,2025-09-17,2.36,2.36
New York,NY,36,3622,22,2025-03-17,2.35,2.4
New York,NY,36,3623,23,2026-03-15,2.82,2.82
New York,NY,36,3623,23,2026-03-10,2.65,2.65
New York,NY,36,3623,23,2025-09-17,2.6,2.6
New York,NY,36,3623,23,2025-03-17,2.55,2.61
New York,NY,36,3624,24,2026-03-15,2.86,2.86
New York,NY,36,3624,24,2026-03-10,2.75,2.75
New York,NY,36,3624,24,2025-09-17,2.49,2.49
New York,NY,36,3624,24,2025-03-17,2.54,2.6
New York,NY,36,3625,25,2026-03-15,3.29,3.29
New York,NY,36,3625,25,2026-03-10,3.08,3.08
New York,NY,36,3625,25,2025-09-17,3,3
New York,NY,36,3625,25,2025-03-17,2.64,2.7
New York,NY,36,3626,26,2026-03-15,3.38,3.38
New York,NY,36,3626,26,2026-03-10,3.21,3.21
New York,NY,36,3626,26,2025-09-17,3.09,3.09
New York,NY,36,3626,26,2025-03-17,2.98,3.04
North Carolina,NC,37,3703,03,2026-03-15,2.38,2.38
North Carolina,NC,37,3703,03,2026-03-10,2.73,2.73
North Carolina,NC,37,3703,03,2025-09-17,2.29,2.29
North Carolina,NC,37,3703,03,2025-03-17,2.37,2.42
North Carolina,NC,37,3705,05,2026-03-15,2.7,2.7
North Carolina,NC,37,3705,05,2026-03-10,2.44,2.44
North Carolina,NC,37,3705,05,2025-09-17,2.14,2.14
North Carolina,NC,37,3705,05,2025-03-17,2.08,2.13
North Carolina,NC,37,3707,07,2026-03-15,3.19,3.19
North Carolina,NC,37,3707,07,2026-03-10,2.99,2.99
North Carolina,NC,37,3707,07,2025-09-17,2.61,2.61
North Carolina,NC,37,3707,07,2025-03-17,2.53,2.59
North Carolina,NC,37,3708,08,2026-03-15,3.49,3.49
North Carolina,NC,37,3708,08,2026-03-10,3.22,3.22
North Carolina,NC,37,3708,08,2025-09-17,2.87,2.87
North Carolina,NC,37,3708,08,2025-03-17,2.78,2.85
North Carolina,NC,37,3709,09,2026-03-15,3.35,3.35
North Carolina,NC,37,3709,09,2026-03-10,3.15,3.15
North Carolina,NC,37,3709,09,2025-09-17,2.7,2.7
North Carolina,NC,37,3709,09,2025-03-17,2.65,2.71
North Carolina,NC,37,3710,10,2026-03-15,2.96,2.96
North Carolina,NC,37,3710,10,2026-03-10,2.72,2.72
North Carolina,NC,37,3710,10,2025-09-17,2.7,2.7
North Carolina,NC,37,3710,10,2025-03-17,2.6,2.65
North Carolina,NC,37,3711,11,2026-03-15,3.09,3.09
North Carolina,NC,37,3711,11,2026-03-10,2.86,2.86
North Carolina,NC,37,3711,11,2025-09-17,2.68,2.68
North Carolina,NC,37,3711,11,2025-03-17,2.63,2.69
North Carolina,NC,37,3712,12,2026-03-15,3.57,3.57
North Carolina,NC,37,3712,12,2026-03-10,3.28,3.28
North Carolina,NC,37,3712,12,2025-09-17,2.91,2.91
North Carolina,NC,37,3712,12,2025-03-17,2.81,2.87
North Carolina,NC,37,3714,14,2026-03-15,3.48,3.48
North Carolina,NC,37,3714,14,2026-03-10,3.17,3.17
North Carolina,NC,37,3714,14,2025-09-17,2.85,2.85
North Carolina,NC,37,3714,14,2025-03-17,2.7,2.76
North Dakota,ND,38,3800,00,2026-03-15,2.92,2.92
North Dakota,ND,38,3800,00,2026-03-10,2.83,2.83
North Dakota,ND,38,3800,00,2025-09-17,2.76,2.76
North Dakota,ND,38,3800,00,2025-03-17,2.81,2.88
Ohio,OH,39,3901,01,2026-03-15,3.39,3.39
Ohio,OH,39,3901,01,2026-03-10,3.36,3.36
Ohio,OH,39,3901,01,2025-09-17,2.93,2.93
Ohio,OH,39,3901,01,2025-03-17,2.88,2.95
Ohio,OH,39,3902,02,2026-03-15,3.15,3.15
Ohio,OH,39,3902,02,2026-03-10,3.1,3.1
Ohio,OH,39,3902,02,2025-09-17,2.68,2.68
Ohio,OH,39,3902,02,2025-03-17,2.62,2.68
Ohio,OH,39,3903,03,2026-03-15,3.44,3.44
Ohio,OH,39,3903,03,2026-03-10,3.42,3.42
Ohio,OH,39,3903,03,2025-09-17,3.01,3.01
Ohio,OH,39,3903,03,2025-03-17,2.93,2.99
Ohio,OH,39,3904,04,2026-03-15,2.92,2.92
Ohio,OH,39,3904,04,2026-03-10,2.85,2.85
Ohio,OH,39,3904,04,2025-09-17,2.5,2.5
Ohio,OH,39,3904,04,2025-03-17,2.5,2.55
Ohio,OH,39,3905,05,2026-03-15,2.98,2.98
Ohio,OH,39,3905,05,2026-03-10,2.93,2.93
Ohio,OH,39,3905,05,2025-09-17,2.53,2.53
Ohio,OH,39,3905,05,2025-03-17,2.56,2.62
Ohio,OH,39,3906,06,2026-03-15,3.17,3.17
Ohio,OH,39,3906,06,2026-03-10,3.11,3.11
Ohio,OH,39,3906,06,2025-09-17,2.73,2.73
Ohio,OH,39,3906,06,2025-03-17,2.71,2.77
Ohio,OH,39,3907,07,2026-03-15,3.37,3.37
Ohio,OH,39,3907,07,2026-03-10,3.35,3.35
Ohio,OH,39,3907,07,2025-09-17,2.91,2.91
Ohio,OH,39,3907,07,2025-03-17,2.9,2.97
Ohio,OH,39,3908,08,2026-03-15,3.19,3.19
Ohio,OH,39,3908,08,2026-03-10,3.19,3.19
Ohio,OH,39,3908,08,2025-09-17,2.74,2.74
Ohio,OH,39,3908,08,2025-03-17,2.72,2.79
Ohio,OH,39,3909,09,2026-03-15,3.36,3.36
Ohio,OH,39,3909,09,2026-03-10,3.32,3.32
Ohio,OH,39,3909,09,2025-09-17,2.74,2.74
Ohio,OH,39,3909,09,2025-03-17,2.86,2.92
Ohio,OH,39,3910,10,2026-03-15,3.21,3.21
Ohio,OH,39,3910,10,2026-03-10,3.18,3.18
Ohio,OH,39,3910,10,2025-09-17,2.67,2.67
Ohio,OH,39,3910,10,2025-03-17,2.65,2.71
Ohio,OH,39,3911,11,2026-03-15,3.46,3.46
Ohio,OH,39,3911,11,2026-03-10,3.29,3.29
Ohio,OH,39,3911,11,2025-09-17,3.06,3.06
Ohio,OH,39,3911,11,2025-03-17,2.92,2.98
Ohio,OH,39,3912,12,2026-03-15,3.06,3.06
Ohio,OH,39,3912,12,2026-03-10,3.06,3.06
Ohio,OH,39,3912,12,2025-09-17,2.65,2.65
Ohio,OH,39,3912,12,2025-03-17,2.65,2.71
Ohio,OH,39,3913,13,2026-03-15,3.39,3.39
Ohio,OH,39,3913,13,2026-03-10,3.4,3.4
Ohio,OH,39,3913,13,2025-09-17,2.8,2.8
Ohio,OH,39,3913,13,2025-03-17,2.92,2.99
Ohio,OH,39,3914,14,2026-03-15,3.31,3.31
Ohio,OH,39,3914,14,2026-03-10,3.25,3.25
Ohio,OH,39,3914,14,2025-09-17,2.83,2.83
Ohio,OH,39,3914,14,2025-03-17,2.83,2.89
Ohio,OH,39,3915,15,2026-03-15,3.27,3.27
Ohio,OH,39,3915,15,2026-03-10,3.24,3.24
Ohio,OH,39,3915,15,2025-09-17,2.74,2.74
Ohio,OH,39,3915,15,2025-03-17,2.76,2.82
Oklahoma,OK,40,4001,01,2026-03-15,3.31,3.31
Oklahoma,OK,40,4001,01,2026-03-10,3.01,3.01
Oklahoma,OK,40,4001,01,2025-09-17,2.7,2.7
Oklahoma,OK,40,4001,01,2025-03-17,2.68,2.74
Oklahoma,OK,40,4002,02,2026-03-15,2.95,2.95
Oklahoma,OK,40,4002,02,2026-03-10,2.79,2.79
Oklahoma,OK,40,4002,02,2025-09-17,2.59,2.59
Oklahoma,OK,40,4002,02,2025-03-17,2.56,2.62
Oklahoma,OK,40,4003,03,2026-03-15,3.09,3.09
Oklahoma,OK,40,4003,03,2026-03-10,2.89,2.89
Oklahoma,OK,40,4003,03,2025-09-17,2.65,2.65
Oklahoma,OK,40,4003,03,2025-03-17,2.58,2.64
Oklahoma,OK,40,4004,04,2026-03-15,3.17,3.17
Oklahoma,OK,40,4004,04,2026-03-10,2.97,2.97
Oklahoma,OK,40,4004,04,2025-09-17,2.74,2.74
Oklahoma,OK,40,4004,04,2025-03-17,2.61,2.67
Oklahoma,OK,40,4005,05,2026-03-15,3.26,3.26
Oklahoma,OK,40,4005,05,2026-03-10,3.01,3.01
Oklahoma,OK,40,4005,05,2025-09-17,2.78,2.78
Oklahoma,OK,40,4005,05,2025-03-17,2.62,2.68
Oregon,OR,41,4101,01,2026-03-15,4.47,4.47
Oregon,OR,41,4101,01,2026-03-10,4.24,4.24
Oregon,OR,41,4101,01,2025-09-17,4.36,4.36
Oregon,OR,41,4101,01,2025-03-17,3.81,3.9
Oregon,OR,41,4102,02,2026-03-15,4.07,4.07
Oregon,OR,41,4102,02,2026-03-10,3.92,3.92
Oregon,OR,41,4102,02,2025-09-17,3.93,3.93
Oregon,OR,41,4102,02,2025-03-17,3.46,3.54
Oregon,OR,41,4103,03,2026-03-15,4.49,4.49
Oregon,OR,41,4103,03,2026-03-10,4.25,4.25
Oregon,OR,41,4103,03,2025-09-17,4.34,4.34
Oregon,OR,41,4103,03,2025-03-17,3.79,3.87
Oregon,OR,41,4104,04,2026-03-15,4.28,4.28
Oregon,OR,41,4104,04,2026-03-10,3.99,3.99
Oregon,OR,41,4104,04,2025-09-17,4.02,4.02
Oregon,OR,41,4104,04,2025-03-17,3.43,3.51
Oregon,OR,41,4105,05,2026-03-15,4.48,4.48
Oregon,OR,41,4105,05,2026-03-10,4.23,4.23
Oregon,OR,41,4105,05,2025-09-17,4.28,4.28
Oregon,OR,41,4105,05,2025-03-17,3.71,3.79
Oregon,OR,41,4106,06,2026-03-15,4.37,4.37
Oregon,OR,41,4106,06,2026-03-10,4.13,4.13
Oregon,OR,41,4106,06,2025-09-17,4.19,4.19
Oregon,OR,41,4106,06,2025-03-17,3.59,3.67
Pennsylvania,PA,42,4201,01,2026-03-15,3.62,3.62
Pennsylvania,PA,42,4201,01,2026-03-10,3.31,3.31
Pennsylvania,PA,42,4201,01,2025-09-17,3.26,3.26
Pennsylvania,PA,42,4201,01,2025-03-17,3.07,3.14
Pennsylvania,PA,42,4202,02,2026-03-15,3.69,3.69
Pennsylvania,PA,42,4202,02,2026-03-10,3.38,3.38
Pennsylvania,PA,42,4202,02,2025-09-17,3.32,3.32
Pennsylvania,PA,42,4202,02,2025-03-17,3.13,3.2
Pennsylvania,PA,42,4203,03,2026-03-15,3.72,3.72
Pennsylvania,PA,42,4203,03,2026-03-10,3.4,3.4
Pennsylvania,PA,42,4203,03,2025-09-17,3.37,3.37
Pennsylvania,PA,42,4203,03,2025-03-17,3.15,3.22
Pennsylvania,PA,42,4204,04,2026-03-15,3.65,3.65
Pennsylvania,PA,42,4204,04,2026-03-10,3.37,3.37
Pennsylvania,PA,42,4204,04,2025-09-17,3.29,3.29
Pennsylvania,PA,42,4204,04,2025-03-17,3.1,3.17
Pennsylvania,PA,42,4205,05,2026-03-15,3.66,3.66
Pennsylvania,PA,42,4205,05,2026-03-10,3.36,3.36
Pennsylvania,PA,42,4205,05,2025-09-17,3.29,3.29
Pennsylvania,PA,42,4205,05,2025-03-17,3.07,3.14
Pennsylvania,PA,42,4206,06,2026-03-15,3.65,3.65
Pennsylvania,PA,42,4206,06,2026-03-10,3.42,3.42
Pennsylvania,PA,42,4206,06,2025-09-17,3.26,3.26
Pennsylvania,PA,42,4206,06,2025-03-17,3.08,3.15
Pennsylvania,PA,42,4207,07,2026-03-15,3.65,3.65
Pennsylvania,PA,42,4207,07,2026-03-10,3.5,3.5
Pennsylvania,PA,42,4207,07,2025-09-17,3.22,3.22
Pennsylvania,PA,42,4207,07,2025-03-17,3.09,3.15
Pennsylvania,PA,42,4208,08,2026-03-15,3.49,3.49
Pennsylvania,PA,42,4208,08,2026-03-10,3.33,3.33
Pennsylvania,PA,42,4208,08,2025-09-17,3.18,3.18
Pennsylvania,PA,42,4208,08,2025-03-17,3.09,3.15
Pennsylvania,PA,42,4209,09,2026-03-15,3.42,3.42
Pennsylvania,PA,42,4209,09,2026-03-10,3.26,3.26
Pennsylvania,PA,42,4209,09,2025-09-17,3.05,3.05
Pennsylvania,PA,42,4209,09,2025-03-17,2.98,3.04
Pennsylvania,PA,42,4210,10,2026-03-15,3.64,3.64
Pennsylvania,PA,42,4210,10,2026-03-10,3.51,3.51
Pennsylvania,PA,42,4210,10,2025-09-17,3.23,3.23
Pennsylvania,PA,42,4210,10,2025-03-17,3.11,3.18
Pennsylvania,PA,42,4211,11,2026-03-15,3.5,3.5
Pennsylvania,PA,42,4211,11,2026-03-10,3.42,3.42
Pennsylvania,PA,42,4211,11,2025-09-17,3.11,3.11
Pennsylvania,PA,42,4211,11,2025-03-17,2.99,3.06
Pennsylvania,PA,42,4212,12,2026-03-15,3.76,3.76
Pennsylvania,PA,42,4212,12,2026-03-10,3.7,3.7
Pennsylvania,PA,42,4212,12,2025-09-17,3.53,3.53
Pennsylvania,PA,42,4212,12,2025-03-17,3.48,3.56
Pennsylvania,PA,42,4213,13,2026-03-15,3.34,3.34
Pennsylvania,PA,42,4213,13,2026-03-10,3.31,3.31
Pennsylvania,PA,42,4213,13,2025-09-17,3.07,3.07
Pennsylvania,PA,42,4213,13,2025-03-17,3,3.06
Pennsylvania,PA,42,4214,14,2026-03-15,3.23,3.23
Pennsylvania,PA,42,4214,14,2026-03-10,3.17,3.17
Pennsylvania,PA,42,4214,14,2025-09-17,3,3
Pennsylvania,PA,42,4214,14,2025-03-17,3.03,3.1
Pennsylvania,PA,42,4215,15,2026-03-15,3.33,3.33
Pennsylvania,PA,42,4215,15,2026-03-10,3.24,3.24
Pennsylvania,PA,42,4215,15,2025-09-17,3.04,3.04
Pennsylvania,PA,42,4215,15,2025-03-17,3,3.07
Pennsylvania,PA,42,4216,16,2026-03-15,3.47,3.47
Pennsylvania,PA,42,4216,16,2026-03-10,3.43,3.43
Pennsylvania,PA,42,4216,16,2025-09-17,3.24,3.24
Pennsylvania,PA,42,4216,16,2025-03-17,3.15,3.22
Pennsylvania,PA,42,4217,17,2026-03-15,3.74,3.74
Pennsylvania,PA,42,4217,17,2026-03-10,3.65,3.65
Pennsylvania,PA,42,4217,17,2025-09-17,3.5,3.5
Pennsylvania,PA,42,4217,17,2025-03-17,3.43,3.51
Rhode Island,RI,44,4401,01,2026-03-15,2.98,2.98
Rhode Island,RI,44,4401,01,2026-03-10,2.74,2.74
Rhode Island,RI,44,4401,01,2025-09-17,2.72,2.72
Rhode Island,RI,44,4401,01,2025-03-17,2.55,2.61
Rhode Island,RI,44,4402,02,2026-03-15,3.34,3.34
Rhode Island,RI,44,4402,02,2026-03-10,3.1,3.1
Rhode Island,RI,44,4402,02,2025-09-17,3.09,3.09
Rhode Island,RI,44,4402,02,2025-03-17,2.89,2.95
South Carolina,SC,45,4501,01,2026-03-15,2.86,2.86
South Carolina,SC,45,4501,01,2026-03-10,2.71,2.71
South Carolina,SC,45,4501,01,2025-09-17,2.47,2.47
South Carolina,SC,45,4501,01,2025-03-17,2.42,2.48
South Carolina,SC,45,4502,02,2026-03-15,2.93,2.93
South Carolina,SC,45,4502,02,2026-03-10,2.63,2.63
South Carolina,SC,45,4502,02,2025-09-17,2.45,2.45
South Carolina,SC,45,4502,02,2025-03-17,2.31,2.36
South Carolina,SC,45,4503,03,2026-03-15,3.21,3.21
South Carolina,SC,45,4503,03,2026-03-10,2.95,2.95
South Carolina,SC,45,4503,03,2025-09-17,2.71,2.71
South Carolina,SC,45,4503,03,2025-03-17,2.51,2.57
South Carolina,SC,45,4504,04,2026-03-15,2.84,2.84
South Carolina,SC,45,4504,04,2026-03-10,2.59,2.59
South Carolina,SC,45,4504,04,2025-09-17,2.56,2.56
South Carolina,SC,45,4504,04,2025-03-17,2.52,2.57
South Carolina,SC,45,4505,05,2026-03-15,3.31,3.31
South Carolina,SC,45,4505,05,2026-03-10,2.97,2.97
South Carolina,SC,45,4505,05,2025-09-17,2.84,2.84
South Carolina,SC,45,4505,05,2025-03-17,2.74,2.8
South Carolina,SC,45,4506,06,2026-03-15,2.99,2.99
South Carolina,SC,45,4506,06,2026-03-10,2.71,2.71
South Carolina,SC,45,4506,06,2025-09-17,2.52,2.52
South Carolina,SC,45,4506,06,2025-03-17,2.43,2.48
South Carolina,SC,45,4507,07,2026-03-15,2.77,2.77
South Carolina,SC,45,4507,07,2026-03-10,2.56,2.56
South Carolina,SC,45,4507,07,2025-09-17,2.29,2.29
South Carolina,SC,45,4507,07,2025-03-17,2.26,2.31
South Dakota,SD,46,4600,00,2026-03-15,2.92,2.92
South Dakota,SD,46,4600,00,2026-03-10,2.76,2.76
South Dakota,SD,46,4600,00,2025-09-17,2.71,2.71
South Dakota,SD,46,4600,00,2025-03-17,2.68,2.74
Tennessee,TN,47,4708,08,2026-03-15,2.97,2.97
Tennessee,TN,47,4708,08,2026-03-10,2.7,2.7
Tennessee,TN,47,4708,08,2025-09-17,2.54,2.54
Tennessee,TN,47,4708,08,2025-03-17,2.51,2.57
Tennessee,TN,47,4709,09,2026-03-15,3.25,3.25
Tennessee,TN,47,4709,09,2026-03-10,2.91,2.91
Tennessee,TN,47,4709,09,2025-09-17,2.76,2.76
Tennessee,TN,47,4709,09,2025-03-17,2.72,2.78
Texas,TX,48,4801,01,2026-03-15,3.21,3.21
Texas,TX,48,4801,01,2026-03-10,2.98,2.98
Texas,TX,48,4801,01,2025-09-17,2.7,2.7
Texas,TX,48,4801,01,2025-03-17,2.58,2.64
Texas,TX,48,4802,02,2026-03-15,3.3,3.3
Texas,TX,48,4802,02,2026-03-10,3.05,3.05
Texas,TX,48,4802,02,2025-09-17,2.71,2.71
Texas,TX,48,4802,02,2025-03-17,2.67,2.73
Texas,TX,48,4803,03,2026-03-15,3.4,3.4
Texas,TX,48,4803,03,2026-03-10,3.21,3.21
Texas,TX,48,4803,03,2025-09-17,2.85,2.85
Texas,TX,48,4803,03,2025-03-17,2.61,2.67
Texas,TX,48,4804,04,2026-03-15,3.3,3.3
Texas,TX,48,4804,04,2026-03-10,3.1,3.1
Texas,TX,48,4804,04,2025-09-17,2.75,2.75
Texas,TX,48,4804,04,2025-03-17,2.57,2.62
Texas,TX,48,4805,05,2026-03-15,3.43,3.43
Texas,TX,48,4805,05,2026-03-10,3.19,3.19
Texas,TX,48,4805,05,2025-09-17,2.84,2.84
Texas,TX,48,4805,05,2025-03-17,2.66,2.72
Texas,TX,48,4806,06,2026-03-15,3.4,3.4
Texas,TX,48,4806,06,2026-03-10,3.16,3.16
Texas,TX,48,4806,06,2025-09-17,2.84,2.84
Texas,TX,48,4806,06,2025-03-17,2.64,2.69
Texas,TX,48,4807,07,2026-03-15,3.36,3.36
Texas,TX,48,4807,07,2026-03-10,3.1,3.1
Texas,TX,48,4807,07,2025-09-17,2.79,2.79
Texas,TX,48,4807,07,2025-03-17,2.73,2.8
Texas,TX,48,4808,08,2026-03-15,3.31,3.31
Texas,TX,48,4808,08,2026-03-10,3.06,3.06
Texas,TX,48,4808,08,2025-09-17,2.69,2.69
Texas,TX,48,4808,08,2025-03-17,2.65,2.71
Texas,TX,48,4809,09,2026-03-15,3.32,3.32
Texas,TX,48,4809,09,2026-03-10,3.07,3.07
Texas,TX,48,4809,09,2025-09-17,2.68,2.68
Texas,TX,48,4809,09,2025-03-17,2.64,2.7
Texas,TX,48,4810,10,2026-03-15,3.32,3.32
Texas,TX,48,4810,10,2026-03-10,3.06,3.06
Texas,TX,48,4810,10,2025-09-17,2.72,2.72
Texas,TX,48,4810,10,2025-03-17,2.62,2.68
Texas,TX,48,4811,11,2026-03-15,3.39,3.39
Texas,TX,48,4811,11,2026-03-10,3.11,3.11
Texas,TX,48,4811,11,2025-09-17,2.64,2.64
Texas,TX,48,4811,11,2025-03-17,2.56,2.62
Texas,TX,48,4812,12,2026-03-15,3.46,3.46
Texas,TX,48,4812,12,2026-03-10,3.22,3.22
Texas,TX,48,4812,12,2025-09-17,2.91,2.91
Texas,TX,48,4812,12,2025-03-17,2.69,2.75
Texas,TX,48,4813,13,2026-03-15,3.18,3.18
Texas,TX,48,4813,13,2026-03-10,2.99,2.99
Texas,TX,48,4813,13,2025-09-17,2.66,2.66
Texas,TX,48,4813,13,2025-03-17,2.52,2.58
Texas,TX,48,4814,14,2026-03-15,3.3,3.3
Texas,TX,48,4814,14,2026-03-10,3.04,3.04
Texas,TX,48,4814,14,2025-09-17,2.7,2.7
Texas,TX,48,4814,14,2025-03-17,2.63,2.69
Texas,TX,48,4815,15,2026-03-15,3.29,3.29
Texas,TX,48,4815,15,2026-03-10,3.18,3.18
Texas,TX,48,4815,15,2025-09-17,2.73,2.73
Texas,TX,48,4815,15,2025-03-17,2.44,2.49
Texas,TX,48,4816,16,2026-03-15,3.85,3.85
Texas,TX,48,4816,16,2026-03-10,3.4,3.4
Texas,TX,48,4816,16,2025-09-17,3.14,3.14
Texas,TX,48,4816,16,2025-03-17,2.81,2.87
Texas,TX,48,4817,17,2026-03-15,3.35,3.35
Texas,TX,48,4817,17,2026-03-10,3.12,3.12
Texas,TX,48,4817,17,2025-09-17,2.73,2.73
Texas,TX,48,4817,17,2025-03-17,2.61,2.67
Texas,TX,48,4818,18,2026-03-15,3.32,3.32
Texas,TX,48,4818,18,2026-03-10,3.07,3.07
Texas,TX,48,4818,18,2025-09-17,2.74,2.74
Texas,TX,48,4818,18,2025-03-17,2.71,2.77
Texas,TX,48,4819,19,2026-03-15,3.29,3.29
Texas,TX,48,4819,19,2026-03-10,3.08,3.08
Texas,TX,48,4819,19,2025-09-17,2.64,2.64
Texas,TX,48,4819,19,2025-03-17,2.53,2.59
Texas,TX,48,4820,20,2026-03-15,3.39,3.39
Texas,TX,48,4820,20,2026-03-10,3.16,3.16
Texas,TX,48,4820,20,2025-09-17,2.79,2.79
Texas,TX,48,4820,20,2025-03-17,2.61,2.67
Texas,TX,48,4821,21,2026-03-15,3.33,3.33
Texas,TX,48,4821,21,2026-03-10,3.12,3.12
Texas,TX,48,4821,21,2025-09-17,2.75,2.75
Texas,TX,48,4821,21,2025-03-17,2.59,2.65
Texas,TX,48,4822,22,2026-03-15,3.29,3.29
Texas,TX,48,4822,22,2026-03-10,3.05,3.05
Texas,TX,48,4822,22,2025-09-17,2.66,2.66
Texas,TX,48,4822,22,2025-03-17,2.6,2.65
Texas,TX,48,4823,23,2026-03-15,3.43,3.43
Texas,TX,48,4823,23,2026-03-10,3.18,3.18
Texas,TX,48,4823,23,2025-09-17,2.81,2.81
Texas,TX,48,4823,23,2025-03-17,2.63,2.69
Texas,TX,48,4824,24,2026-03-15,3.47,3.47
Texas,TX,48,4824,24,2026-03-10,3.25,3.25
Texas,TX,48,4824,24,2025-09-17,2.92,2.92
Texas,TX,48,4824,24,2025-03-17,2.7,2.76
Texas,TX,48,4825,25,2026-03-15,3.43,3.43
Texas,TX,48,4825,25,2026-03-10,3.18,3.18
Texas,TX,48,4825,25,2025-09-17,2.86,2.86
Texas,TX,48,4825,25,2025-03-17,2.67,2.72
Texas,TX,48,4826,26,2026-03-15,3.47,3.47
Texas,TX,48,4826,26,2026-03-10,3.25,3.25
Texas,TX,48,4826,26,2025-09-17,2.91,2.91
Texas,TX,48,4826,26,2025-03-17,2.68,2.74
Texas,TX,48,4827,27,2026-03-15,3.31,3.31
Texas,TX,48,4827,27,2026-03-10,3.17,3.17
Texas,TX,48,4827,27,2025-09-17,2.72,2.72
Texas,TX,48,4827,27,2025-03-17,2.51,2.57
Texas,TX,48,4828,28,2026-03-15,3.36,3.36
Texas,TX,48,4828,28,2026-03-10,3.16,3.16
Texas,TX,48,4828,28,2025-09-17,2.73,2.73
Texas,TX,48,4828,28,2025-03-17,2.54,2.6
Texas,TX,48,4829,29,2026-03-15,3.32,3.32
Texas,TX,48,4829,29,2026-03-10,3.05,3.05
Texas,TX,48,4829,29,2025-09-17,2.68,2.68
Texas,TX,48,4829,29,2025-03-17,2.65,2.71
Texas,TX,48,4830,30,2026-03-15,3.5,3.5
Texas,TX,48,4830,30,2026-03-10,3.25,3.25
Texas,TX,48,4830,30,2025-09-17,2.91,2.91
Texas,TX,48,4830,30,2025-03-17,2.71,2.77
Texas,TX,48,4831,31,2026-03-15,3.2,3.2
Texas,TX,48,4831,31,2026-03-10,3.01,3.01
Texas,TX,48,4831,31,2025-09-17,2.64,2.64
Texas,TX,48,4831,31,2025-03-17,2.48,2.54
Texas,TX,48,4832,32,2026-03-15,3.48,3.48
Texas,TX,48,4832,32,2026-03-10,3.26,3.26
Texas,TX,48,4832,32,2025-09-17,2.93,2.93
Texas,TX,48,4832,32,2025-03-17,2.71,2.77
Texas,TX,48,4833,33,2026-03-15,3.49,3.49
Texas,TX,48,4833,33,2026-03-10,3.24,3.24
Texas,TX,48,4833,33,2025-09-17,2.93,2.93
Texas,TX,48,4833,33,2025-03-17,2.72,2.78
Texas,TX,48,4834,34,2026-03-15,3.3,3.3
Texas,TX,48,4834,34,2026-03-10,3.21,3.21
Texas,TX,48,4834,34,2025-09-17,2.72,2.72
Texas,TX,48,4834,34,2025-03-17,2.38,2.43
Texas,TX,48,4835,35,2026-03-15,3.4,3.4
Texas,TX,48,4835,35,2026-03-10,3.17,3.17
Texas,TX,48,4835,35,2025-09-17,2.8,2.8
Texas,TX,48,4835,35,2025-03-17,2.64,2.7
Texas,TX,48,4836,36,2026-03-15,3.27,3.27
Texas,TX,48,4836,36,2026-03-10,3.02,3.02
Texas,TX,48,4836,36,2025-09-17,2.68,2.68
Texas,TX,48,4836,36,2025-03-17,2.62,2.68
Texas,TX,48,4837,37,2026-03-15,3.42,3.42
Texas,TX,48,4837,37,2026-03-10,3.19,3.19
Texas,TX,48,4837,37,2025-09-17,2.84,2.84
Texas,TX,48,4837,37,2025-03-17,2.68,2.74
Texas,TX,48,4838,38,2026-03-15,3.32,3.32
Texas,TX,48,4838,38,2026-03-10,3.05,3.05
Texas,TX,48,4838,38,2025-09-17,2.72,2.72
Texas,TX,48,4838,38,2025-03-17,2.67,2.73
Utah,UT,49,4901,01,2026-03-15,3.54,3.54
Utah,UT,49,4901,01,2026-03-10,3.2,3.2
Utah,UT,49,4901,01,2025-09-17,3.26,3.26
Utah,UT,49,4901,01,2025-03-17,2.95,3.02
Utah,UT,49,4902,02,2026-03-15,3.52,3.52
Utah,UT,49,4902,02,2026-03-10,3.21,3.21
Utah,UT,49,4902,02,2025-09-17,3.27,3.27
Utah,UT,49,4902,02,2025-03-17,2.98,3.04
Utah,UT,49,4903,03,2026-03-15,3.57,3.57
Utah,UT,49,4903,03,2026-03-10,3.23,3.23
Utah,UT,49,4903,03,2025-09-17,3.3,3.3
Utah,UT,49,4903,03,2025-03-17,3,3.07
Utah,UT,49,4904,04,2026-03-15,3.55,3.55
Utah,UT,49,4904,04,2026-03-10,3.22,3.22
Utah,UT,49,4904,04,2025-09-17,3.29,3.29
Utah,UT,49,4904,04,2025-03-17,2.94,3.01
Vermont,VT,50,5000,00,2026-03-15,2.35,2.35
Vermont,VT,50,5000,00,2026-03-10,2.23,2.23
Vermont,VT,50,5000,00,2025-09-17,2.19,2.19
Vermont,VT,50,5000,00,2025-03-17,2.18,2.23
Virginia,VA,51,5101,01,2026-03-15,3.38,3.38
Virginia,VA,51,5101,01,2026-03-10,3.23,3.23
Virginia,VA,51,5101,01,2025-09-17,2.93,2.93
Virginia,VA,51,5101,01,2025-03-17,2.78,2.84
Virginia,VA,51,5102,02,2026-03-15,3.4,3.4
Virginia,VA,51,5102,02,2026-03-10,3.27,3.27
Virginia,VA,51,5102,02,2025-09-17,3.02,3.02
Virginia,VA,51,5102,02,2025-03-17,2.84,2.9
Virginia,VA,51,5103,03,2026-03-15,3.43,3.43
Virginia,VA,51,5103,03,2026-03-10,3.26,3.26
Virginia,VA,51,5103,03,2025-09-17,3.02,3.02
Virginia,VA,51,5103,03,2025-03-17,2.87,2.93
Virginia,VA,51,5104,04,2026-03-15,3.41,3.41
Virginia,VA,51,5104,04,2026-03-10,3.23,3.23
Virginia,VA,51,5104,04,2025-09-17,2.95,2.95
Virginia,VA,51,5104,04,2025-03-17,2.78,2.85
Virginia,VA,51,5105,05,2026-03-15,3.18,3.18
Virginia,VA,51,5105,05,2026-03-10,2.97,2.97
Virginia,VA,51,5105,05,2025-09-17,2.81,2.81
Virginia,VA,51,5105,05,2025-03-17,2.69,2.75
Virginia,VA,51,5106,06,2026-03-15,3.32,3.32
Virginia,VA,51,5106,06,2026-03-10,3.13,3.13
Virginia,VA,51,5106,06,2025-09-17,2.83,2.83
Virginia,VA,51,5106,06,2025-03-17,2.76,2.82
Virginia,VA,51,5107,07,2026-03-15,3.44,3.44
Virginia,VA,51,5107,07,2026-03-10,3.27,3.27
Virginia,VA,51,5107,07,2025-09-17,2.93,2.93
Virginia,VA,51,5107,07,2025-03-17,2.76,2.82
Virginia,VA,51,5108,08,2026-03-15,3.61,3.61
Virginia,VA,51,5108,08,2026-03-10,3.27,3.27
Virginia,VA,51,5108,08,2025-09-17,3.07,3.07
Virginia,VA,51,5108,08,2025-03-17,3.05,3.12
Virginia,VA,51,5109,09,2026-03-15,3.12,3.12
Virginia,VA,51,5109,09,2026-03-10,2.89,2.89
Virginia,VA,51,5109,09,2025-09-17,2.74,2.74
Virginia,VA,51,5109,09,2025-03-17,2.69,2.75
Virginia,VA,51,5110,10,2026-03-15,3.48,3.48
Virginia,VA,51,5110,10,2026-03-10,3.3,3.3
Virginia,VA,51,5110,10,2025-09-17,2.93,2.93
Virginia,VA,51,5110,10,2025-03-17,2.9,2.97
Virginia,VA,51,5111,11,2026-03-15,3.66,3.66
Virginia,VA,51,5111,11,2026-03-10,3.36,3.36
Virginia,VA,51,5111,11,2025-09-17,3.12,3.12
Virginia,VA,51,5111,11,2025-03-17,3.12,3.19
Washington,WA,53,5301,01,2026-03-15,5.02,5.02
Washington,WA,53,5301,01,2026-03-10,4.74,4.74
Washington,WA,53,5301,01,2025-09-17,4.75,4.75
Washington,WA,53,5301,01,2025-03-17,4.21,4.3
Washington,WA,53,5302,02,2026-03-15,4.86,4.86
Washington,WA,53,5302,02,2026-03-10,4.6,4.6
Washington,WA,53,5302,02,2025-09-17,4.59,4.59
Washington,WA,53,5302,02,2025-03-17,4.03,4.12
Washington,WA,53,5303,03,2026-03-15,4.82,4.82
Washington,WA,53,5303,03,2026-03-10,4.6,4.6
Washington,WA,53,5303,03,2025-09-17,4.64,4.64
Washington,WA,53,5303,03,2025-03-17,4.01,4.1
Washington,WA,53,5304,04,2026-03-15,4.61,4.61
Washington,WA,53,5304,04,2026-03-10,4.33,4.33
Washington,WA,53,5304,04,2025-09-17,4.39,4.39
Washington,WA,53,5304,04,2025-03-17,3.76,3.85
Washington,WA,53,5305,05,2026-03-15,4.39,4.39
Washington,WA,53,5305,05,2026-03-10,4.19,4.19
Washington,WA,53,5305,05,2025-09-17,4.23,4.23
Washington,WA,53,5305,05,2025-03-17,3.58,3.66
Washington,WA,53,5306,06,2026-03-15,4.81,4.81
Washington,WA,53,5306,06,2026-03-10,4.59,4.59
Washington,WA,53,5306,06,2025-09-17,4.61,4.61
Washington,WA,53,5306,06,2025-03-17,4.11,4.2
Washington,WA,53,5307,07,2026-03-15,5.33,5.33
Washington,WA,53,5307,07,2026-03-10,5,5
Washington,WA,53,5307,07,2025-09-17,4.97,4.97
Washington,WA,53,5307,07,2025-03-17,4.53,4.63
Washington,WA,53,5308,08,2026-03-15,4.92,4.92
Washington,WA,53,5308,08,2026-03-10,4.66,4.66
Washington,WA,53,5308,08,2025-09-17,4.66,4.66
Washington,WA,53,5308,08,2025-03-17,4.11,4.2
Washington,WA,53,5309,09,2026-03-15,5.18,5.18
Washington,WA,53,5309,09,2026-03-10,4.93,4.93
Washington,WA,53,5309,09,2025-09-17,4.92,4.92
Washington,WA,53,5309,09,2025-03-17,4.37,4.47
Washington,WA,53,5310,10,2026-03-15,5,5
Washington,WA,53,5310,10,2026-03-10,4.73,4.73
Washington,WA,53,5310,10,2025-09-17,4.73,4.73
Washington,WA,53,5310,10,2025-03-17,4.17,4.27
West Virginia,WV,54,5401,01,2026-03-15,3.03,3.03
West Virginia,WV,54,5401,01,2026-03-10,2.92,2.92
West Virginia,WV,54,5401,01,2025-09-17,2.64,2.64
West Virginia,WV,54,5401,01,2025-03-17,2.51,2.57
West Virginia,WV,54,5402,02,2026-03-15,3.18,3.18
West Virginia,WV,54,5402,02,2026-03-10,3.11,3.11
West Virginia,WV,54,5402,02,2025-09-17,2.78,2.78
West Virginia,WV,54,5402,02,2025-03-17,2.62,2.67
Wisconsin,WI,55,5501,01,2026-03-15,3.31,3.31
Wisconsin,WI,55,5501,01,2026-03-10,3.06,3.06
Wisconsin,WI,55,5501,01,2025-09-17,2.88,2.88
Wisconsin,WI,55,5501,01,2025-03-17,2.81,2.88
Wisconsin,WI,55,5502,02,2026-03-15,3.32,3.32
Wisconsin,WI,55,5502,02,2026-03-10,3.07,3.07
Wisconsin,WI,55,5502,02,2025-09-17,2.88,2.88
Wisconsin,WI,55,5502,02,2025-03-17,2.86,2.93
Wisconsin,WI,55,5503,03,2026-03-15,3.12,3.12
Wisconsin,WI,55,5503,03,2026-03-10,2.97,2.97
Wisconsin,WI,55,5503,03,2025-09-17,2.83,2.83
Wisconsin,WI,55,5503,03,2025-03-17,2.86,2.92
Wisconsin,WI,55,5504,04,2026-03-15,3.31,3.31
Wisconsin,WI,55,5504,04,2026-03-10,3.04,3.04
Wisconsin,WI,55,5504,04,2025-09-17,3.03,3.03
Wisconsin,WI,55,5504,04,2025-03-17,2.81,2.87
Wisconsin,WI,55,5505,05,2026-03-15,3.31,3.31
Wisconsin,WI,55,5505,05,2026-03-10,3.06,3.06
Wisconsin,WI,55,5505,05,2025-09-17,2.92,2.92
Wisconsin,WI,55,5505,05,2025-03-17,2.79,2.85
Wisconsin,WI,55,5506,06,2026-03-15,3.29,3.29
Wisconsin,WI,55,5506,06,2026-03-10,3.04,3.04
Wisconsin,WI,55,5506,06,2025-09-17,2.84,2.84
Wisconsin,WI,55,5506,06,2025-03-17,2.84,2.91
Wisconsin,WI,55,5507,07,2026-03-15,3.15,3.15
Wisconsin,WI,55,5507,07,2026-03-10,3.02,3.02
Wisconsin,WI,55,5507,07,2025-09-17,2.79,2.79
Wisconsin,WI,55,5507,07,2025-03-17,2.85,2.92
Wisconsin,WI,55,5508,08,2026-03-15,3.24,3.24
Wisconsin,WI,55,5508,08,2026-03-10,2.98,2.98
Wisconsin,WI,55,5508,08,2025-09-17,2.75,2.75
Wisconsin,WI,55,5508,08,2025-03-17,2.78,2.84
Wyoming,WY,56,5600,00,2026-03-15,3.29,3.29
Wyoming,WY,56,5600,00,2026-03-10,2.99,2.99
Wyoming,WY,56,5600,00,2025-09-17,2.97,2.97
Wyoming,WY,56,5600,00,2025-03-17,2.88,2.94
Alabama,AL,01,0101,01,2026-03-25,3.55,3.55
Alabama,AL,01,0101,01,2026-03-20,3.55,3.55
Alabama,AL,01,0101,01,2025-09-27,2.71,2.71
Alabama,AL,01,0101,01,2025-03-27,2.76,2.82
Alabama,AL,01,0102,02,2026-03-25,3.52,3.52
Alabama,AL,01,0102,02,2026-03-20,3.49,3.49
Alabama,AL,01,0102,02,2025-09-27,2.69,2.69
Alabama,AL,01,0102,02,2025-03-27,2.7,2.76
Alabama,AL,01,0103,03,2026-03-25,3.51,3.51
Alabama,AL,01,0103,03,2026-03-20,3.55,3.55
Alabama,AL,01,0103,03,2025-09-27,2.7,2.7
Alabama,AL,01,0103,03,2025-03-27,2.69,2.75
Alabama,AL,01,0104,04,2026-03-25,3.54,3.54
Alabama,AL,01,0104,04,2026-03-20,3.48,3.48
Alabama,AL,01,0104,04,2025-09-27,2.66,2.66
Alabama,AL,01,0104,04,2025-03-27,2.66,2.72
Alabama,AL,01,0105,05,2026-03-25,3.63,3.63
Alabama,AL,01,0105,05,2026-03-20,3.56,3.56
Alabama,AL,01,0105,05,2025-09-27,2.71,2.71
Alabama,AL,01,0105,05,2025-03-27,2.75,2.81
Alabama,AL,01,0106,06,2026-03-25,3.5,3.5
Alabama,AL,01,0106,06,2026-03-20,3.52,3.52
Alabama,AL,01,0106,06,2025-09-27,2.75,2.75
Alabama,AL,01,0106,06,2025-03-27,2.73,2.79
Alabama,AL,01,0107,07,2026-03-25,3.49,3.49
Alabama,AL,01,0107,07,2026-03-20,3.48,3.48
Alabama,AL,01,0107,07,2025-09-27,2.71,2.71
Alabama,AL,01,0107,07,2025-03-27,2.67,2.73
Alaska,AK,02,0200,00,2026-03-25,3.93,3.93
Alaska,AK,02,0200,00,2026-03-20,3.85,3.85
Alaska,AK,02,0200,00,2025-09-27,3.37,3.37
Alaska,AK,02,0200,00,2025-03-27,2.93,3
Arizona,AZ,04,0401,01,2026-03-25,4.94,4.94
Arizona,AZ,04,0401,01,2026-03-20,4.75,4.75
Arizona,AZ,04,0401,01,2025-09-27,3.92,3.92
Arizona,AZ,04,0401,01,2025-03-27,3.6,3.68
Arizona,AZ,04,0402,02,2026-03-25,4.22,4.22
Arizona,AZ,04,0402,02,2026-03-20,4.08,4.08
Arizona,AZ,04,0402,02,2025-09-27,3.15,3.15
Arizona,AZ,04,0402,02,2025-03-27,2.99,3.05
Arizona,AZ,04,0403,03,2026-03-25,4.9,4.9
Arizona,AZ,04,0403,03,2026-03-20,4.7,4.7
Arizona,AZ,04,0403,03,2025-09-27,3.82,3.82
Arizona,AZ,04,0403,03,2025-03-27,3.42,3.5
Arizona,AZ,04,0404,04,2026-03-25,4.95,4.95
Arizona,AZ,04,0404,04,2026-03-20,4.74,4.74
Arizona,AZ,04,0404,04,2025-09-27,3.89,3.89
Arizona,AZ,04,0404,04,2025-03-27,3.56,3.64
Arizona,AZ,04,0405,05,2026-03-25,4.93,4.93
Arizona,AZ,04,0405,05,2026-03-20,4.73,4.73
Arizona,AZ,04,0405,05,2025-09-27,3.88,3.88
Arizona,AZ,04,0405,05,2025-03-27,3.54,3.62
Arizona,AZ,04,0406,06,2026-03-25,4.19,4.19
Arizona,AZ,04,0406,06,2026-03-20,4.06,4.06
Arizona,AZ,04,0406,06,2025-09-27,3.16,3.16
Arizona,AZ,04,0406,06,2025-03-27,3,3.07
Arizona,AZ,04,0407,07,2026-03-25,4.35,4.35
Arizona,AZ,04,0407,07,2026-03-20,4.2,4.2
Arizona,AZ,04,0407,07,2025-09-27,3.28,3.28
Arizona,AZ,04,0407,07,2025-03-27,3.1,3.17
Arizona,AZ,04,0408,08,2026-03-25,4.93,4.93
Arizona,AZ,04,0408,08,2026-03-20,4.73,4.73
Arizona,AZ,04,0408,08,2025-09-27,3.87,3.87
Arizona,AZ,04,0408,08,2025-03-27,3.51,3.59
Arizona,AZ,04,0409,09,2026-03-25,4.55,4.55
Arizona,AZ,04,0409,09,2026-03-20,4.35,4.35
Arizona,AZ,04,0409,09,2025-09-27,3.52,3.52
Arizona,AZ,04,0409,09,2025-03-27,3.19,3.26
Arkansas,AR,05,0501,01,2026-03-25,3.2,3.2
Arkansas,AR,05,0501,01,2026-03-20,3.17,3.17
Arkansas,AR,05,0501,01,2025-09-27,2.56,2.56
Arkansas,AR,05,0501,01,2025-03-27,2.59,2.65
Arkansas,AR,05,0502,02,2026-03-25,3.27,3.27
Arkansas,AR,05,0502,02,2026-03-20,3.27,3.27
Arkansas,AR,05,0502,02,2025-09-27,2.62,2.62
Arkansas,AR,05,0502,02,2025-03-27,2.7,2.76
Arkansas,AR,05,0503,03,2026-03-25,3.13,3.13
Arkansas,AR,05,0503,03,2026-03-20,3.11,3.11
Arkansas,AR,05,0503,03,2025-09-27,2.7,2.7
Arkansas,AR,05,0503,03,2025-03-27,2.81,2.87
Arkansas,AR,05,0504,04,2026-03-25,3.16,3.16
Arkansas,AR,05,0504,04,2026-03-20,3.15,3.15
Arkansas,AR,05,0504,04,2025-09-27,2.55,2.55
Arkansas,AR,05,0504,04,2025-03-27,2.6,2.66
California,CA,06,0601,01,2026-03-25,5.06,5.06
California,CA,06,0601,01,2026-03-20,5.13,5.13
California,CA,06,0601,01,2025-09-27,4.18,4.18
California,CA,06,0601,01,2025-03-27,4.31,4.41
California,CA,06,0602,02,2026-03-25,5,5
California,CA,06,0602,02,2026-03-20,5.55,5.55
California,CA,06,0602,02,2025-09-27,4.64,4.64
California,CA,06,0602,02,2025-03-27,4.73,4.83
California,CA,06,0603,03,2026-03-25,5.4,5.4
California,CA,06,0603,03,2026-03-20,5.48,5.48
California,CA,06,0603,03,2025-09-27,4.59,4.59
California,CA,06,0603,03,2025-03-27,4.73,4.83
California,CA,06,0604,04,2026-03-25,5.81,5.81
California,CA,06,0604,04,2026-03-20,5.64,5.64
California,CA,06,0604,04,2025-09-27,4.65,4.65
California,CA,06,0604,04,2025-03-27,4.74,4.85
California,CA,06,0605,05,2026-03-25,5.55,5.55
California,CA,06,0605,05,2026-03-20,5.38,5.38
California,CA,06,0605,05,2025-09-27,4.4,4.4
California,CA,06,0605,05,2025-03-27,4.46,4.56
California,CA,06,0606,06,2026-03-25,5.61,5.61
California,CA,06,0606,06,2026-03-20,5.46,5.46
California,CA,06,0606,06,2025-09-27,4.46,4.46
California,CA,06,0606,06,2025-03-27,4.55,4.66
California,CA,06,0607,07,2026-03-25,5.69,5.69
California,CA,06,0607,07,2026-03-20,5.53,5.53
California,CA,06,0607,07,2025-09-27,4.5,4.5
California,CA,06,0607,07,2025-03-27,4.61,4.71
California,CA,06,0608,08,2026-03-25,5.81,5.81
California,CA,06,0608,08,2026-03-20,5.64,5.64
California,CA,06,0608,08,2025-09-27,4.53,4.53
California,CA,06,0608,08,2025-03-27,4.72,4.83
California,CA,06,0609,09,2026-03-25,5.71,5.71
California,CA,06,0609,09,2026-03-20,5.52,5.52
California,CA,06,0609,09,2025-09-27,4.43,4.43
California,CA,06,0609,09,2025-03-27,4.46,4.56
California,CA,06,0610,10,2026-03-25,5.98,5.98
California,CA,06,0610,10,2026-03-20,5.75,5.75
California,CA,06,0610,10,2025-09-27,4.71,4.71
California,CA,06,0610,10,2025-03-27,4.83,4.93
California,CA,06,0611,11,2026-03-25,6.03,6.03
California,CA,06,0611,11,2026-03-20,5.85,5.85
California,CA,06,0611,11,2025-09-27,4.71,4.71
California,CA,06,0611,11,2025-03-27,4.78,4.89
California,CA,06,0612,12,2026-03-25,5.92,5.92
California,CA,06,0612,12,2026-03-20,5.72,5.72
California,CA,06,0612,12,2025-09-27,4.64,4.64
California,CA,06,0612,12,2025-03-27,4.8,4.91
California,CA,06,0613,13,2026-03-25,5.65,5.65
California,CA,06,0613,13,2026-03-20,5.36,5.36
California,CA,06,0613,13,2025-09-27,4.46,4.46
California,CA,06,0613,13,2025-03-27,4.56,4.66
California,CA,06,0614,14,2026-03-25,5.88,5.88
California,CA,06,0614,14,2026-03-20,5.71,5.71
California,CA,06,0614,14,2025-09-27,4.63,4.63
California,CA,06,0614,14,2025-03-27,4.72,4.83
California,CA,06,0615,15,2026-03-25,5.95,5.95
California,CA,06,0615,15,2026-03-20,5.76,5.76
California,CA,06,0615,15,2025-09-27,4.7,4.7
California,CA,06,0615,15,2025-03-27,4.79,4.9
California,CA,06,0616,16,2026-03-25,5.77,5.77
California,CA,06,0616,16,2026-03-20,5.69,5.69
California,CA,06,0616,16,2025-09-27,4.61,4.61
California,CA,06,0616,16,2025-03-27,4.74,4.85
California,CA,06,0617,17,2026-03-25,5.85,5.85
California,CA,06,0617,17,2026-03-20,5.67,5.67
California,CA,06,0617,17,2025-09-27,4.57,4.57
California,CA,06,0617,17,2025-03-27,4.75,4.85
California,CA,06,0618,18,2026-03-25,5.79,5.79
California,CA,06,0618,18,2026-03-20,5.62,5.62
California,CA,06,0618,18,2025-09-27,4.6,4.6
California,CA,06,0618,18,2025-03-27,4.72,4.83
California,CA,06,0619,19,2026-03-25,5.55,5.55
California,CA,06,0619,19,2026-03-20,5.65,5.65
California,CA,06,0619,19,2025-09-27,4.68,4.68
California,CA,06,0619,19,2025-03-27,4.83,4.94
California,CA,06,0620,20,2026-03-25,5.47,5.47
California,CA,06,0620,20,2026-03-20,5.43,5.43
California,CA,06,0620,20,2025-09-27,4.49,4.49
California,CA,06,0620,20,2025-03-27,4.51,4.61
California,CA,06,0621,21,2026-03-25,5.1,5.1
California,CA,06,0621,21,2026-03-20,5.53,5.53
California,CA,06,0621,21,2025-09-27,4.51,4.51
California,CA,06,0621,21,2025-03-27,4.56,4.66
California,CA,06,0622,22,2026-03-25,5.7,5.7
California,CA,06,0622,22,2026-03-20,5.45,5.45
California,CA,06,0622,22,2025-09-27,4.43,4.43
California,CA,06,0622,22,2025-03-27,4.49,4.59
California,CA,06,0623,23,2026-03-25,5.65,5.65
California,CA,06,0623,23,2026-03-20,5.48,5.48
California,CA,06,0623,23,2025-09-27,4.49,4.49
California,CA,06,0623,23,2025-03-27,4.36,4.45
California,CA,06,0624,24,2026-03-25,5.86,5.86
California,CA,06,0624,24,2026-03-20,5.57,5.57
California,CA,06,0624,24,2025-09-27,4.67,4.67
California,CA,06,0624,24,2025-03-27,4.67,4.77
California,CA,06,0625,25,2026-03-25,5.74,5.74
California,CA,06,0625,25,2026-03-20,5.5,5.5
California,CA,06,0625,25,2025-09-27,4.45,4.45
California,CA,06,0625,25,2025-03-27,4.41,4.51
California,CA,06,0626,26,2026-03-25,5.9,5.9
California,CA,06,0626,26,2026-03-20,5.64,5.64
California,CA,06,0626,26,2025-09-27,4.7,4.7
California,CA,06,0626,26,2025-03-27,4.66,4.76
California,CA,06,0627,27,2026-03-25,5.95,5.95
California,CA,06,0627,27,2026-03-20,5.79,5.79
California,CA,06,0627,27,2025-09-27,4.74,4.74
California,CA,06,0627,27,2025-03-27,4.69,4.8
California,CA,06,0628,28,2026-03-25,5.97,5.97
California,CA,06,0628,28,2026-03-20,5.74,5.74
California,CA,06,0628,28,2025-09-27,4.74,4.74
California,CA,06,0628,28,2025-03-27,4.71,4.82
California,CA,06,0629,29,2026-03-25,6,6
California,CA,06,0629,29,2026-03-20,5.79,5.79
California,CA,06,0629,29,2025-09-27,4.73,4.73
California,CA,06,0629,29,2025-03-27,4.72,4.83
California,CA,06,0630,30,2026-03-25,6.09,6.09
California,CA,06,0630,30,2026-03-20,5.83,5.83
California,CA,06,0630,30,2025-09-27,4.85,4.85
California,CA,06,0630,30,2025-03-27,4.82,4.92
California,CA,06,0631,31,2026-03-25,5.96,5.96
California,CA,06,0631,31,2026-03-20,5.71,5.71
California,CA,06,0631,31,2025-09-27,4.64,4.64
California,CA,06,0631,31,2025-03-27,4.59,4.69
California,CA,06,0632,32,2026-03-25,5.93,5.93
California,CA,06,0632,32,2026-03-20,5.7,5.7
California,CA,06,0632,32,2025-09-27,4.7,4.7
California,CA,06,0632,32,2025-03-27,4.67,4.78
California,CA,06,0633,33,2026-03-25,5.87,5.87
California,CA,06,0633,33,2026-03-20,5.64,5.64
California,CA,06,0633,33,2025-09-27,4.6,4.6
California,CA,06,0633,33,2025-03-27,4.47,4.57
California,CA,06,0634,34,2026-03-25,6.01,6.01
California,CA,06,0634,34,2026-03-20,5.78,5.78
California,CA,06,0634,34,2025-09-27,4.78,4.78
California,CA,06,0634,34,2025-03-27,4.72,4.83
California,CA,06,0635,35,2026-03-25,5.8,5.8
California,CA,06,0635,35,2026-03-20,5.6,5.6
California,CA,06,0635,35,2025-09-27,4.57,4.57
California,CA,06,0635,35,2025-03-27,4.47,4.57
California,CA,06,0636,36,2026-03-25,6.04,6.04
California,CA,06,0636,36,2026-03-20,5.85,5.85
California,CA,06,0636,36,2025-09-27,4.81,4.81
California,CA,06,0636,36,2025-03-27,4.79,4.9
California,CA,06,0637,37,2026-03-25,5.97,5.97
California,CA,06,0637,37,2026-03-20,5.74,5.74
California,CA,06,0637,37,2025-09-27,4.71,4.71
California,CA,06,0637,37,2025-03-27,4.65,4.76
California,CA,06,0638,38,2026-03-25,5.88,5.88
California,CA,06,0638,38,2026-03-20,5.69,5.69
California,CA,06,0638,38,2025-09-27,4.66,4.66
California,CA,06,0638,38,2025-03-27,4.57,4.67
California,CA,06,0639,39,2026-03-25,5.94,5.94
California,CA,06,0639,39,2026-03-20,5.7,5.7
California,CA,06,0639,39,2025-09-27,4.63,4.63
California,CA,06,0639,39,2025-03-27,4.56,4.66
California,CA,06,0641,41,2026-03-25,5.87,5.87
California,CA,06,0641,41,2026-03-20,5.67,5.67
California,CA,06,0641,41,2025-09-27,4.65,4.65
California,CA,06,0641,41,2025-03-27,4.6,4.7
California,CA,06,0642,42,2026-03-25,5.86,5.86
California,CA,06,0642,42,2026-03-20,5.67,5.67
California,CA,06,0642,42,2025-09-27,4.65,4.65
California,CA,06,0642,42,2025-03-27,4.59,4.69
California,CA,06,0643,43,2026-03-25,5.88,5.88
California,CA,06,0643,43,2026-03-20,5.69,5.69
California,CA,06,0643,43,2025-09-27,4.65,4.65
California,CA,06,0643,43,2025-03-27,4.54,4.64
California,CA,06,0644,44,2026-03-25,5.9,5.9
California,CA,06,0644,44,2026-03-20,5.71,5.71
California,CA,06,0644,44,2025-09-27,4.67,4.67
California,CA,06,0644,44,2025-03-27,4.58,4.68
California,CA,06,0646,46,2026-03-25,5.85,5.85
California,CA,06,0646,46,2026-03-20,5.67,5.67
California,CA,06,0646,46,2025-09-27,4.65,4.65
California,CA,06,0646,46,2025-03-27,4.58,4.68
California,CA,06,0647,47,2026-03-25,5.98,5.98
California,CA,06,0647,47,2026-03-20,5.77,5.77
California,CA,06,0647,47,2025-09-27,4.76,4.76
California,CA,06,0647,47,2025-03-27,4.69,4.8
California,CA,06,0648,48,2026-03-25,5.77,5.77
California,CA,06,0648,48,2026-03-20,5.59,5.59
California,CA,06,0648,48,2025-09-27,4.68,4.68
California,CA,06,0648,48,2025-03-27,4.6,4.7
California,CA,06,0649,49,2026-03-25,6.01,6.01
California,CA,06,0649,49,2026-03-20,5.8,5.8
California,CA,06,0649,49,2025-09-27,4.78,4.78
California,CA,06,0649,49,2025-03-27,4.75,4.85
California,CA,06,0650,50,2026-03-25,6,6
California,CA,06,0650,50,2026-03-20,5.81,5.81
California,CA,06,0650,50,2025-09-27,4.86,4.86
California,CA,06,0650,50,2025-03-27,4.77,4.88
California,CA,06,0651,51,2026-03-25,5.91,5.91
California,CA,06,0651,51,2026-03-20,5.75,5.75
California,CA,06,0651,51,2025-09-27,4.78,4.78
California,CA,06,0651,51,2025-03-27,4.71,4.81
California,CA,06,0652,52,2026-03-25,5.88,5.88
California,CA,06,0652,52,2026-03-20,5.73,5.73
California,CA,06,0652,52,2025-09-27,4.78,4.78
California,CA,06,0652,52,2025-03-27,4.67,4.78
Colorado,CO,08,0801,01,2026-03-25,3.92,3.92
Colorado,CO,08,0801,01,2026-03-20,3.94,3.94
Colorado,CO,08,0801,01,2025-09-27,3.03,3.03
Colorado,CO,08,0801,01,2025-03-27,3.05,3.12
Colorado,CO,08,0802,02,2026-03-25,3.87,3.87
Colorado,CO,08,0802,02,2026-03-20,3.87,3.87
Colorado,CO,08,0802,02,2025-09-27,3.12,3.12
Colorado,CO,08,0802,02,2025-03-27,3.08,3.15
Colorado,CO,08,0803,03,2026-03-25,3.89,3.89
Colorado,CO,08,0803,03,2026-03-20,3.81,3.81
Colorado,CO,08,0803,03,2025-09-27,3.15,3.15
Colorado,CO,08,0803,03,2025-03-27,3.07,3.14
Colorado,CO,08,0804,04,2026-03-25,3.69,3.69
Colorado,CO,08,0804,04,2026-03-20,3.7,3.7
Colorado,CO,08,0804,04,2025-09-27,2.95,2.95
Colorado,CO,08,0804,04,2025-03-27,2.92,2.98
Colorado,CO,08,0805,05,2026-03-25,3.64,3.64
Colorado,CO,08,0805,05,2026-03-20,3.76,3.76
Colorado,CO,08,0805,05,2025-09-27,2.94,2.94
Colorado,CO,08,0805,05,2025-03-27,2.93,3
Colorado,CO,08,0806,06,2026-03-25,3.87,3.87
Colorado,CO,08,0806,06,2026-03-20,3.93,3.93
Colorado,CO,08,0806,06,2025-09-27,2.95,2.95
Colorado,CO,08,0806,06,2025-03-27,3,3.07
Colorado,CO,08,0807,07,2026-03-25,3.87,3.87
Colorado,CO,08,0807,07,2026-03-20,3.84,3.84
Colorado,CO,08,0807,07,2025-09-27,3.04,3.04
Colorado,CO,08,0807,07,2025-03-27,2.99,3.06
Colorado,CO,08,0808,08,2026-03-25,3.81,3.81
Colorado,CO,08,0808,08,2026-03-20,3.91,3.91
Colorado,CO,08,0808,08,2025-09-27,2.89,2.89
Colorado,CO,08,0808,08,2025-03-27,2.98,3.05
Connecticut,CT,09,0901,01,2026-03-25,3.82,3.82
Connecticut,CT,09,0901,01,2026-03-20,3.62,3.62
Connecticut,CT,09,0901,01,2025-09-27,3.05,3.05
Connecticut,CT,09,0901,01,2025-03-27,2.92,2.98
Connecticut,CT,09,0902,02,2026-03-25,3.81,3.81
Connecticut,CT,09,0902,02,2026-03-20,3.61,3.61
Connecticut,CT,09,0902,02,2025-09-27,3.02,3.02
Connecticut,CT,09,0902,02,2025-03-27,2.91,2.97
Connecticut,CT,09,0903,03,2026-03-25,3.89,3.89
Connecticut,CT,09,0903,03,2026-03-20,3.7,3.7
Connecticut,CT,09,0903,03,2025-09-27,3.11,3.11
Connecticut,CT,09,0903,03,2025-03-27,2.99,3.06
Connecticut,CT,09,0904,04,2026-03-25,3.94,3.94
Connecticut,CT,09,0904,04,2026-03-20,3.75,3.75
Connecticut,CT,09,0904,04,2025-09-27,3.24,3.24
Connecticut,CT,09,0904,04,2025-03-27,3.09,3.16
Connecticut,CT,09,0905,05,2026-03-25,3.84,3.84
Connecticut,CT,09,0905,05,2026-03-20,3.65,3.65
Connecticut,CT,09,0905,05,2025-09-27,3.07,3.07
Connecticut,CT,09,0905,05,2025-03-27,2.96,3.02
Delaware,DE,10,1000,00,2026-03-25,3.78,3.78
Delaware,DE,10,1000,00,2026-03-20,3.68,3.68
Delaware,DE,10,1000,00,2025-09-27,2.99,2.99
Delaware,DE,10,1000,00,2025-03-27,2.94,3.01
District of Columbia,DC,11,1198,98,2026-03-25,4.11,4.11
District of Columbia,DC,11,1198,98,2026-03-20,4.04,4.04
District of Columbia,DC,11,1198,98,2025-09-27,3.24,3.24
District of Columbia,DC,11,1198,98,2025-03-27,3.24,3.32
Florida,FL,12,1201,01,2026-03-25,3.59,3.59
Florida,FL,12,1201,01,2026-03-20,3.59,3.59
Florida,FL,12,1201,01,2025-09-27,2.79,2.79
Florida,FL,12,1201,01,2025-03-27,2.91,2.97
Florida,FL,12,1202,02,2026-03-25,3.76,3.76
Florida,FL,12,1202,02,2026-03-20,3.78,3.78
Florida,FL,12,1202,02,2025-09-27,2.89,2.89
Florida,FL,12,1202,02,2025-03-27,2.93,3
Florida,FL,12,1203,03,2026-03-25,3.95,3.95
Florida,FL,12,1203,03,2026-03-20,3.95,3.95
Florida,FL,12,1203,03,2025-09-27,3.03,3.03
Florida,FL,12,1203,03,2025-03-27,3.13,3.2
Florida,FL,12,1204,04,2026-03-25,3.94,3.94
Florida,FL,12,1204,04,2026-03-20,3.93,3.93
Florida,FL,12,1204,04,2025-09-27,2.96,2.96
Florida,FL,12,1204,04,2025-03-27,3.09,3.16
Florida,FL,12,1205,05,2026-03-25,3.96,3.96
Florida,FL,12,1205,05,2026-03-20,3.95,3.95
Florida,FL,12,1205,05,2025-09-27,2.93,2.93
Florida,FL,12,1205,05,2025-03-27,3.12,3.19
Florida,FL,12,1206,06,2026-03-25,3.91,3.91
Florida,FL,12,1206,06,2026-03-20,3.93,3.93
Florida,FL,12,1206,06,2025-09-27,2.91,2.91
Florida,FL,12,1206,06,2025-03-27,3.11,3.18
Florida,FL,12,1207,07,2026-03-25,3.98,3.98
Florida,FL,12,1207,07,2026-03-20,3.96,3.96
Florida,FL,12,1207,07,2025-09-27,2.97,2.97
Florida,FL,12,1207,07,2025-03-27,3.17,3.25
Florida,FL,12,1208,08,2026-03-25,3.94,3.94
Florida,FL,12,1208,08,2026-03-20,3.94,3.94
Florida,FL,12,1208,08,2025-09-27,2.92,2.92
Florida,FL,12,1208,08,2025-03-27,3.15,3.22
Florida,FL,12,1209,09,2026-03-25,3.93,3.93
Florida,FL,12,1209,09,2026-03-20,3.98,3.98
Florida,FL,12,1209,09,2025-09-27,2.99,2.99
Florida,FL,12,1209,09,2025-03-27,3.13,3.19
Florida,FL,12,1210,10,2026-03-25,3.97,3.97
Florida,FL,12,1210,10,2026-03-20,3.94,3.94
Florida,FL,12,1210,10,2025-09-27,2.99,2.99
Florida,FL,12,1210,10,2025-03-27,3.17,3.25
Florida,FL,12,1211,11,2026-03-25,3.92,3.92
Florida,FL,12,1211,11,2026-03-20,3.96,3.96
Florida,FL,12,1211,11,2025-09-27,2.96,2.96
Florida,FL,12,1211,11,2025-03-27,3.15,3.22
Florida,FL,12,1212,12,2026-03-25,3.84,3.84
Florida,FL,12,1212,12,2026-03-20,3.98,3.98
Florida,FL,12,1212,12,2025-09-27,2.98,2.98
Florida,FL,12,1212,12,2025-03-27,3.1,3.17
Florida,FL,12,1213,13,2026-03-25,3.88,3.88
Florida,FL,12,1213,13,2026-03-20,3.98,3.98
Florida,FL,12,1213,13,2025-09-27,3.04,3.04
Florida,FL,12,1213,13,2025-03-27,3.13,3.2
Florida,FL,12,1214,14,2026-03-25,3.88,3.88
Florida,FL,12,1214,14,2026-03-20,3.99,3.99
Florida,FL,12,1214,14,2025-09-27,3.06,3.06
Florida,FL,12,1214,14,2025-03-27,3.16,3.23
Florida,FL,12,1215,15,2026-03-25,3.86,3.86
Florida,FL,12,1215,15,2026-03-20,3.97,3.97
Florida,FL,12,1215,15,2025-09-27,3.02,3.02
Florida,FL,12,1215,15,2025-03-27,3.1,3.17
Florida,FL,12,1216,16,2026-03-25,3.84,3.84
Florida,FL,12,1216,16,2026-03-20,3.97,3.97
Florida,FL,12,1216,16,2025-09-27,2.96,2.96
Florida,FL,12,1216,16,2025-03-27,3.1,3.17
Florida,FL,12,1217,17,2026-03-25,3.88,3.88
Florida,FL,12,1217,17,2026-03-20,3.98,3.98
Florida,FL,12,1217,17,2025-09-27,2.95,2.95
Florida,FL,12,1217,17,2025-03-27,3.09,3.16
Florida,FL,12,1218,18,2026-03-25,3.84,3.84
Florida,FL,12,1218,18,2026-03-20,3.94,3.94
Florida,FL,12,1218,18,2025-09-27,2.99,2.99
Florida,FL,12,1218,18,2025-03-27,3.1,3.17
Florida,FL,12,1219,19,2026-03-25,3.89,3.89
Florida,FL,12,1219,19,2026-03-20,3.96,3.96
Florida,FL,12,1219,19,2025-09-27,2.98,2.98
Florida,FL,12,1219,19,2025-03-27,3.09,3.16
Florida,FL,12,1220,20,2026-03-25,3.95,3.95
Florida,FL,12,1220,20,2026-03-20,3.98,3.98
Florida,FL,12,1220,20,2025-09-27,3.01,3.01
Florida,FL,12,1220,20,2025-03-27,3.11,3.18
Florida,FL,12,1221,21,2026-03-25,4.01,4.01
Florida,FL,12,1221,21,2026-03-20,4.02,4.02
Florida,FL,12,1221,21,2025-09-27,3.06,3.06
Florida,FL,12,1221,21,2025-03-27,3.21,3.28
Florida,FL,12,1222,22,2026-03-25,3.96,3.96
Florida,FL,12,1222,22,2026-03-20,4.04,4.04
Florida,FL,12,1222,22,2025-09-27,3.04,3.04
Florida,FL,12,1222,22,2025-03-27,3.18,3.25
Florida,FL,12,1223,23,2026-03-25,4.1,4.1
Florida,FL,12,1223,23,2026-03-20,4.08,4.08
Florida,FL,12,1223,23,2025-09-27,3.12,3.12
Florida,FL,12,1223,23,2025-03-27,3.25,3.32
Florida,FL,12,1224,24,2026-03-25,4.01,4.01
Florida,FL,12,1224,24,2026-03-20,4.01,4.01
Florida,FL,12,1224,24,2025-09-27,3.07,3.07
Florida,FL,12,1224,24,2025-03-27,3.26,3.33
Florida,FL,12,1225,25,2026-03-25,3.99,3.99
Florida,FL,12,1225,25,2026-03-20,3.98,3.98
Florida,FL,12,1225,25,2025-09-27,3.02,3.02
Florida,FL,12,1225,25,2025-03-27,3.14,3.21
Florida,FL,12,1226,26,2026-03-25,3.9,3.9
Florida,FL,12,1226,26,2026-03-20,3.91,3.91
Florida,FL,12,1226,26,2025-09-27,2.96,2.96
Florida,FL,12,1226,26,2025-03-27,3.05,3.12
Florida,FL,12,1227,27,2026-03-25,3.81,3.81
Florida,FL,12,1227,27,2026-03-20,3.98,3.98
Florida,FL,12,1227,27,2025-09-27,2.89,2.89
Florida,FL,12,1227,27,2025-03-27,3.02,3.09
Florida,FL,12,1228,28,2026-03-25,4.01,4.01
Florida,FL,12,1228,28,2026-03-20,4,4
Florida,FL,12,1228,28,2025-09-27,3.04,3.04
Florida,FL,12,1228,28,2025-03-27,3.18,3.25
Georgia,GA,13,1301,01,2026-03-25,3.53,3.53
Georgia,GA,13,1301,01,2026-03-20,3.7,3.7
Georgia,GA,13,1301,01,2025-09-27,2.94,2.94
Georgia,GA,13,1301,01,2025-03-27,2.95,3.01
Georgia,GA,13,1302,02,2026-03-25,3.44,3.44
Georgia,GA,13,1302,02,2026-03-20,3.56,3.56
Georgia,GA,13,1302,02,2025-09-27,2.79,2.79
Georgia,GA,13,1302,02,2025-03-27,2.81,2.87
Georgia,GA,13,1303,03,2026-03-25,3.59,3.59
Georgia,GA,13,1303,03,2026-03-20,3.72,3.72
Georgia,GA,13,1303,03,2025-09-27,2.86,2.86
Georgia,GA,13,1303,03,2025-03-27,2.91,2.98
Georgia,GA,13,1304,04,2026-03-25,3.66,3.66
Georgia,GA,13,1304,04,2026-03-20,3.78,3.78
Georgia,GA,13,1304,04,2025-09-27,2.86,2.86
Georgia,GA,13,1304,04,2025-03-27,2.98,3.04
Georgia,GA,13,1305,05,2026-03-25,3.8,3.8
Georgia,GA,13,1305,05,2026-03-20,3.88,3.88
Georgia,GA,13,1305,05,2025-09-27,3.01,3.01
Georgia,GA,13,1305,05,2025-03-27,3.09,3.16
Georgia,GA,13,1306,06,2026-03-25,3.73,3.73
Georgia,GA,13,1306,06,2026-03-20,3.86,3.86
Georgia,GA,13,1306,06,2025-09-27,2.97,2.97
Georgia,GA,13,1306,06,2025-03-27,3.07,3.14
Georgia,GA,13,1307,07,2026-03-25,3.68,3.68
Georgia,GA,13,1307,07,2026-03-20,3.82,3.82
Georgia,GA,13,1307,07,2025-09-27,2.9,2.9
Georgia,GA,13,1307,07,2025-03-27,3.04,3.11
Georgia,GA,13,1308,08,2026-03-25,3.43,3.43
Georgia,GA,13,1308,08,2026-03-20,3.55,3.55
Georgia,GA,13,1308,08,2025-09-27,2.77,2.77
Georgia,GA,13,1308,08,2025-03-27,2.81,2.88
Georgia,GA,13,1309,09,2026-03-25,3.58,3.58
Georgia,GA,13,1309,09,2026-03-20,3.73,3.73
Georgia,GA,13,1309,09,2025-09-27,2.83,2.83
Georgia,GA,13,1309,09,2025-03-27,2.92,2.98
Georgia,GA,13,1310,10,2026-03-25,3.6,3.6
Georgia,GA,13,1310,10,2026-03-20,3.75,3.75
Georgia,GA,13,1310,10,2025-09-27,2.84,2.84
Georgia,GA,13,1310,10,2025-03-27,2.93,3
Georgia,GA,13,1311,11,2026-03-25,3.63,3.63
Georgia,GA,13,1311,11,2026-03-20,3.78,3.78
Georgia,GA,13,1311,11,2025-09-27,2.86,2.86
Georgia,GA,13,1311,11,2025-03-27,2.97,3.03
Georgia,GA,13,1312,12,2026-03-25,3.44,3.44
Georgia,GA,13,1312,12,2026-03-20,3.59,3.59
Georgia,GA,13,1312,12,2025-09-27,2.85,2.85
Georgia,GA,13,1312,12,2025-03-27,2.83,2.89
Georgia,GA,13,1313,13,2026-03-25,3.64,3.64
Georgia,GA,13,1313,13,2026-03-20,3.76,3.76
Georgia,GA,13,1313,13,2025-09-27,2.84,2.84
Georgia,GA,13,1313,13,2025-03-27,2.95,3.01
Georgia,GA,13,1314,14,2026-03-25,3.56,3.56
Georgia,GA,13,1314,14,2026-03-20,3.7,3.7
Georgia,GA,13,1314,14,2025-09-27,2.83,2.83
Georgia,GA,13,1314,14,2025-03-27,2.89,2.96
Hawaii,HI,15,1501,01,2026-03-25,5.2,5.2
Hawaii,HI,15,1501,01,2026-03-20,4.96,4.96
Hawaii,HI,15,1501,01,2025-09-27,4.37,4.37
Hawaii,HI,15,1501,01,2025-03-27,4.45,4.55
Hawaii,HI,15,1502,02,2026-03-25,5.12,5.12
Hawaii,HI,15,1502,02,2026-03-20,4.98,4.98
Hawaii,HI,15,1502,02,2025-09-27,4.29,4.29
Hawaii,HI,15,1502,02,2025-03-27,4.33,4.43
Idaho,ID,16,1601,01,2026-03-25,4.11,4.11
Idaho,ID,16,1601,01,2026-03-20,3.95,3.95
Idaho,ID,16,1601,01,2025-09-27,3.44,3.44
Idaho,ID,16,1601,01,2025-03-27,3.18,3.25
Idaho,ID,16,1602,02,2026-03-25,4.19,4.19
Idaho,ID,16,1602,02,2026-03-20,3.94,3.94
Idaho,ID,16,1602,02,2025-09-27,3.36,3.36
Idaho,ID,16,1602,02,2025-03-27,3.26,3.33
Illinois,IL,17,1701,01,2026-03-25,4.53,4.53
Illinois,IL,17,1701,01,2026-03-20,4.36,4.36
Illinois,IL,17,1701,01,2025-09-27,3.63,3.63
Illinois,IL,17,1701,01,2025-03-27,3.62,3.7
Illinois,IL,17,1702,02,2026-03-25,4.33,4.33
Illinois,IL,17,1702,02,2026-03-20,4.19,4.19
Illinois,IL,17,1702,02,2025-09-27,3.46,3.46
Illinois,IL,17,1702,02,2025-03-27,3.46,3.54
Illinois,IL,17,1703,03,2026-03-25,4.53,4.53
Illinois,IL,17,1703,03,2026-03-20,4.34,4.34
Illinois,IL,17,1703,03,2025-09-27,3.64,3.64
Illinois,IL,17,1703,03,2025-03-27,3.66,3.75
Illinois,IL,17,1704,04,2026-03-25,4.53,4.53
Illinois,IL,17,1704,04,2026-03-20,4.34,4.34
Illinois,IL,17,1704,04,2025-09-27,3.64,3.64
Illinois,IL,17,1704,04,2025-03-27,3.65,3.73
Illinois,IL,17,1705,05,2026-03-25,4.57,4.57
Illinois,IL,17,1705,05,2026-03-20,4.43,4.43
Illinois,IL,17,1705,05,2025-09-27,3.75,3.75
Illinois,IL,17,1705,05,2025-03-27,3.75,3.83
Illinois,IL,17,1706,06,2026-03-25,4.41,4.41
Illinois,IL,17,1706,06,2026-03-20,4.27,4.27
Illinois,IL,17,1706,06,2025-09-27,3.51,3.51
Illinois,IL,17,1706,06,2025-03-27,3.58,3.66
Illinois,IL,17,1707,07,2026-03-25,4.69,4.69
Illinois,IL,17,1707,07,2026-03-20,4.49,4.49
Illinois,IL,17,1707,07,2025-09-27,3.78,3.78
Illinois,IL,17,1707,07,2025-03-27,3.74,3.83
Illinois,IL,17,1708,08,2026-03-25,4.34,4.34
Illinois,IL,17,1708,08,2026-03-20,4.25,4.25
Illinois,IL,17,1708,08,2025-09-27,3.48,3.48
Illinois,IL,17,1708,08,2025-03-27,3.55,3.63
Illinois,IL,17,1709,09,2026-03-25,4.39,4.39
Illinois,IL,17,1709,09,2026-03-20,4.3,4.3
Illinois,IL,17,1709,09,2025-09-27,3.61,3.61
Illinois,IL,17,1709,09,2025-03-27,3.63,3.71
Illinois,IL,17,1710,10,2026-03-25,4.31,4.31
Illinois,IL,17,1710,10,2026-03-20,4.2,4.2
Illinois,IL,17,1710,10,2025-09-27,3.48,3.48
Illinois,IL,17,1710,10,2025-03-27,3.53,3.61
Illinois,IL,17,1711,11,2026-03-25,4.33,4.33
Illinois,IL,17,1711,11,2026-03-20,4.19,4.19
Illinois,IL,17,1711,11,2025-09-27,3.48,3.48
Illinois,IL,17,1711,11,2025-03-27,3.53,3.61
Illinois,IL,17,1712,12,2026-03-25,3.72,3.72
Illinois,IL,17,1712,12,2026-03-20,3.75,3.75
Illinois,IL,17,1712,12,2025-09-27,2.98,2.98
Illinois,IL,17,1712,12,2025-03-27,3.05,3.12
Illinois,IL,17,1713,13,2026-03-25,3.97,3.97
Illinois,IL,17,1713,13,2026-03-20,3.99,3.99
Illinois,IL,17,1713,13,2025-09-27,3.21,3.21
Illinois,IL,17,1713,13,2025-03-27,3.33,3.41
Illinois,IL,17,1714,14,2026-03-25,4.3,4.3
Illinois,IL,17,1714,14,2026-03-20,4.11,4.11
Illinois,IL,17,1714,14,2025-09-27,3.37,3.37
Illinois,IL,17,1714,14,2025-03-27,3.45,3.53
Illinois,IL,17,1715,15,2026-03-25,3.83,3.83
Illinois,IL,17,1715,15,2026-03-20,3.87,3.87
Illinois,IL,17,1715,15,2025-09-27,3.09,3.09
Illinois,IL,17,1715,15,2025-03-27,3.2,3.27
Illinois,IL,17,1716,16,2026-03-25,4.02,4.02
Illinois,IL,17,1716,16,2026-03-20,3.95,3.95
Illinois,IL,17,1716,16,2025-09-27,3.24,3.24
Illinois,IL,17,1716,16,2025-03-27,3.28,3.35
Illinois,IL,17,1717,17,2026-03-25,4,4
Illinois,IL,17,1717,17,2026-03-20,3.93,3.93
Illinois,IL,17,1717,17,2025-09-27,3.22,3.22
Illinois,IL,17,1717,17,2025-03-27,3.28,3.35
Indiana,IN,18,1801,01,2026-03-25,4.2,4.2
Indiana,IN,18,1801,01,2026-03-20,3.91,3.91
Indiana,IN,18,1801,01,2025-09-27,3.11,3.11
Indiana,IN,18,1801,01,2025-03-27,3.15,3.22
Indiana,IN,18,1802,02,2026-03-25,3.98,3.98
Indiana,IN,18,1802,02,2026-03-20,3.73,3.73
Indiana,IN,18,1802,02,2025-09-27,3.12,3.12
Indiana,IN,18,1802,02,2025-03-27,3.12,3.19
Indiana,IN,18,1803,03,2026-03-25,4,4
Indiana,IN,18,1803,03,2026-03-20,3.75,3.75
Indiana,IN,18,1803,03,2025-09-27,3.15,3.15
Indiana,IN,18,1803,03,2025-03-27,3.1,3.17
Indiana,IN,18,1804,04,2026-03-25,3.99,3.99
Indiana,IN,18,1804,04,2026-03-20,3.72,3.72
Indiana,IN,18,1804,04,2025-09-27,3.15,3.15
Indiana,IN,18,1804,04,2025-03-27,3.09,3.16
Indiana,IN,18,1805,05,2026-03-25,4.03,4.03
Indiana,IN,18,1805,05,2026-03-20,3.75,3.75
Indiana,IN,18,1805,05,2025-09-27,3.1,3.1
Indiana,IN,18,1805,05,2025-03-27,3.11,3.18
Indiana,IN,18,1806,06,2026-03-25,3.98,3.98
Indiana,IN,18,1806,06,2026-03-20,3.7,3.7
Indiana,IN,18,1806,06,2025-09-27,3.08,3.08
Indiana,IN,18,1806,06,2025-03-27,3.03,3.1
Indiana,IN,18,1807,07,2026-03-25,4.1,4.1
Indiana,IN,18,1807,07,2026-03-20,3.81,3.81
Indiana,IN,18,1807,07,2025-09-27,3.13,3.13
Indiana,IN,18,1807,07,2025-03-27,3.13,3.19
Indiana,IN,18,1808,08,2026-03-25,3.69,3.69
Indiana,IN,18,1808,08,2026-03-20,3.58,3.58
Indiana,IN,18,1808,08,2025-09-27,2.95,2.95
Indiana,IN,18,1808,08,2025-03-27,2.95,3.02
Indiana,IN,18,1809,09,2026-03-25,3.81,3.81
Indiana,IN,18,1809,09,2026-03-20,3.65,3.65
Indiana,IN,18,1809,09,2025-09-27,3.04,3.04
Indiana,IN,18,1809,09,2025-03-27,2.95,3.01
Iowa,IA,19,1901,01,2026-03-25,2.97,2.97
Iowa,IA,19,1901,01,2026-03-20,3.06,3.06
Iowa,IA,19,1901,01,2025-09-27,2.71,2.71
Iowa,IA,19,1901,01,2025-03-27,2.87,2.93
Iowa,IA,19,1902,02,2026-03-25,3.03,3.03
Iowa,IA,19,1902,02,2026-03-20,3.19,3.19
Iowa,IA,19,1902,02,2025-09-27,2.76,2.76
Iowa,IA,19,1902,02,2025-03-27,2.9,2.96
Iowa,IA,19,1903,03,2026-03-25,3.07,3.07
Iowa,IA,19,1903,03,2026-03-20,3.18,3.18
Iowa,IA,19,1903,03,2025-09-27,2.69,2.69
Iowa,IA,19,1903,03,2025-03-27,2.81,2.88
Iowa,IA,19,1904,04,2026-03-25,2.78,2.78
Iowa,IA,19,1904,04,2026-03-20,2.87,2.87
Iowa,IA,19,1904,04,2025-09-27,2.52,2.52
Iowa,IA,19,1904,04,2025-03-27,2.71,2.77
Kansas,KS,20,2001,01,2026-03-25,2.93,2.93
Kansas,KS,20,2001,01,2026-03-20,2.95,2.95
Kansas,KS,20,2001,01,2025-09-27,2.57,2.57
Kansas,KS,20,2001,01,2025-03-27,2.56,2.61
Kansas,KS,20,2002,02,2026-03-25,3.05,3.05
Kansas,KS,20,2002,02,2026-03-20,3.04,3.04
Kansas,KS,20,2002,02,2025-09-27,2.64,2.64
Kansas,KS,20,2002,02,2025-03-27,2.67,2.73
Kansas,KS,20,2003,03,2026-03-25,3.29,3.29
Kansas,KS,20,2003,03,2026-03-20,3.28,3.28
Kansas,KS,20,2003,03,2025-09-27,2.89,2.89
Kansas,KS,20,2003,03,2025-03-27,2.85,2.92
Kansas,KS,20,2004,04,2026-03-25,3.14,3.14
Kansas,KS,20,2004,04,2026-03-20,3.15,3.15
Kansas,KS,20,2004,04,2025-09-27,2.79,2.79
Kansas,KS,20,2004,04,2025-03-27,2.75,2.81
Kentucky,KY,21,2101,01,2026-03-25,3.49,3.49
Kentucky,KY,21,2101,01,2026-03-20,3.52,3.52
Kentucky,KY,21,2101,01,2025-09-27,2.61,2.61
Kentucky,KY,21,2101,01,2025-03-27,2.59,2.65
Kentucky,KY,21,2102,02,2026-03-25,3.53,3.53
Kentucky,KY,21,2102,02,2026-03-20,3.54,3.54
Kentucky,KY,21,2102,02,2025-09-27,2.58,2.58
Kentucky,KY,21,2102,02,2025-03-27,2.59,2.64
Kentucky,KY,21,2103,03,2026-03-25,3.59,3.59
Kentucky,KY,21,2103,03,2026-03-20,3.78,3.78
Kentucky,KY,21,2103,03,2025-09-27,2.88,2.88
Kentucky,KY,21,2103,03,2025-03-27,2.95,3.01
Kentucky,KY,21,2104,04,2026-03-25,3.6,3.6
Kentucky,KY,21,2104,04,2026-03-20,3.6,3.6
Kentucky,KY,21,2104,04,2025-09-27,2.77,2.77
Kentucky,KY,21,2104,04,2025-03-27,2.82,2.89
Kentucky,KY,21,2105,05,2026-03-25,3.44,3.44
Kentucky,KY,21,2105,05,2026-03-20,3.45,3.45
Kentucky,KY,21,2105,05,2025-09-27,2.62,2.62
Kentucky,KY,21,2105,05,2025-03-27,2.59,2.64
Kentucky,KY,21,2106,06,2026-03-25,3.6,3.6
Kentucky,KY,21,2106,06,2026-03-20,3.74,3.74
Kentucky,KY,21,2106,06,2025-09-27,2.75,2.75
Kentucky,KY,21,2106,06,2025-03-27,2.84,2.9
Louisiana,LA,22,2201,01,2026-03-25,3.59,3.59
Louisiana,LA,22,2201,01,2026-03-20,3.55,3.55
Louisiana,LA,22,2201,01,2025-09-27,2.72,2.72
Louisiana,LA,22,2201,01,2025-03-27,2.77,2.83
Louisiana,LA,22,2202,02,2026-03-25,3.6,3.6
Louisiana,LA,22,2202,02,2026-03-20,3.53,3.53
Louisiana,LA,22,2202,02,2025-09-27,2.71,2.71
Louisiana,LA,22,2202,02,2025-03-27,2.75,2.81
Louisiana,LA,22,2203,03,2026-03-25,3.58,3.58
Louisiana,LA,22,2203,03,2026-03-20,3.53,3.53
Louisiana,LA,22,2203,03,2025-09-27,2.74,2.74
Louisiana,LA,22,2203,03,2025-03-27,2.76,2.82
Louisiana,LA,22,2204,04,2026-03-25,3.41,3.41
Louisiana,LA,22,2204,04,2026-03-20,3.35,3.35
Louisiana,LA,22,2204,04,2025-09-27,2.55,2.55
Louisiana,LA,22,2204,04,2025-03-27,2.57,2.63
Louisiana,LA,22,2205,05,2026-03-25,3.44,3.44
Louisiana,LA,22,2205,05,2026-03-20,3.43,3.43
Louisiana,LA,22,2205,05,2025-09-27,2.6,2.6
Louisiana,LA,22,2205,05,2025-03-27,2.65,2.7
Louisiana,LA,22,2206,06,2026-03-25,3.46,3.46
Louisiana,LA,22,2206,06,2026-03-20,3.43,3.43
Louisiana,LA,22,2206,06,2025-09-27,2.59,2.59
Louisiana,LA,22,2206,06,2025-03-27,2.65,2.71
Maine,ME,23,2301,01,2026-03-25,3.53,3.53
Maine,ME,23,2301,01,2026-03-20,3.52,3.52
Maine,ME,23,2301,01,2025-09-27,2.92,2.92
Maine,ME,23,2301,01,2025-03-27,2.83,2.9
Maine,ME,23,2302,02,2026-03-25,3.29,3.29
Maine,ME,23,2302,02,2026-03-20,3.22,3.22
Maine,ME,23,2302,02,2025-09-27,2.69,2.69
Maine,ME,23,2302,02,2025-03-27,2.58,2.64
Maryland,MD,24,2401,01,2026-03-25,3.39,3.39
Maryland,MD,24,2401,01,2026-03-20,3.22,3.22
Maryland,MD,24,2401,01,2025-09-27,2.63,2.63
Maryland,MD,24,2401,01,2025-03-27,2.59,2.64
Maryland,MD,24,2402,02,2026-03-25,3.91,3.91
Maryland,MD,24,2402,02,2026-03-20,3.71,3.71
Maryland,MD,24,2402,02,2025-09-27,3.03,3.03
Maryland,MD,24,2402,02,2025-03-27,2.97,3.04
Maryland,MD,24,2403,03,2026-03-25,3.65,3.65
Maryland,MD,24,2403,03,2026-03-20,3.5,3.5
Maryland,MD,24,2403,03,2025-09-27,2.85,2.85
Maryland,MD,24,2403,03,2025-03-27,2.79,2.85
Maryland,MD,24,2404,04,2026-03-25,4.01,4.01
Maryland,MD,24,2404,04,2026-03-20,3.89,3.89
Maryland,MD,24,2404,04,2025-09-27,3.09,3.09
Maryland,MD,24,2404,04,2025-03-27,3.12,3.19
Maryland,MD,24,2405,05,2026-03-25,3.91,3.91
Maryland,MD,24,2405,05,2026-03-20,3.75,3.75
Maryland,MD,24,2405,05,2025-09-27,3.01,3.01
Maryland,MD,24,2405,05,2025-03-27,3.05,3.11
Maryland,MD,24,2406,06,2026-03-25,3.32,3.32
Maryland,MD,24,2406,06,2026-03-20,3.18,3.18
Maryland,MD,24,2406,06,2025-09-27,2.61,2.61
Maryland,MD,24,2406,06,2025-03-27,2.59,2.65
Maryland,MD,24,2407,07,2026-03-25,4,4
Maryland,MD,24,2407,07,2026-03-20,3.81,3.81
Maryland,MD,24,2407,07,2025-09-27,3.1,3.1
Maryland,MD,24,2407,07,2025-03-27,3.04,3.11
Maryland,MD,24,2408,08,2026-03-25,4.15,4.15
Maryland,MD,24,2408,08,2026-03-20,3.98,3.98
Maryland,MD,24,2408,08,2025-09-27,3.1,3.1
Maryland,MD,24,2408,08,2025-03-27,3.08,3.15
Massachusetts,MA,25,2501,01,2026-03-25,3.63,3.63
Massachusetts,MA,25,2501,01,2026-03-20,3.47,3.47
Massachusetts,MA,25,2501,01,2025-09-27,2.94,2.94
Massachusetts,MA,25,2501,01,2025-03-27,2.85,2.92
Massachusetts,MA,25,2502,02,2026-03-25,3.63,3.63
Massachusetts,MA,25,2502,02,2026-03-20,3.52,3.52
Massachusetts,MA,25,2502,02,2025-09-27,3,3
Massachusetts,MA,25,2502,02,2025-03-27,2.83,2.9
Massachusetts,MA,25,2503,03,2026-03-25,3.7,3.7
Massachusetts,MA,25,2503,03,2026-03-20,3.58,3.58
Massachusetts,MA,25,2503,03,2025-09-27,3.07,3.07
Massachusetts,MA,25,2503,03,2025-03-27,2.97,3.03
Massachusetts,MA,25,2504,04,2026-03-25,3.79,3.79
Massachusetts,MA,25,2504,04,2026-03-20,3.64,3.64
Massachusetts,MA,25,2504,04,2025-09-27,3.06,3.06
Massachusetts,MA,25,2504,04,2025-03-27,2.95,3.02
Massachusetts,MA,25,2505,05,2026-03-25,3.81,3.81
Massachusetts,MA,25,2505,05,2026-03-20,3.66,3.66
Massachusetts,MA,25,2505,05,2025-09-27,3.15,3.15
Massachusetts,MA,25,2505,05,2025-03-27,3.01,3.08
Massachusetts,MA,25,2506,06,2026-03-25,3.71,3.71
Massachusetts,MA,25,2506,06,2026-03-20,3.57,3.57
Massachusetts,MA,25,2506,06,2025-09-27,3.05,3.05
Massachusetts,MA,25,2506,06,2025-03-27,2.92,2.99
Massachusetts,MA,25,2507,07,2026-03-25,3.9,3.9
Massachusetts,MA,25,2507,07,2026-03-20,3.72,3.72
Massachusetts,MA,25,2507,07,2025-09-27,3.27,3.27
Massachusetts,MA,25,2507,07,2025-03-27,3.12,3.19
Massachusetts,MA,25,2508,08,2026-03-25,3.8,3.8
Massachusetts,MA,25,2508,08,2026-03-20,3.64,3.64
Massachusetts,MA,25,2508,08,2025-09-27,3.11,3.11
Massachusetts,MA,25,2508,08,2025-03-27,2.99,3.06
Massachusetts,MA,25,2509,09,2026-03-25,3.75,3.75
Massachusetts,MA,25,2509,09,2026-03-20,3.63,3.63
Massachusetts,MA,25,2509,09,2025-09-27,3.1,3.1
Massachusetts,MA,25,2509,09,2025-03-27,2.99,3.05
Michigan,MI,26,2601,01,2026-03-25,3.7,3.7
Michigan,MI,26,2601,01,2026-03-20,3.59,3.59
Michigan,MI,26,2601,01,2025-09-27,2.83,2.83
Michigan,MI,26,2601,01,2025-03-27,2.9,2.97
Michigan,MI,26,2602,02,2026-03-25,3.91,3.91
Michigan,MI,26,2602,02,2026-03-20,3.8,3.8
Michigan,MI,26,2602,02,2025-09-27,2.9,2.9
Michigan,MI,26,2602,02,2025-03-27,3.03,3.09
Michigan,MI,26,2603,03,2026-03-25,4.1,4.1
Michigan,MI,26,2603,03,2026-03-20,3.96,3.96
Michigan,MI,26,2603,03,2025-09-27,3.02,3.02
Michigan,MI,26,2603,03,2025-03-27,3.18,3.25
Michigan,MI,26,2604,04,2026-03-25,4.05,4.05
Michigan,MI,26,2604,04,2026-03-20,3.89,3.89
Michigan,MI,26,2604,04,2025-09-27,2.99,2.99
Michigan,MI,26,2604,04,2025-03-27,3.12,3.19
Michigan,MI,26,2605,05,2026-03-25,3.98,3.98
Michigan,MI,26,2605,05,2026-03-20,3.84,3.84
Michigan,MI,26,2605,05,2025-09-27,2.92,2.92
Michigan,MI,26,2605,05,2025-03-27,3.08,3.14
Michigan,MI,26,2606,06,2026-03-25,4.05,4.05
Michigan,MI,26,2606,06,2026-03-20,3.95,3.95
Michigan,MI,26,2606,06,2025-09-27,3.15,3.15
Michigan,MI,26,2606,06,2025-03-27,3.13,3.2
Michigan,MI,26,2607,07,2026-03-25,4.06,4.06
Michigan,MI,26,2607,07,2026-03-20,3.93,3.93
Michigan,MI,26,2607,07,2025-09-27,3.01,3.01
Michigan,MI,26,2607,07,2025-03-27,3.12,3.19
Michigan,MI,26,2608,08,2026-03-25,3.92,3.92
Michigan,MI,26,2608,08,2026-03-20,3.84,3.84
Michigan,MI,26,2608,08,2025-09-27,2.92,2.92
Michigan,MI,26,2608,08,2025-03-27,3.01,3.08
Michigan,MI,26,2609,09,2026-03-25,3.73,3.73
Michigan,MI,26,2609,09,2026-03-20,3.69,3.69
Michigan,MI,26,2609,09,2025-09-27,2.9,2.9
Michigan,MI,26,2609,09,2025-03-27,2.94,3
Michigan,MI,26,2610,10,2026-03-25,4.03,4.03
Michigan,MI,26,2610,10,2026-03-20,3.93,3.93
Michigan,MI,26,2610,10,2025-09-27,3.13,3.13
Michigan,MI,26,2610,10,2025-03-27,3.13,3.2
Michigan,MI,26,2611,11,2026-03-25,4.05,4.05
Michigan,MI,26,2611,11,2026-03-20,3.97,3.97
Michigan,MI,26,2611,11,2025-09-27,3.2,3.2
Michigan,MI,26,2611,11,2025-03-27,3.16,3.23
Michigan,MI,26,2612,12,2026-03-25,3.93,3.93
Michigan,MI,26,2612,12,2026-03-20,3.87,3.87
Michigan,MI,26,2612,12,2025-09-27,3.08,3.08
Michigan,MI,26,2612,12,2025-03-27,3.06,3.13
Michigan,MI,26,2613,13,2026-03-25,3.93,3.93
Michigan,MI,26,2613,13,2026-03-20,3.88,3.88
Michigan,MI,26,2613,13,2025-09-27,3.09,3.09
Michigan,MI,26,2613,13,2025-03-27,3.08,3.15
Minnesota,MN,27,2701,01,2026-03-25,3.45,3.45
Minnesota,MN,27,2701,01,2026-03-20,3.47,3.47
Minnesota,MN,27,2701,01,2025-09-27,3,3
Minnesota,MN,27,2701,01,2025-03-27,3.1,3.17
Minnesota,MN,27,2702,02,2026-03-25,3.46,3.46
Minnesota,MN,27,2702,02,2026-03-20,3.48,3.48
Minnesota,MN,27,2702,02,2025-09-27,2.98,2.98
Minnesota,MN,27,2702,02,2025-03-27,3.05,3.12
Minnesota,MN,27,2703,03,2026-03-25,3.45,3.45
Minnesota,MN,27,2703,03,2026-03-20,3.46,3.46
Minnesota,MN,27,2703,03,2025-09-27,3.06,3.06
Minnesota,MN,27,2703,03,2025-03-27,3.09,3.16
Minnesota,MN,27,2704,04,2026-03-25,3.53,3.53
Minnesota,MN,27,2704,04,2026-03-20,3.53,3.53
Minnesota,MN,27,2704,04,2025-09-27,3.02,3.02
Minnesota,MN,27,2704,04,2025-03-27,3.12,3.19
Minnesota,MN,27,2705,05,2026-03-25,3.57,3.57
Minnesota,MN,27,2705,05,2026-03-20,3.55,3.55
Minnesota,MN,27,2705,05,2025-09-27,3.05,3.05
Minnesota,MN,27,2705,05,2025-03-27,3.13,3.2
Minnesota,MN,27,2706,06,2026-03-25,3.38,3.38
Minnesota,MN,27,2706,06,2026-03-20,3.44,3.44
Minnesota,MN,27,2706,06,2025-09-27,2.92,2.92
Minnesota,MN,27,2706,06,2025-03-27,3.02,3.08
Minnesota,MN,27,2707,07,2026-03-25,3.34,3.34
Minnesota,MN,27,2707,07,2026-03-20,3.35,3.35
Minnesota,MN,27,2707,07,2025-09-27,2.93,2.93
Minnesota,MN,27,2707,07,2025-03-27,3.05,3.12
Minnesota,MN,27,2708,08,2026-03-25,3.34,3.34
Minnesota,MN,27,2708,08,2026-03-20,3.38,3.38
Minnesota,MN,27,2708,08,2025-09-27,2.92,2.92
Minnesota,MN,27,2708,08,2025-03-27,3.07,3.14
Mississippi,MS,28,2801,01,2026-03-25,3.47,3.47
Mississippi,MS,28,2801,01,2026-03-20,3.41,3.41
Mississippi,MS,28,2801,01,2025-09-27,2.64,2.64
Mississippi,MS,28,2801,01,2025-03-27,2.6,2.66
Mississippi,MS,28,2802,02,2026-03-25,3.33,3.33
Mississippi,MS,28,2802,02,2026-03-20,3.35,3.35
Mississippi,MS,28,2802,02,2025-09-27,2.51,2.51
Mississippi,MS,28,2802,02,2025-03-27,2.53,2.59
Mississippi,MS,28,2803,03,2026-03-25,3.42,3.42
Mississippi,MS,28,2803,03,2026-03-20,3.39,3.39
Mississippi,MS,28,2803,03,2025-09-27,2.58,2.58
Mississippi,MS,28,2803,03,2025-03-27,2.58,2.63
Mississippi,MS,28,2804,04,2026-03-25,3.5,3.5
Mississippi,MS,28,2804,04,2026-03-20,3.49,3.49
Mississippi,MS,28,2804,04,2025-09-27,2.61,2.61
Mississippi,MS,28,2804,04,2025-03-27,2.65,2.71
Missouri,MO,29,2901,01,2026-03-25,3.73,3.73
Missouri,MO,29,2901,01,2026-03-20,3.68,3.68
Missouri,MO,29,2901,01,2025-09-27,2.84,2.84
Missouri,MO,29,2901,01,2025-03-27,2.93,2.99
Missouri,MO,29,2902,02,2026-03-25,3.7,3.7
Missouri,MO,29,2902,02,2026-03-20,3.67,3.67
Missouri,MO,29,2902,02,2025-09-27,2.8,2.8
Missouri,MO,29,2902,02,2025-03-27,2.94,3.01
Missouri,MO,29,2903,03,2026-03-25,3.55,3.55
Missouri,MO,29,2903,03,2026-03-20,3.55,3.55
Missouri,MO,29,2903,03,2025-09-27,2.85,2.85
Missouri,MO,29,2903,03,2025-03-27,2.98,3.05
Missouri,MO,29,2904,04,2026-03-25,3.22,3.22
Missouri,MO,29,2904,04,2026-03-20,3.25,3.25
Missouri,MO,29,2904,04,2025-09-27,2.8,2.8
Missouri,MO,29,2904,04,2025-03-27,2.87,2.94
Missouri,MO,29,2905,05,2026-03-25,3.28,3.28
Missouri,MO,29,2905,05,2026-03-20,3.28,3.28
Missouri,MO,29,2905,05,2025-09-27,2.89,2.89
Missouri,MO,29,2905,05,2025-03-27,2.84,2.9
Missouri,MO,29,2906,06,2026-03-25,3.21,3.21
Missouri,MO,29,2906,06,2026-03-20,3.25,3.25
Missouri,MO,29,2906,06,2025-09-27,2.77,2.77
Missouri,MO,29,2906,06,2025-03-27,2.8,2.86
Missouri,MO,29,2907,07,2026-03-25,3.15,3.15
Missouri,MO,29,2907,07,2026-03-20,3.23,3.23
Missouri,MO,29,2907,07,2025-09-27,2.78,2.78
Missouri,MO,29,2907,07,2025-03-27,2.91,2.98
Missouri,MO,29,2908,08,2026-03-25,3.59,3.59
Missouri,MO,29,2908,08,2026-03-20,3.55,3.55
Missouri,MO,29,2908,08,2025-09-27,2.76,2.76
Missouri,MO,29,2908,08,2025-03-27,2.88,2.94
Montana,MT,30,3001,01,2026-03-25,3.72,3.72
Montana,MT,30,3001,01,2026-03-20,3.55,3.55
Montana,MT,30,3001,01,2025-09-27,3.1,3.1
Montana,MT,30,3001,01,2025-03-27,3.14,3.21
Montana,MT,30,3002,02,2026-03-25,3.63,3.63
Montana,MT,30,3002,02,2026-03-20,3.47,3.47
Montana,MT,30,3002,02,2025-09-27,3.06,3.06
Montana,MT,30,3002,02,2025-03-27,3.07,3.14
Nebraska,NE,31,3101,01,2026-03-25,3.24,3.24
Nebraska,NE,31,3101,01,2026-03-20,3.32,3.32
Nebraska,NE,31,3101,01,2025-09-27,2.81,2.81
Nebraska,NE,31,3101,01,2025-03-27,2.93,2.99
Nebraska,NE,31,3102,02,2026-03-25,3.25,3.25
Nebraska,NE,31,3102,02,2026-03-20,3.36,3.36
Nebraska,NE,31,3102,02,2025-09-27,2.73,2.73
Nebraska,NE,31,3102,02,2025-03-27,2.96,3.02
Nebraska,NE,31,3103,03,2026-03-25,3.06,3.06
Nebraska,NE,31,3103,03,2026-03-20,3.14,3.14
Nebraska,NE,31,3103,03,2025-09-27,2.79,2.79
Nebraska,NE,31,3103,03,2025-03-27,2.86,2.93
Nevada,NV,32,3201,01,2026-03-25,4.89,4.89
Nevada,NV,32,3201,01,2026-03-20,4.72,4.72
Nevada,NV,32,3201,01,2025-09-27,3.95,3.95
Nevada,NV,32,3201,01,2025-03-27,3.74,3.82
Nevada,NV,32,3202,02,2026-03-25,4.73,4.73
Nevada,NV,32,3202,02,2026-03-20,4.57,4.57
Nevada,NV,32,3202,02,2025-09-27,3.75,3.75
Nevada,NV,32,3202,02,2025-03-27,3.78,3.86
Nevada,NV,32,3203,03,2026-03-25,4.89,4.89
Nevada,NV,32,3203,03,2026-03-20,4.73,4.73
Nevada,NV,32,3203,03,2025-09-27,3.96,3.96
Nevada,NV,32,3203,03,2025-03-27,3.78,3.87
Nevada,NV,32,3204,04,2026-03-25,4.78,4.78
Nevada,NV,32,3204,04,2026-03-20,4.64,4.64
Nevada,NV,32,3204,04,2025-09-27,3.81,3.81
Nevada,NV,32,3204,04,2025-03-27,3.61,3.69
New Hampshire,NH,33,3301,01,2026-03-25,3.58,3.58
New Hampshire,NH,33,3301,01,2026-03-20,3.52,3.52
New Hampshire,NH,33,3301,01,2025-09-27,2.91,2.91
New Hampshire,NH,33,3301,01,2025-03-27,2.73,2.79
New Hampshire,NH,33,3302,02,2026-03-25,3.46,3.46
New Hampshire,NH,33,3302,02,2026-03-20,3.37,3.37
New Hampshire,NH,33,3302,02,2025-09-27,2.82,2.82
New Hampshire,NH,33,3302,02,2025-03-27,2.71,2.78
New Jersey,NJ,34,3401,01,2026-03-25,3.87,3.87
New Jersey,NJ,34,3401,01,2026-03-20,3.8,3.8
New Jersey,NJ,34,3401,01,2025-09-27,3.06,3.06
New Jersey,NJ,34,3401,01,2025-03-27,2.91,2.97
New Jersey,NJ,34,3402,02,2026-03-25,3.72,3.72
New Jersey,NJ,34,3402,02,2026-03-20,3.71,3.71
New Jersey,NJ,34,3402,02,2025-09-27,3.06,3.06
New Jersey,NJ,34,3402,02,2025-03-27,2.9,2.96
New Jersey,NJ,34,3403,03,2026-03-25,3.84,3.84
New Jersey,NJ,34,3403,03,2026-03-20,3.77,3.77
New Jersey,NJ,34,3403,03,2025-09-27,3.06,3.06
New Jersey,NJ,34,3403,03,2025-03-27,2.9,2.97
New Jersey,NJ,34,3404,04,2026-03-25,3.91,3.91
New Jersey,NJ,34,3404,04,2026-03-20,3.87,3.87
New Jersey,NJ,34,3404,04,2025-09-27,3.17,3.17
New Jersey,NJ,34,3404,04,2025-03-27,3,3.06
New Jersey,NJ,34,3405,05,2026-03-25,3.86,3.86
New Jersey,NJ,34,3405,05,2026-03-20,3.73,3.73
New Jersey,NJ,34,3405,05,2025-09-27,3.07,3.07
New Jersey,NJ,34,3405,05,2025-03-27,2.92,2.99
New Jersey,NJ,34,3406,06,2026-03-25,3.89,3.89
New Jersey,NJ,34,3406,06,2026-03-20,3.81,3.81
New Jersey,NJ,34,3406,06,2025-09-27,3.13,3.13
New Jersey,NJ,34,3406,06,2025-03-27,2.98,3.04
New Jersey,NJ,34,3407,07,2026-03-25,3.89,3.89
New Jersey,NJ,34,3407,07,2026-03-20,3.81,3.81
New Jersey,NJ,34,3407,07,2025-09-27,3.12,3.12
New Jersey,NJ,34,3407,07,2025-03-27,2.99,3.05
New Jersey,NJ,34,3408,08,2026-03-25,3.93,3.93
New Jersey,NJ,34,3408,08,2026-03-20,3.76,3.76
New Jersey,NJ,34,3408,08,2025-09-27,3.12,3.12
New Jersey,NJ,34,3408,08,2025-03-27,2.95,3.01
New Jersey,NJ,34,3409,09,2026-03-25,3.87,3.87
New Jersey,NJ,34,3409,09,2026-03-20,3.73,3.73
New Jersey,NJ,34,3409,09,2025-09-27,3.1,3.1
New Jersey,NJ,34,3409,09,2025-03-27,2.94,3.01
New Jersey,NJ,34,3410,10,2026-03-25,3.94,3.94
New Jersey,NJ,34,3410,10,2026-03-20,3.79,3.79
New Jersey,NJ,34,3410,10,2025-09-27,3.15,3.15
New Jersey,NJ,34,3410,10,2025-03-27,2.98,3.05
New Jersey,NJ,34,3411,11,2026-03-25,3.91,3.91
New Jersey,NJ,34,3411,11,2026-03-20,3.79,3.79
New Jersey,NJ,34,3411,11,2025-09-27,3.15,3.15
New Jersey,NJ,34,3411,11,2025-03-27,2.97,3.04
New Jersey,NJ,34,3412,12,2026-03-25,3.75,3.75
New Jersey,NJ,34,3412,12,2026-03-20,3.67,3.67
New Jersey,NJ,34,3412,12,2025-09-27,2.98,2.98
New Jersey,NJ,34,3412,12,2025-03-27,2.85,2.91
New Mexico,NM,35,3501,01,2026-03-25,3.7,3.7
New Mexico,NM,35,3501,01,2026-03-20,3.83,3.83
New Mexico,NM,35,3501,01,2025-09-27,2.79,2.79
New Mexico,NM,35,3501,01,2025-03-27,2.9,2.96
New Mexico,NM,35,3502,02,2026-03-25,3.65,3.65
New Mexico,NM,35,3502,02,2026-03-20,3.7,3.7
New Mexico,NM,35,3502,02,2025-09-27,2.77,2.77
New Mexico,NM,35,3502,02,2025-03-27,2.8,2.86
New Mexico,NM,35,3503,03,2026-03-25,3.55,3.55
New Mexico,NM,35,3503,03,2026-03-20,3.56,3.56
New Mexico,NM,35,3503,03,2025-09-27,2.73,2.73
New Mexico,NM,35,3503,03,2025-03-27,2.67,2.73
New York,NY,36,3601,01,2026-03-25,3.91,3.91
New York,NY,36,3601,01,2026-03-20,3.7,3.7
New York,NY,36,3601,01,2025-09-27,3.21,3.21
New York,NY,36,3601,01,2025-03-27,3.02,3.09
New York,NY,36,3602,02,2026-03-25,3.85,3.85
New York,NY,36,3602,02,2026-03-20,3.68,3.68
New York,NY,36,3602,02,2025-09-27,3.09,3.09
New York,NY,36,3602,02,2025-03-27,2.96,3.02
New York,NY,36,3603,03,2026-03-25,3.87,3.87
New York,NY,36,3603,03,2026-03-20,3.7,3.7
New York,NY,36,3603,03,2025-09-27,3.16,3.16
New York,NY,36,3603,03,2025-03-27,3.01,3.08
New York,NY,36,3604,04,2026-03-25,3.87,3.87
New York,NY,36,3604,04,2026-03-20,3.71,3.71
New York,NY,36,3604,04,2025-09-27,3.13,3.13
New York,NY,36,3604,04,2025-03-27,2.98,3.05
New York,NY,36,3605,05,2026-03-25,3.88,3.88
New York,NY,36,3605,05,2026-03-20,3.73,3.73
New York,NY,36,3605,05,2025-09-27,3.2,3.2
New York,NY,36,3605,05,2025-03-27,3.05,3.12
New York,NY,36,3606,06,2026-03-25,3.98,3.98
New York,NY,36,3606,06,2026-03-20,3.83,3.83
New York,NY,36,3606,06,2025-09-27,3.28,3.28
New York,NY,36,3606,06,2025-03-27,3.12,3.19
New York,NY,36,3607,07,2026-03-25,3.95,3.95
New York,NY,36,3607,07,2026-03-20,3.79,3.79
New York,NY,36,3607,07,2025-09-27,3.24,3.24
New York,NY,36,3607,07,2025-03-27,3.09,3.16
New York,NY,36,3608,08,2026-03-25,3.89,3.89
New York,NY,36,3608,08,2026-03-20,3.76,3.76
New York,NY,36,3608,08,2025-09-27,3.18,3.18
New York,NY,36,3608,08,2025-03-27,3.07,3.14
New York,NY,36,3609,09,2026-03-25,3.89,3.89
New York,NY,36,3609,09,2026-03-20,3.75,3.75
New York,NY,36,3609,09,2025-09-27,3.2,3.2
New York,NY,36,3609,09,2025-03-27,3.07,3.14
New York,NY,36,3610,10,2026-03-25,4.09,4.09
New York,NY,36,3610,10,2026-03-20,3.84,3.84
New York,NY,36,3610,10,2025-09-27,3.29,3.29
New York,NY,36,3610,10,2025-03-27,3.11,3.18
New York,NY,36,3611,11,2026-03-25,3.96,3.96
New York,NY,36,3611,11,2026-03-20,3.81,3.81
New York,NY,36,3611,11,2025-09-27,3.29,3.29
New York,NY,36,3611,11,2025-03-27,3.14,3.21
New York,NY,36,3612,12,2026-03-25,4.25,4.25
New York,NY,36,3612,12,2026-03-20,3.89,3.89
New York,NY,36,3612,12,2025-09-27,3.25,3.25
New York,NY,36,3612,12,2025-03-27,3.06,3.13
New York,NY,36,3613,13,2026-03-25,3.98,3.98
New York,NY,36,3613,13,2026-03-20,3.8,3.8
New York,NY,36,3613,13,2025-09-27,3.24,3.24
New York,NY,36,3613,13,2025-03-27,3.09,3.16
New York,NY,36,3614,14,2026-03-25,4.01,4.01
New York,NY,36,3614,14,2026-03-20,3.84,3.84
New York,NY,36,3614,14,2025-09-27,3.29,3.29
New York,NY,36,3614,14,2025-03-27,3.14,3.21
New York,NY,36,3615,15,2026-03-25,3.95,3.95
New York,NY,36,3615,15,2026-03-20,3.79,3.79
New York,NY,36,3615,15,2025-09-27,3.25,3.25
New York,NY,36,3615,15,2025-03-27,3.1,3.17
New York,NY,36,3616,16,2026-03-25,4.05,4.05
New York,NY,36,3616,16,2026-03-20,3.86,3.86
New York,NY,36,3616,16,2025-09-27,3.36,3.36
New York,NY,36,3616,16,2025-03-27,3.23,3.3
New York,NY,36,3617,17,2026-03-25,4.07,4.07
New York,NY,36,3617,17,2026-03-20,3.87,3.87
New York,NY,36,3617,17,2025-09-27,3.38,3.38
New York,NY,36,3617,17,2025-03-27,3.25,3.32
New York,NY,36,3618,18,2026-03-25,3.81,3.81
New York,NY,36,3618,18,2026-03-20,3.68,3.68
New York,NY,36,3618,18,2025-09-27,3.14,3.14
New York,NY,36,3618,18,2025-03-27,3.02,3.09
New York,NY,36,3619,19,2026-03-25,3.58,3.58
New York,NY,36,3619,19,2026-03-20,3.45,3.45
New York,NY,36,3619,19,2025-09-27,2.97,2.97
New York,NY,36,3619,19,2025-03-27,2.9,2.97
New York,NY,36,3620,20,2026-03-25,3.89,3.89
New York,NY,36,3620,20,2026-03-20,3.71,3.71
New York,NY,36,3620,20,2025-09-27,3.15,3.15
New York,NY,36,3620,20,2025-03-27,3.1,3.17
New York,NY,36,3621,21,2026-03-25,3.58,3.58
New York,NY,36,3621,21,2026-03-20,3.46,3.46
New York,NY,36,3621,21,2025-09-27,2.92,2.92
New York,NY,36,3621,21,2025-03-27,2.91,2.98
New York,NY,36,3622,22,2026-03-25,3.77,3.77
New York,NY,36,3622,22,2026-03-20,3.62,3.62
New York,NY,36,3622,22,2025-09-27,3.08,3.08
New York,NY,36,3622,22,2025-03-27,3.05,3.12
New York,NY,36,3623,23,2026-03-25,3.59,3.59
New York,NY,36,3623,23,2026-03-20,3.47,3.47
New York,NY,36,3623,23,2025-09-27,3.01,3.01
New York,NY,36,3623,23,2025-03-27,2.91,2.97
New York,NY,36,3624,24,2026-03-25,3.61,3.61
New York,NY,36,3624,24,2026-03-20,3.5,3.5
New York,NY,36,3624,24,2025-09-27,3,3
New York,NY,36,3624,24,2025-03-27,2.94,3
New York,NY,36,3625,25,2026-03-25,3.96,3.96
New York,NY,36,3625,25,2026-03-20,3.79,3.79
New York,NY,36,3625,25,2025-09-27,3.22,3.22
New York,NY,36,3625,25,2025-03-27,3.13,3.2
New York,NY,36,3626,26,2026-03-25,3.94,3.94
New York,NY,36,3626,26,2026-03-20,3.72,3.72
New York,NY,36,3626,26,2025-09-27,3.2,3.2
New York,NY,36,3626,26,2025-03-27,3.1,3.17
North Carolina,NC,37,3701,01,2026-03-25,3.55,3.55
North Carolina,NC,37,3701,01,2026-03-20,3.42,3.42
North Carolina,NC,37,3701,01,2025-09-27,2.67,2.67
North Carolina,NC,37,3701,01,2025-03-27,2.66,2.72
North Carolina,NC,37,3702,02,2026-03-25,3.81,3.81
North Carolina,NC,37,3702,02,2026-03-20,3.73,3.73
North Carolina,NC,37,3702,02,2025-09-27,2.93,2.93
North Carolina,NC,37,3702,02,2025-03-27,2.93,2.99
North Carolina,NC,37,3703,03,2026-03-25,3.67,3.67
North Carolina,NC,37,3703,03,2026-03-20,3.52,3.52
North Carolina,NC,37,3703,03,2025-09-27,2.71,2.71
North Carolina,NC,37,3703,03,2025-03-27,2.74,2.8
North Carolina,NC,37,3704,04,2026-03-25,3.78,3.78
North Carolina,NC,37,3704,04,2026-03-20,3.69,3.69
North Carolina,NC,37,3704,04,2025-09-27,2.91,2.91
North Carolina,NC,37,3704,04,2025-03-27,2.9,2.96
North Carolina,NC,37,3705,05,2026-03-25,3.59,3.59
North Carolina,NC,37,3705,05,2026-03-20,3.46,3.46
North Carolina,NC,37,3705,05,2025-09-27,2.75,2.75
North Carolina,NC,37,3705,05,2025-03-27,2.7,2.76
North Carolina,NC,37,3706,06,2026-03-25,3.7,3.7
North Carolina,NC,37,3706,06,2026-03-20,3.69,3.69
North Carolina,NC,37,3706,06,2025-09-27,2.88,2.88
North Carolina,NC,37,3706,06,2025-03-27,2.87,2.93
North Carolina,NC,37,3707,07,2026-03-25,3.66,3.66
North Carolina,NC,37,3707,07,2026-03-20,3.52,3.52
North Carolina,NC,37,3707,07,2025-09-27,2.77,2.77
North Carolina,NC,37,3707,07,2025-03-27,2.76,2.82
North Carolina,NC,37,3708,08,2026-03-25,3.73,3.73
North Carolina,NC,37,3708,08,2026-03-20,3.6,3.6
North Carolina,NC,37,3708,08,2025-09-27,2.87,2.87
North Carolina,NC,37,3708,08,2025-03-27,2.86,2.92
North Carolina,NC,37,3709,09,2026-03-25,3.72,3.72
North Carolina,NC,37,3709,09,2026-03-20,3.62,3.62
North Carolina,NC,37,3709,09,2025-09-27,2.85,2.85
North Carolina,NC,37,3709,09,2025-03-27,2.82,2.88
North Carolina,NC,37,3710,10,2026-03-25,3.76,3.76
North Carolina,NC,37,3710,10,2026-03-20,3.62,3.62
North Carolina,NC,37,3710,10,2025-09-27,2.86,2.86
North Carolina,NC,37,3710,10,2025-03-27,2.84,2.91
North Carolina,NC,37,3711,11,2026-03-25,3.62,3.62
North Carolina,NC,37,3711,11,2026-03-20,3.47,3.47
North Carolina,NC,37,3711,11,2025-09-27,2.82,2.82
North Carolina,NC,37,3711,11,2025-03-27,2.78,2.84
North Carolina,NC,37,3712,12,2026-03-25,3.8,3.8
North Carolina,NC,37,3712,12,2026-03-20,3.67,3.67
North Carolina,NC,37,3712,12,2025-09-27,2.94,2.94
North Carolina,NC,37,3712,12,2025-03-27,2.92,2.98
North Carolina,NC,37,3713,13,2026-03-25,3.71,3.71
North Carolina,NC,37,3713,13,2026-03-20,3.63,3.63
North Carolina,NC,37,3713,13,2025-09-27,2.85,2.85
North Carolina,NC,37,3713,13,2025-03-27,2.83,2.9
North Carolina,NC,37,3714,14,2026-03-25,3.75,3.75
North Carolina,NC,37,3714,14,2026-03-20,3.62,3.62
North Carolina,NC,37,3714,14,2025-09-27,2.87,2.87
North Carolina,NC,37,3714,14,2025-03-27,2.84,2.9
North Dakota,ND,38,3800,00,2026-03-25,3.4,3.4
North Dakota,ND,38,3800,00,2026-03-20,3.38,3.38
North Dakota,ND,38,3800,00,2025-09-27,2.86,2.86
North Dakota,ND,38,3800,00,2025-03-27,3.08,3.15
Ohio,OH,39,3901,01,2026-03-25,3.91,3.91
Ohio,OH,39,3901,01,2026-03-20,3.7,3.7
Ohio,OH,39,3901,01,2025-09-27,2.92,2.92
Ohio,OH,39,3901,01,2025-03-27,3.04,3.1
Ohio,OH,39,3902,02,2026-03-25,3.75,3.75
Ohio,OH,39,3902,02,2026-03-20,3.6,3.6
Ohio,OH,39,3902,02,2025-09-27,2.82,2.82
Ohio,OH,39,3902,02,2025-03-27,2.89,2.95
Ohio,OH,39,3903,03,2026-03-25,3.95,3.95
Ohio,OH,39,3903,03,2026-03-20,3.75,3.75
Ohio,OH,39,3903,03,2025-09-27,2.95,2.95
Ohio,OH,39,3903,03,2025-03-27,3.12,3.19
Ohio,OH,39,3904,04,2026-03-25,3.68,3.68
Ohio,OH,39,3904,04,2026-03-20,3.57,3.57
Ohio,OH,39,3904,04,2025-09-27,2.76,2.76
Ohio,OH,39,3904,04,2025-03-27,2.89,2.96
Ohio,OH,39,3905,05,2026-03-25,3.71,3.71
Ohio,OH,39,3905,05,2026-03-20,3.57,3.57
Ohio,OH,39,3905,05,2025-09-27,2.7,2.7
Ohio,OH,39,3905,05,2025-03-27,2.88,2.95
Ohio,OH,39,3906,06,2026-03-25,3.75,3.75
Ohio,OH,39,3906,06,2026-03-20,3.62,3.62
Ohio,OH,39,3906,06,2025-09-27,2.81,2.81
Ohio,OH,39,3906,06,2025-03-27,2.94,3.01
Ohio,OH,39,3907,07,2026-03-25,3.88,3.88
Ohio,OH,39,3907,07,2026-03-20,3.7,3.7
Ohio,OH,39,3907,07,2025-09-27,2.91,2.91
Ohio,OH,39,3907,07,2025-03-27,3,3.07
Ohio,OH,39,3908,08,2026-03-25,3.76,3.76
Ohio,OH,39,3908,08,2026-03-20,3.6,3.6
Ohio,OH,39,3908,08,2025-09-27,2.82,2.82
Ohio,OH,39,3908,08,2025-03-27,2.97,3.04
Ohio,OH,39,3909,09,2026-03-25,3.83,3.83
Ohio,OH,39,3909,09,2026-03-20,3.67,3.67
Ohio,OH,39,3909,09,2025-09-27,2.79,2.79
Ohio,OH,39,3909,09,2025-03-27,2.98,3.05
Ohio,OH,39,3910,10,2026-03-25,3.87,3.87
Ohio,OH,39,3910,10,2026-03-20,3.7,3.7
Ohio,OH,39,3910,10,2025-09-27,2.82,2.82
Ohio,OH,39,3910,10,2025-03-27,2.97,3.04
Ohio,OH,39,3911,11,2026-03-25,3.88,3.88
Ohio,OH,39,3911,11,2026-03-20,3.75,3.75
Ohio,OH,39,3911,11,2025-09-27,2.99,2.99
Ohio,OH,39,3911,11,2025-03-27,3.03,3.1
Ohio,OH,39,3912,12,2026-03-25,3.69,3.69
Ohio,OH,39,3912,12,2026-03-20,3.56,3.56
Ohio,OH,39,3912,12,2025-09-27,2.78,2.78
Ohio,OH,39,3912,12,2025-03-27,2.9,2.97
Ohio,OH,39,3913,13,2026-03-25,3.91,3.91
Ohio,OH,39,3913,13,2026-03-20,3.73,3.73
Ohio,OH,39,3913,13,2025-09-27,2.84,2.84
Ohio,OH,39,3913,13,2025-03-27,3.03,3.09
Ohio,OH,39,3914,14,2026-03-25,3.76,3.76
Ohio,OH,39,3914,14,2026-03-20,3.61,3.61
Ohio,OH,39,3914,14,2025-09-27,2.85,2.85
Ohio,OH,39,3914,14,2025-03-27,2.92,2.99
Ohio,OH,39,3915,15,2026-03-25,3.9,3.9
Ohio,OH,39,3915,15,2026-03-20,3.72,3.72
Ohio,OH,39,3915,15,2025-09-27,2.91,2.91
Ohio,OH,39,3915,15,2025-03-27,3.05,3.12
Oklahoma,OK,40,4001,01,2026-03-25,3.26,3.26
Oklahoma,OK,40,4001,01,2026-03-20,3.3,3.3
Oklahoma,OK,40,4001,01,2025-09-27,2.57,2.57
Oklahoma,OK,40,4001,01,2025-03-27,2.73,2.79
Oklahoma,OK,40,4002,02,2026-03-25,3.2,3.2
Oklahoma,OK,40,4002,02,2026-03-20,3.19,3.19
Oklahoma,OK,40,4002,02,2025-09-27,2.57,2.57
Oklahoma,OK,40,4002,02,2025-03-27,2.68,2.74
Oklahoma,OK,40,4003,03,2026-03-25,2.97,2.97
Oklahoma,OK,40,4003,03,2026-03-20,3.15,3.15
Oklahoma,OK,40,4003,03,2025-09-27,2.56,2.56
Oklahoma,OK,40,4003,03,2025-03-27,2.63,2.69
Oklahoma,OK,40,4004,04,2026-03-25,3.03,3.03
Oklahoma,OK,40,4004,04,2026-03-20,3.05,3.05
Oklahoma,OK,40,4004,04,2025-09-27,2.57,2.57
Oklahoma,OK,40,4004,04,2025-03-27,2.67,2.73
Oklahoma,OK,40,4005,05,2026-03-25,3.2,3.2
Oklahoma,OK,40,4005,05,2026-03-20,3.25,3.25
Oklahoma,OK,40,4005,05,2025-09-27,2.58,2.58
Oklahoma,OK,40,4005,05,2025-03-27,2.66,2.72
Oregon,OR,41,4101,01,2026-03-25,4.86,4.86
Oregon,OR,41,4101,01,2026-03-20,4.77,4.77
Oregon,OR,41,4101,01,2025-09-27,4.3,4.3
Oregon,OR,41,4101,01,2025-03-27,3.83,3.91
Oregon,OR,41,4102,02,2026-03-25,4.04,4.04
Oregon,OR,41,4102,02,2026-03-20,4.44,4.44
Oregon,OR,41,4102,02,2025-09-27,3.9,3.9
Oregon,OR,41,4102,02,2025-03-27,3.53,3.61
Oregon,OR,41,4103,03,2026-03-25,4.69,4.69
Oregon,OR,41,4103,03,2026-03-20,4.84,4.84
Oregon,OR,41,4103,03,2025-09-27,4.27,4.27
Oregon,OR,41,4103,03,2025-03-27,3.82,3.9
Oregon,OR,41,4104,04,2026-03-25,4.56,4.56
Oregon,OR,41,4104,04,2026-03-20,4.55,4.55
Oregon,OR,41,4104,04,2025-09-27,3.95,3.95
Oregon,OR,41,4104,04,2025-03-27,3.46,3.53
Oregon,OR,41,4105,05,2026-03-25,4.55,4.55
Oregon,OR,41,4105,05,2026-03-20,4.77,4.77
Oregon,OR,41,4105,05,2025-09-27,4.2,4.2
Oregon,OR,41,4105,05,2025-03-27,3.73,3.81
Oregon,OR,41,4106,06,2026-03-25,4.73,4.73
Oregon,OR,41,4106,06,2026-03-20,4.69,4.69
Oregon,OR,41,4106,06,2025-09-27,4.12,4.12
Oregon,OR,41,4106,06,2025-03-27,3.63,3.72
Pennsylvania,PA,42,4201,01,2026-03-25,3.93,3.93
Pennsylvania,PA,42,4201,01,2026-03-20,3.87,3.87
Pennsylvania,PA,42,4201,01,2025-09-27,3.21,3.21
Pennsylvania,PA,42,4201,01,2025-03-27,3.12,3.18
Pennsylvania,PA,42,4202,02,2026-03-25,4.02,4.02
Pennsylvania,PA,42,4202,02,2026-03-20,3.94,3.94
Pennsylvania,PA,42,4202,02,2025-09-27,3.31,3.31
Pennsylvania,PA,42,4202,02,2025-03-27,3.15,3.22
Pennsylvania,PA,42,4203,03,2026-03-25,4.05,4.05
Pennsylvania,PA,42,4203,03,2026-03-20,3.98,3.98
Pennsylvania,PA,42,4203,03,2025-09-27,3.35,3.35
Pennsylvania,PA,42,4203,03,2025-03-27,3.16,3.23
Pennsylvania,PA,42,4204,04,2026-03-25,3.96,3.96
Pennsylvania,PA,42,4204,04,2026-03-20,3.91,3.91
Pennsylvania,PA,42,4204,04,2025-09-27,3.28,3.28
Pennsylvania,PA,42,4204,04,2025-03-27,3.15,3.22
Pennsylvania,PA,42,4205,05,2026-03-25,3.97,3.97
Pennsylvania,PA,42,4205,05,2026-03-20,3.92,3.92
Pennsylvania,PA,42,4205,05,2025-09-27,3.28,3.28
Pennsylvania,PA,42,4205,05,2025-03-27,3.12,3.19
Pennsylvania,PA,42,4206,06,2026-03-25,3.95,3.95
Pennsylvania,PA,42,4206,06,2026-03-20,3.91,3.91
Pennsylvania,PA,42,4206,06,2025-09-27,3.27,3.27
Pennsylvania,PA,42,4206,06,2025-03-27,3.15,3.22
Pennsylvania,PA,42,4207,07,2026-03-25,3.95,3.95
Pennsylvania,PA,42,4207,07,2026-03-20,3.86,3.86
Pennsylvania,PA,42,4207,07,2025-09-27,3.21,3.21
Pennsylvania,PA,42,4207,07,2025-03-27,3.13,3.2
Pennsylvania,PA,42,4208,08,2026-03-25,3.9,3.9
Pennsylvania,PA,42,4208,08,2026-03-20,3.74,3.74
Pennsylvania,PA,42,4208,08,2025-09-27,3.15,3.15
Pennsylvania,PA,42,4208,08,2025-03-27,3.09,3.15
Pennsylvania,PA,42,4209,09,2026-03-25,3.71,3.71
Pennsylvania,PA,42,4209,09,2026-03-20,3.59,3.59
Pennsylvania,PA,42,4209,09,2025-09-27,3.01,3.01
Pennsylvania,PA,42,4209,09,2025-03-27,2.97,3.04
Pennsylvania,PA,42,4210,10,2026-03-25,3.87,3.87
Pennsylvania,PA,42,4210,10,2026-03-20,3.8,3.8
Pennsylvania,PA,42,4210,10,2025-09-27,3.15,3.15
Pennsylvania,PA,42,4210,10,2025-03-27,3.14,3.21
Pennsylvania,PA,42,4211,11,2026-03-25,3.77,3.77
Pennsylvania,PA,42,4211,11,2026-03-20,3.67,3.67
Pennsylvania,PA,42,4211,11,2025-09-27,3.1,3.1
Pennsylvania,PA,42,4211,11,2025-03-27,3.03,3.1
Pennsylvania,PA,42,4212,12,2026-03-25,3.97,3.97
Pennsylvania,PA,42,4212,12,2026-03-20,3.86,3.86
Pennsylvania,PA,42,4212,12,2025-09-27,3.46,3.46
Pennsylvania,PA,42,4212,12,2025-03-27,3.45,3.53
Pennsylvania,PA,42,4213,13,2026-03-25,3.57,3.57
Pennsylvania,PA,42,4213,13,2026-03-20,3.49,3.49
Pennsylvania,PA,42,4213,13,2025-09-27,2.99,2.99
Pennsylvania,PA,42,4213,13,2025-03-27,2.98,3.05
Pennsylvania,PA,42,4214,14,2026-03-25,3.58,3.58
Pennsylvania,PA,42,4214,14,2026-03-20,3.51,3.51
Pennsylvania,PA,42,4214,14,2025-09-27,3.09,3.09
Pennsylvania,PA,42,4214,14,2025-03-27,3.1,3.17
Pennsylvania,PA,42,4215,15,2026-03-25,3.44,3.44
Pennsylvania,PA,42,4215,15,2026-03-20,3.43,3.43
Pennsylvania,PA,42,4215,15,2025-09-27,2.99,2.99
Pennsylvania,PA,42,4215,15,2025-03-27,2.99,3.06
Pennsylvania,PA,42,4216,16,2026-03-25,3.67,3.67
Pennsylvania,PA,42,4216,16,2026-03-20,3.57,3.57
Pennsylvania,PA,42,4216,16,2025-09-27,3.16,3.16
Pennsylvania,PA,42,4216,16,2025-03-27,3.1,3.17
Pennsylvania,PA,42,4217,17,2026-03-25,3.96,3.96
Pennsylvania,PA,42,4217,17,2026-03-20,3.86,3.86
Pennsylvania,PA,42,4217,17,2025-09-27,3.42,3.42
Pennsylvania,PA,42,4217,17,2025-03-27,3.43,3.51
Rhode Island,RI,44,4401,01,2026-03-25,3.78,3.78
Rhode Island,RI,44,4401,01,2026-03-20,3.64,3.64
Rhode Island,RI,44,4401,01,2025-09-27,3.04,3.04
Rhode Island,RI,44,4401,01,2025-03-27,2.92,2.98
Rhode Island,RI,44,4402,02,2026-03-25,3.74,3.74
Rhode Island,RI,44,4402,02,2026-03-20,3.64,3.64
Rhode Island,RI,44,4402,02,2025-09-27,3.05,3.05
Rhode Island,RI,44,4402,02,2025-03-27,2.92,2.99
South Carolina,SC,45,4501,01,2026-03-25,3.56,3.56
South Carolina,SC,45,4501,01,2026-03-20,3.53,3.53
South Carolina,SC,45,4501,01,2025-09-27,2.79,2.79
South Carolina,SC,45,4501,01,2025-03-27,2.8,2.86
South Carolina,SC,45,4502,02,2026-03-25,3.68,3.68
South Carolina,SC,45,4502,02,2026-03-20,3.61,3.61
South Carolina,SC,45,4502,02,2025-09-27,2.84,2.84
South Carolina,SC,45,4502,02,2025-03-27,2.82,2.89
South Carolina,SC,45,4503,03,2026-03-25,3.63,3.63
South Carolina,SC,45,4503,03,2026-03-20,3.59,3.59
South Carolina,SC,45,4503,03,2025-09-27,2.75,2.75
South Carolina,SC,45,4503,03,2025-03-27,2.73,2.79
South Carolina,SC,45,4504,04,2026-03-25,3.68,3.68
South Carolina,SC,45,4504,04,2026-03-20,3.62,3.62
South Carolina,SC,45,4504,04,2025-09-27,2.85,2.85
South Carolina,SC,45,4504,04,2025-03-27,2.83,2.89
South Carolina,SC,45,4505,05,2026-03-25,3.59,3.59
South Carolina,SC,45,4505,05,2026-03-20,3.52,3.52
South Carolina,SC,45,4505,05,2025-09-27,2.78,2.78
South Carolina,SC,45,4505,05,2025-03-27,2.75,2.81
South Carolina,SC,45,4506,06,2026-03-25,3.56,3.56
South Carolina,SC,45,4506,06,2026-03-20,3.45,3.45
South Carolina,SC,45,4506,06,2025-09-27,2.79,2.79
South Carolina,SC,45,4506,06,2025-03-27,2.74,2.8
South Carolina,SC,45,4507,07,2026-03-25,3.58,3.58
South Carolina,SC,45,4507,07,2026-03-20,3.48,3.48
South Carolina,SC,45,4507,07,2025-09-27,2.77,2.77
South Carolina,SC,45,4507,07,2025-03-27,2.72,2.78
South Dakota,SD,46,4600,00,2026-03-25,3.31,3.31
South Dakota,SD,46,4600,00,2026-03-20,3.29,3.29
South Dakota,SD,46,4600,00,2025-09-27,2.85,2.85
South Dakota,SD,46,4600,00,2025-03-27,3.05,3.12
Tennessee,TN,47,4701,01,2026-03-25,3.56,3.56
Tennessee,TN,47,4701,01,2026-03-20,3.52,3.52
Tennessee,TN,47,4701,01,2025-09-27,2.67,2.67
Tennessee,TN,47,4701,01,2025-03-27,2.68,2.74
Tennessee,TN,47,4702,02,2026-03-25,3.49,3.49
Tennessee,TN,47,4702,02,2026-03-20,3.49,3.49
Tennessee,TN,47,4702,02,2025-09-27,2.73,2.73
Tennessee,TN,47,4702,02,2025-03-27,2.72,2.78
Tennessee,TN,47,4703,03,2026-03-25,3.54,3.54
Tennessee,TN,47,4703,03,2026-03-20,3.53,3.53
Tennessee,TN,47,4703,03,2025-09-27,2.6,2.6
Tennessee,TN,47,4703,03,2025-03-27,2.69,2.75
Tennessee,TN,47,4704,04,2026-03-25,3.42,3.42
Tennessee,TN,47,4704,04,2026-03-20,3.51,3.51
Tennessee,TN,47,4704,04,2025-09-27,2.59,2.59
Tennessee,TN,47,4704,04,2025-03-27,2.72,2.78
Tennessee,TN,47,4705,05,2026-03-25,3.63,3.63
Tennessee,TN,47,4705,05,2026-03-20,3.68,3.68
Tennessee,TN,47,4705,05,2025-09-27,2.79,2.79
Tennessee,TN,47,4705,05,2025-03-27,2.89,2.95
Tennessee,TN,47,4706,06,2026-03-25,3.55,3.55
Tennessee,TN,47,4706,06,2026-03-20,3.54,3.54
Tennessee,TN,47,4706,06,2025-09-27,2.61,2.61
Tennessee,TN,47,4706,06,2025-03-27,2.72,2.78
Tennessee,TN,47,4707,07,2026-03-25,3.53,3.53
Tennessee,TN,47,4707,07,2026-03-20,3.6,3.6
Tennessee,TN,47,4707,07,2025-09-27,2.68,2.68
Tennessee,TN,47,4707,07,2025-03-27,2.74,2.8
Tennessee,TN,47,4708,08,2026-03-25,3.45,3.45
Tennessee,TN,47,4708,08,2026-03-20,3.39,3.39
Tennessee,TN,47,4708,08,2025-09-27,2.63,2.63
Tennessee,TN,47,4708,08,2025-03-27,2.67,2.73
Tennessee,TN,47,4709,09,2026-03-25,3.62,3.62
Tennessee,TN,47,4709,09,2026-03-20,3.51,3.51
Tennessee,TN,47,4709,09,2025-09-27,2.74,2.74
Tennessee,TN,47,4709,09,2025-03-27,2.75,2.81
Texas,TX,48,4801,01,2026-03-25,3.57,3.57
Texas,TX,48,4801,01,2026-03-20,3.54,3.54
Texas,TX,48,4801,01,2025-09-27,2.71,2.71
Texas,TX,48,4801,01,2025-03-27,2.7,2.76
Texas,TX,48,4802,02,2026-03-25,3.57,3.57
Texas,TX,48,4802,02,2026-03-20,3.49,3.49
Texas,TX,48,4802,02,2025-09-27,2.68,2.68
Texas,TX,48,4802,02,2025-03-27,2.74,2.8
Texas,TX,48,4803,03,2026-03-25,3.54,3.54
Texas,TX,48,4803,03,2026-03-20,3.67,3.67
Texas,TX,48,4803,03,2025-09-27,2.58,2.58
Texas,TX,48,4803,03,2025-03-27,2.77,2.84
Texas,TX,48,4804,04,2026-03-25,3.56,3.56
Texas,TX,48,4804,04,2026-03-20,3.65,3.65
Texas,TX,48,4804,04,2025-09-27,2.62,2.62
Texas,TX,48,4804,04,2025-03-27,2.76,2.82
Texas,TX,48,4805,05,2026-03-25,3.61,3.61
Texas,TX,48,4805,05,2026-03-20,3.66,3.66
Texas,TX,48,4805,05,2025-09-27,2.68,2.68
Texas,TX,48,4805,05,2025-03-27,2.79,2.85
Texas,TX,48,4806,06,2026-03-25,3.58,3.58
Texas,TX,48,4806,06,2026-03-20,3.64,3.64
Texas,TX,48,4806,06,2025-09-27,2.67,2.67
Texas,TX,48,4806,06,2025-03-27,2.77,2.83
Texas,TX,48,4807,07,2026-03-25,3.63,3.63
Texas,TX,48,4807,07,2026-03-20,3.56,3.56
Texas,TX,48,4807,07,2025-09-27,2.77,2.77
Texas,TX,48,4807,07,2025-03-27,2.79,2.86
Texas,TX,48,4808,08,2026-03-25,3.58,3.58
Texas,TX,48,4808,08,2026-03-20,3.5,3.5
Texas,TX,48,4808,08,2025-09-27,2.65,2.65
Texas,TX,48,4808,08,2025-03-27,2.73,2.79
Texas,TX,48,4809,09,2026-03-25,3.6,3.6
Texas,TX,48,4809,09,2026-03-20,3.52,3.52
Texas,TX,48,4809,09,2025-09-27,2.66,2.66
Texas,TX,48,4809,09,2025-03-27,2.72,2.78
Texas,TX,48,4810,10,2026-03-25,3.59,3.59
Texas,TX,48,4810,10,2026-03-20,3.56,3.56
Texas,TX,48,4810,10,2025-09-27,2.74,2.74
Texas,TX,48,4810,10,2025-03-27,2.7,2.76
Texas,TX,48,4811,11,2026-03-25,3.72,3.72
Texas,TX,48,4811,11,2026-03-20,3.61,3.61
Texas,TX,48,4811,11,2025-09-27,2.61,2.61
Texas,TX,48,4811,11,2025-03-27,2.66,2.72
Texas,TX,48,4812,12,2026-03-25,3.61,3.61
Texas,TX,48,4812,12,2026-03-20,3.69,3.69
Texas,TX,48,4812,12,2025-09-27,2.67,2.67
Texas,TX,48,4812,12,2025-03-27,2.84,2.9
Texas,TX,48,4813,13,2026-03-25,3.29,3.29
Texas,TX,48,4813,13,2026-03-20,3.29,3.29
Texas,TX,48,4813,13,2025-09-27,2.55,2.55
Texas,TX,48,4813,13,2025-03-27,2.6,2.65
Texas,TX,48,4814,14,2026-03-25,3.58,3.58
Texas,TX,48,4814,14,2026-03-20,3.5,3.5
Texas,TX,48,4814,14,2025-09-27,2.67,2.67
Texas,TX,48,4814,14,2025-03-27,2.7,2.77
Texas,TX,48,4815,15,2026-03-25,3.4,3.4
Texas,TX,48,4815,15,2026-03-20,3.53,3.53
Texas,TX,48,4815,15,2025-09-27,2.63,2.63
Texas,TX,48,4815,15,2025-03-27,2.76,2.83
Texas,TX,48,4816,16,2026-03-25,3.82,3.82
Texas,TX,48,4816,16,2026-03-20,3.92,3.92
Texas,TX,48,4816,16,2025-09-27,2.95,2.95
Texas,TX,48,4816,16,2025-03-27,2.86,2.93
Texas,TX,48,4817,17,2026-03-25,3.63,3.63
Texas,TX,48,4817,17,2026-03-20,3.64,3.64
Texas,TX,48,4817,17,2025-09-27,2.75,2.75
Texas,TX,48,4817,17,2025-03-27,2.69,2.75
Texas,TX,48,4818,18,2026-03-25,3.61,3.61
Texas,TX,48,4818,18,2026-03-20,3.52,3.52
Texas,TX,48,4818,18,2025-09-27,2.73,2.73
Texas,TX,48,4818,18,2025-03-27,2.76,2.82
Texas,TX,48,4819,19,2026-03-25,3.45,3.45
Texas,TX,48,4819,19,2026-03-20,3.35,3.35
Texas,TX,48,4819,19,2025-09-27,2.57,2.57
Texas,TX,48,4819,19,2025-03-27,2.63,2.69
Texas,TX,48,4820,20,2026-03-25,3.56,3.56
Texas,TX,48,4820,20,2026-03-20,3.66,3.66
Texas,TX,48,4820,20,2025-09-27,2.87,2.87
Texas,TX,48,4820,20,2025-03-27,2.72,2.78
Texas,TX,48,4821,21,2026-03-25,3.54,3.54
Texas,TX,48,4821,21,2026-03-20,3.6,3.6
Texas,TX,48,4821,21,2025-09-27,2.84,2.84
Texas,TX,48,4821,21,2025-03-27,2.68,2.74
Texas,TX,48,4822,22,2026-03-25,3.54,3.54
Texas,TX,48,4822,22,2026-03-20,3.48,3.48
Texas,TX,48,4822,22,2025-09-27,2.63,2.63
Texas,TX,48,4822,22,2025-03-27,2.7,2.76
Texas,TX,48,4823,23,2026-03-25,3.6,3.6
Texas,TX,48,4823,23,2026-03-20,3.62,3.62
Texas,TX,48,4823,23,2025-09-27,2.79,2.79
Texas,TX,48,4823,23,2025-03-27,2.76,2.82
Texas,TX,48,4824,24,2026-03-25,3.6,3.6
Texas,TX,48,4824,24,2026-03-20,3.69,3.69
Texas,TX,48,4824,24,2025-09-27,2.67,2.67
Texas,TX,48,4824,24,2025-03-27,2.85,2.91
Texas,TX,48,4825,25,2026-03-25,3.62,3.62
Texas,TX,48,4825,25,2026-03-20,3.63,3.63
Texas,TX,48,4825,25,2025-09-27,2.67,2.67
Texas,TX,48,4825,25,2025-03-27,2.79,2.85
Texas,TX,48,4826,26,2026-03-25,3.58,3.58
Texas,TX,48,4826,26,2026-03-20,3.69,3.69
Texas,TX,48,4826,26,2025-09-27,2.63,2.63
Texas,TX,48,4826,26,2025-03-27,2.82,2.89
Texas,TX,48,4827,27,2026-03-25,3.44,3.44
Texas,TX,48,4827,27,2026-03-20,3.52,3.52
Texas,TX,48,4827,27,2025-09-27,2.64,2.64
Texas,TX,48,4827,27,2025-03-27,2.76,2.82
Texas,TX,48,4828,28,2026-03-25,3.51,3.51
Texas,TX,48,4828,28,2026-03-20,3.58,3.58
Texas,TX,48,4828,28,2025-09-27,2.74,2.74
Texas,TX,48,4828,28,2025-03-27,2.69,2.75
Texas,TX,48,4829,29,2026-03-25,3.6,3.6
Texas,TX,48,4829,29,2026-03-20,3.5,3.5
Texas,TX,48,4829,29,2025-09-27,2.67,2.67
Texas,TX,48,4829,29,2025-03-27,2.72,2.78
Texas,TX,48,4830,30,2026-03-25,3.62,3.62
Texas,TX,48,4830,30,2026-03-20,3.7,3.7
Texas,TX,48,4830,30,2025-09-27,2.69,2.69
Texas,TX,48,4830,30,2025-03-27,2.84,2.91
Texas,TX,48,4831,31,2026-03-25,3.44,3.44
Texas,TX,48,4831,31,2026-03-20,3.49,3.49
Texas,TX,48,4831,31,2025-09-27,2.66,2.66
Texas,TX,48,4831,31,2025-03-27,2.55,2.61
Texas,TX,48,4832,32,2026-03-25,3.6,3.6
Texas,TX,48,4832,32,2026-03-20,3.69,3.69
Texas,TX,48,4832,32,2025-09-27,2.68,2.68
Texas,TX,48,4832,32,2025-03-27,2.84,2.9
Texas,TX,48,4833,33,2026-03-25,3.62,3.62
Texas,TX,48,4833,33,2026-03-20,3.69,3.69
Texas,TX,48,4833,33,2025-09-27,2.7,2.7
Texas,TX,48,4833,33,2025-03-27,2.85,2.91
Texas,TX,48,4834,34,2026-03-25,3.37,3.37
Texas,TX,48,4834,34,2026-03-20,3.51,3.51
Texas,TX,48,4834,34,2025-09-27,2.57,2.57
Texas,TX,48,4834,34,2025-03-27,2.79,2.85
Texas,TX,48,4835,35,2026-03-25,3.6,3.6
Texas,TX,48,4835,35,2026-03-20,3.68,3.68
Texas,TX,48,4835,35,2025-09-27,2.89,2.89
Texas,TX,48,4835,35,2025-03-27,2.74,2.8
Texas,TX,48,4836,36,2026-03-25,3.55,3.55
Texas,TX,48,4836,36,2026-03-20,3.48,3.48
Texas,TX,48,4836,36,2025-09-27,2.65,2.65
Texas,TX,48,4836,36,2025-03-27,2.69,2.75
Texas,TX,48,4837,37,2026-03-25,3.64,3.64
Texas,TX,48,4837,37,2026-03-20,3.68,3.68
Texas,TX,48,4837,37,2025-09-27,2.89,2.89
Texas,TX,48,4837,37,2025-03-27,2.75,2.81
Texas,TX,48,4838,38,2026-03-25,3.57,3.57
Texas,TX,48,4838,38,2026-03-20,3.51,3.51
Texas,TX,48,4838,38,2025-09-27,2.69,2.69
Texas,TX,48,4838,38,2025-03-27,2.74,2.81
Utah,UT,49,4901,01,2026-03-25,4.11,4.11
Utah,UT,49,4901,01,2026-03-20,3.8,3.8
Utah,UT,49,4901,01,2025-09-27,3.3,3.3
Utah,UT,49,4901,01,2025-03-27,3.1,3.17
Utah,UT,49,4902,02,2026-03-25,4.1,4.1
Utah,UT,49,4902,02,2026-03-20,3.81,3.81
Utah,UT,49,4902,02,2025-09-27,3.29,3.29
Utah,UT,49,4902,02,2025-03-27,3.13,3.2
Utah,UT,49,4903,03,2026-03-25,4.13,4.13
Utah,UT,49,4903,03,2026-03-20,3.84,3.84
Utah,UT,49,4903,03,2025-09-27,3.34,3.34
Utah,UT,49,4903,03,2025-03-27,3.14,3.21
Utah,UT,49,4904,04,2026-03-25,4.13,4.13
Utah,UT,49,4904,04,2026-03-20,3.84,3.84
Utah,UT,49,4904,04,2025-09-27,3.33,3.33
Utah,UT,49,4904,04,2025-03-27,3.12,3.19
Vermont,VT,50,5000,00,2026-03-25,3.46,3.46
Vermont,VT,50,5000,00,2026-03-20,3.33,3.33
Vermont,VT,50,5000,00,2025-09-27,2.85,2.85
Vermont,VT,50,5000,00,2025-03-27,2.78,2.84
Virginia,VA,51,5101,01,2026-03-25,3.63,3.63
Virginia,VA,51,5101,01,2026-03-20,3.52,3.52
Virginia,VA,51,5101,01,2025-09-27,2.78,2.78
Virginia,VA,51,5101,01,2025-03-27,2.77,2.83
Virginia,VA,51,5102,02,2026-03-25,3.71,3.71
Virginia,VA,51,5102,02,2026-03-20,3.6,3.6
Virginia,VA,51,5102,02,2025-09-27,2.87,2.87
Virginia,VA,51,5102,02,2025-03-27,2.87,2.93
Virginia,VA,51,5103,03,2026-03-25,3.89,3.89
Virginia,VA,51,5103,03,2026-03-20,3.78,3.78
Virginia,VA,51,5103,03,2025-09-27,2.98,2.98
Virginia,VA,51,5103,03,2025-03-27,3.01,3.07
Virginia,VA,51,5104,04,2026-03-25,3.76,3.76
Virginia,VA,51,5104,04,2026-03-20,3.62,3.62
Virginia,VA,51,5104,04,2025-09-27,2.87,2.87
Virginia,VA,51,5104,04,2025-03-27,2.85,2.91
Virginia,VA,51,5105,05,2026-03-25,3.48,3.48
Virginia,VA,51,5105,05,2026-03-20,3.29,3.29
Virginia,VA,51,5105,05,2025-09-27,2.63,2.63
Virginia,VA,51,5105,05,2025-03-27,2.62,2.68
Virginia,VA,51,5106,06,2026-03-25,3.45,3.45
Virginia,VA,51,5106,06,2026-03-20,3.28,3.28
Virginia,VA,51,5106,06,2025-09-27,2.61,2.61
Virginia,VA,51,5106,06,2025-03-27,2.62,2.68
Virginia,VA,51,5107,07,2026-03-25,3.72,3.72
Virginia,VA,51,5107,07,2026-03-20,3.56,3.56
Virginia,VA,51,5107,07,2025-09-27,2.8,2.8
Virginia,VA,51,5107,07,2025-03-27,2.83,2.89
Virginia,VA,51,5108,08,2026-03-25,4.04,4.04
Virginia,VA,51,5108,08,2026-03-20,3.88,3.88
Virginia,VA,51,5108,08,2025-09-27,3.08,3.08
Virginia,VA,51,5108,08,2025-03-27,3.1,3.17
Virginia,VA,51,5109,09,2026-03-25,3,3
Virginia,VA,51,5109,09,2026-03-20,2.9,2.9
Virginia,VA,51,5109,09,2025-09-27,2.37,2.37
Virginia,VA,51,5109,09,2025-03-27,2.28,2.34
Virginia,VA,51,5110,10,2026-03-25,3.85,3.85
Virginia,VA,51,5110,10,2026-03-20,3.74,3.74
Virginia,VA,51,5110,10,2025-09-27,2.87,2.87
Virginia,VA,51,5110,10,2025-03-27,2.93,3
Virginia,VA,51,5111,11,2026-03-25,4.07,4.07
Virginia,VA,51,5111,11,2026-03-20,3.92,3.92
Virginia,VA,51,5111,11,2025-09-27,3.08,3.08
Virginia,VA,51,5111,11,2025-03-27,3.15,3.22
Washington,WA,53,5301,01,2026-03-25,5.14,5.14
Washington,WA,53,5301,01,2026-03-20,5.29,5.29
Washington,WA,53,5301,01,2025-09-27,4.69,4.69
Washington,WA,53,5301,01,2025-03-27,4.23,4.33
Washington,WA,53,5302,02,2026-03-25,5.26,5.26
Washington,WA,53,5302,02,2026-03-20,5.16,5.16
Washington,WA,53,5302,02,2025-09-27,4.46,4.46
Washington,WA,53,5302,02,2025-03-27,4.09,4.18
Washington,WA,53,5303,03,2026-03-25,5.23,5.23
Washington,WA,53,5303,03,2026-03-20,5.14,5.14
Washington,WA,53,5303,03,2025-09-27,4.53,4.53
Washington,WA,53,5303,03,2025-03-27,4.05,4.14
Washington,WA,53,5304,04,2026-03-25,4.95,4.95
Washington,WA,53,5304,04,2026-03-20,4.9,4.9
Washington,WA,53,5304,04,2025-09-27,4.29,4.29
Washington,WA,53,5304,04,2025-03-27,3.85,3.94
Washington,WA,53,5305,05,2026-03-25,4.77,4.77
Washington,WA,53,5305,05,2026-03-20,4.74,4.74
Washington,WA,53,5305,05,2025-09-27,4.11,4.11
Washington,WA,53,5305,05,2025-03-27,3.7,3.78
Washington,WA,53,5306,06,2026-03-25,5.28,5.28
Washington,WA,53,5306,06,2026-03-20,5.14,5.14
Washington,WA,53,5306,06,2025-09-27,4.55,4.55
Washington,WA,53,5306,06,2025-03-27,4.14,4.24
Washington,WA,53,5307,07,2026-03-25,5.68,5.68
Washington,WA,53,5307,07,2026-03-20,5.58,5.58
Washington,WA,53,5307,07,2025-09-27,4.93,4.93
Washington,WA,53,5307,07,2025-03-27,4.53,4.64
Washington,WA,53,5308,08,2026-03-25,5.34,5.34
Washington,WA,53,5308,08,2026-03-20,5.22,5.22
Washington,WA,53,5308,08,2025-09-27,4.57,4.57
Washington,WA,53,5308,08,2025-03-27,4.14,4.23
Washington,WA,53,5309,09,2026-03-25,5.63,5.63
Washington,WA,53,5309,09,2026-03-20,5.49,5.49
Washington,WA,53,5309,09,2025-09-27,4.86,4.86
Washington,WA,53,5309,09,2025-03-27,4.4,4.5
Washington,WA,53,5310,10,2026-03-25,5.41,5.41
Washington,WA,53,5310,10,2026-03-20,5.3,5.3
Washington,WA,53,5310,10,2025-09-27,4.64,4.64
Washington,WA,53,5310,10,2025-03-27,4.2,4.29
West Virginia,WV,54,5401,01,2026-03-25,3.33,3.33
West Virginia,WV,54,5401,01,2026-03-20,3.24,3.24
West Virginia,WV,54,5401,01,2025-09-27,2.61,2.61
West Virginia,WV,54,5401,01,2025-03-27,2.55,2.61
West Virginia,WV,54,5402,02,2026-03-25,3.49,3.49
West Virginia,WV,54,5402,02,2026-03-20,3.38,3.38
West Virginia,WV,54,5402,02,2025-09-27,2.76,2.76
West Virginia,WV,54,5402,02,2025-03-27,2.8,2.87
Wisconsin,WI,55,5501,01,2026-03-25,3.66,3.66
Wisconsin,WI,55,5501,01,2026-03-20,3.58,3.58
Wisconsin,WI,55,5501,01,2025-09-27,2.83,2.83
Wisconsin,WI,55,5501,01,2025-03-27,3.03,3.1
Wisconsin,WI,55,5502,02,2026-03-25,3.66,3.66
Wisconsin,WI,55,5502,02,2026-03-20,3.55,3.55
Wisconsin,WI,55,5502,02,2025-09-27,2.87,2.87
Wisconsin,WI,55,5502,02,2025-03-27,3.02,3.09
Wisconsin,WI,55,5503,03,2026-03-25,3.22,3.22
Wisconsin,WI,55,5503,03,2026-03-20,3.3,3.3
Wisconsin,WI,55,5503,03,2025-09-27,2.73,2.73
Wisconsin,WI,55,5503,03,2025-03-27,2.86,2.92
Wisconsin,WI,55,5504,04,2026-03-25,3.8,3.8
Wisconsin,WI,55,5504,04,2026-03-20,3.63,3.63
Wisconsin,WI,55,5504,04,2025-09-27,2.91,2.91
Wisconsin,WI,55,5504,04,2025-03-27,3.02,3.09
Wisconsin,WI,55,5505,05,2026-03-25,3.63,3.63
Wisconsin,WI,55,5505,05,2026-03-20,3.56,3.56
Wisconsin,WI,55,5505,05,2025-09-27,2.83,2.83
Wisconsin,WI,55,5505,05,2025-03-27,3.02,3.08
Wisconsin,WI,55,5506,06,2026-03-25,3.64,3.64
Wisconsin,WI,55,5506,06,2026-03-20,3.59,3.59
Wisconsin,WI,55,5506,06,2025-09-27,2.83,2.83
Wisconsin,WI,55,5506,06,2025-03-27,3.01,3.07
Wisconsin,WI,55,5507,07,2026-03-25,3.37,3.37
Wisconsin,WI,55,5507,07,2026-03-20,3.38,3.38
Wisconsin,WI,55,5507,07,2025-09-27,2.7,2.7
Wisconsin,WI,55,5507,07,2025-03-27,2.91,2.98
Wisconsin,WI,55,5508,08,2026-03-25,3.65,3.65
Wisconsin,WI,55,5508,08,2026-03-20,3.63,3.63
Wisconsin,WI,55,5508,08,2025-09-27,2.8,2.8
Wisconsin,WI,55,5508,08,2025-03-27,2.97,3.04
Wyoming,WY,56,5600,00,2026-03-25,3.68,3.68
Wyoming,WY,56,5600,00,2026-03-20,3.54,3.54
Wyoming,WY,56,5600,00,2025-09-27,2.92,2.92
Wyoming,WY,56,5600,00,2025-03-27,2.99,3.05
